1.163884485624315346e+00,7.683300885149794979e-02,4.403924728369216224e-01,1.236978474715414222e+00,3.372702648609274267e-02,-2.923661150328128386e-02,-8.349199113295327490e-02
1.164381826724055102e+00,7.823815125095055778e-02,4.463540161842405318e-01,1.236913277591131788e+00,1.565031793070882984e-02,-3.378393157862741303e-02,-8.345785944819712754e-02
1.164652803390618274e+00,8.189283015639174657e-02,4.469722367147107578e-01,1.236933005073659331e+00,9.041554609785385638e-03,-3.316315511465135757e-02,-8.409512409202271610e-02
1.166855563523941930e+00,9.681710810031046721e-02,4.413890456151783326e-01,1.237050525775339915e+00,-3.727618465230221351e-03,2.232488887343510864e-01,-7.977153974219622357e-02
1.159313689299708239e+00,1.076212648477983813e-01,4.576851068111055798e-01,1.237246890957963252e+00,2.510293424301898724e-01,1.818735541984514426e-01,-8.906009480490310881e-02
1.165627082009782933e+00,8.487950527263085632e-02,4.498905335481654943e-01,1.236895684628366077e+00,2.154006354755766406e-03,-4.559154949120896444e-02,-8.424707030413902675e-02
1.159296281071716672e+00,1.234835547189359756e-01,4.595735735064730987e-01,1.237360093909226189e+00,2.696017897129434626e-01,1.867080425177136682e-01,-8.922322248112000975e-02
1.166375044482051759e+00,1.139919412974714913e-01,4.374793766869541911e-01,1.237259291169070297e+00,-2.168384082593844547e-02,2.374843878266085229e-01,-7.805961409511601168e-02
1.174323111093332761e+00,8.860945045706693224e-02,4.032274724273027244e-01,1.237039561709944779e+00,-2.600100453763103392e-01,2.706991501501391229e-01,-7.638145672112600648e-02
1.162929918232658899e+00,7.494202459836053765e-02,4.372835870230130650e-01,1.237025185239548852e+00,4.298809022354325993e-02,-2.805647246308061726e-01,-8.723098617923778775e-02
1.164510920547286998e+00,6.308188661412950093e-02,4.358484181627055865e-01,1.236859842470162674e+00,2.451799998314421747e-02,-1.042316155470245261e-02,-8.393278637823338439e-02
1.167090183314261287e+00,5.816359509861315780e-02,4.185258717345626267e-01,1.236877031246503389e+00,-1.620534275716497066e-02,2.200977984179761093e-01,-8.965721879154220364e-02
1.164897065962048339e+00,4.822749836495355408e-02,4.125164819882967127e-01,1.236903390236354428e+00,-1.421450727175635996e-02,-2.810606153430143112e-02,-8.516628973096060373e-02
1.165778734415626960e+00,6.167761125671777922e-02,3.983232891728821223e-01,1.237138833816259886e+00,1.252558837195089699e-03,-5.180989779355162084e-02,-8.584611343124877447e-02
1.166807454238891761e+00,9.364432795006839838e-02,3.839254665370129826e-01,1.237532819341001789e+00,-1.306288246915487603e-02,2.268773246415865252e-01,-8.132504963160047673e-02
1.165121469021170864e+00,9.165362999207715688e-02,3.889621033879782086e-01,1.237537894672001038e+00,1.272680438246088933e-03,-3.958494116895624332e-02,-8.486118995983427116e-02
1.164976751860239634e+00,1.029208428216351057e-01,3.851888795428398682e-01,1.237675442531909198e+00,3.074208884698222816e-03,-3.586098515528890474e-02,-8.477158130349460308e-02
1.172328527765776229e+00,8.704502195115122742e-02,3.628717174508105381e-01,1.237408380256558971e+00,-2.466950078848754169e-01,1.402240551824868176e-02,-7.324742899268990581e-02
1.165039649665791988e+00,1.002665776545040993e-01,3.742378964328279545e-01,1.237730262802437364e+00,2.013402928950572268e-02,-3.664137339221847089e-02,-8.225017276823858026e-02
1.164892877988793485e+00,1.112695226291095379e-01,3.825135256208372914e-01,1.237771806710011413e+00,1.648100102821674698e-02,-3.580709139859970802e-02,-8.280190389950688179e-02
1.164767942307203707e+00,1.206497488034543458e-01,3.879538482788739140e-01,1.237813439924977166e+00,1.439302223572162635e-02,-3.491061850684986506e-02,-8.331438606968842586e-02
1.163844581312266646e+00,1.126685927036108203e-01,3.943271521011091907e-01,1.237730017821809581e+00,1.420198403302210151e-02,-1.146251547390633729e-02,-8.323034241396219668e-02
1.155270328095376664e+00,7.550814342660594480e-02,3.986385128318459259e-01,1.237646991064899060e+00,2.371878154635759239e-01,-3.219253750232664579e-02,-9.388405900593464748e-02
1.169267525086786552e+00,5.911597863191849801e-03,3.511754856628412913e-01,1.236689446276550974e+00,-2.504686026575747571e-01,-2.194470673605584121e-01,-8.079052900457989184e-02
1.165746272407468975e+00,1.239690746256356425e-02,3.295409491266678703e-01,1.237026578524538456e+00,-1.449138849679489603e-02,2.486896321289513712e-01,-7.929125251892234216e-02
1.162186051952323496e+00,-2.469004313677345894e-02,3.449564516417158999e-01,1.236573705480755736e+00,9.961101288630640205e-03,-2.727765961293652230e-01,-7.728652133598622187e-02
1.163971676554043544e+00,-2.904420110749275294e-02,3.281315255500536487e-01,1.236539175123017475e+00,2.514067167055488577e-02,-1.326382054924504263e-02,-8.175882066433805273e-02
1.164389026193066057e+00,-3.911283651009929418e-02,3.367374588481661379e-01,1.236331923991164983e+00,5.695736902268648538e-02,-1.533153812376618873e-02,-8.389649314184359497e-02
1.164879048416795460e+00,-4.741262464574006602e-02,3.660199900530576866e-01,1.236010556600626975e+00,5.363260842546303808e-02,-1.893639050885901481e-02,-8.415019588209968204e-02
1.165293993532251049e+00,-5.448531185553377731e-02,3.903966368454007685e-01,1.235708589739965779e+00,4.826822228935021691e-02,-2.152821797490461764e-02,-8.436769045832197278e-02
1.164084872262640458e+00,-6.735842434897243436e-02,4.195861008289471505e-01,1.235301762256139302e+00,5.603966216945977658e-02,-2.910543439685036593e-01,-8.866117178711188651e-02
1.158672919627155906e+00,-1.826506631407127587e-02,4.279199802243824347e-01,1.236148117158560877e+00,2.515823449841764758e-01,-9.203913414697455220e-02,-8.328001992634985473e-02
1.175377530154133376e+00,-7.330910476033562122e-04,3.694314888056250412e-01,1.236242710062710026e+00,-2.680807494361501786e-01,2.449887912894800901e-01,-7.765423796089297725e-02
1.164348205947057791e+00,2.300333253410119169e-02,4.011895086113265729e-01,1.236726034000138030e+00,2.940955243616786771e-02,-3.233574589472400507e-01,-8.722182948473004849e-02
1.172348742889864015e+00,3.695088820783172523e-02,3.735935144704435329e-01,1.236802520760856838e+00,-2.453613706869176847e-01,8.317647443548226854e-03,-8.311582152460456063e-02
1.159253496919458559e+00,7.876449947654479145e-02,4.019996903095052754e-01,1.237516958403421796e+00,2.445358676609129533e-01,1.780326379255612046e-01,-8.934626614796942201e-02
1.170483009857339107e+00,4.018381570932831603e-02,3.930090814088622042e-01,1.236766116955369199e+00,-2.458859937958078890e-01,-2.494062815288166646e-01,-7.920003001470853066e-02
1.166681328414150620e+00,7.420938026824042133e-02,3.853489859522282734e-01,1.237338140580620971e+00,-1.834521931193705199e-02,2.249674424767934000e-01,-7.986664161402172446e-02
1.156923921348037343e+00,7.803672490926176486e-02,4.078540023832511463e-01,1.237539261062470475e+00,2.568352575886418965e-01,-7.045035826468308560e-02,-9.391520266392575089e-02
1.164253856332921666e+00,6.841332354384527248e-02,3.893696556537231124e-01,1.237337233854769680e+00,9.966499969173571449e-03,-1.748260616552607324e-02,-8.407145613268965367e-02
1.166904431711262902e+00,8.176872101791581027e-02,3.844159865240329155e-01,1.237412111351626987e+00,8.518005945173696622e-03,2.230158311249068603e-01,-7.748804203145182035e-02
1.172323312181023702e+00,5.890557446885645587e-02,3.797616926096668566e-01,1.237004352962729925e+00,-2.376873420350604782e-01,5.965358768580483577e-03,-8.106138333948348373e-02
1.156353664250248992e+00,6.452121863186852102e-02,4.158264473761617563e-01,1.237349811919831621e+00,2.516290932334148134e-01,-5.770804459037560952e-02,-9.457027540193595205e-02
1.164448555429071552e+00,4.187202493365930339e-02,3.953378687505899047e-01,1.236993644029886541e+00,1.470492002754097895e-04,-2.243751852900522162e-02,-8.796921405241207859e-02
1.167245026361679372e+00,5.926593635727481213e-02,3.866177783341065988e-01,1.237151754013972482e+00,2.210423474333626792e-02,2.214430805024754922e-01,-8.170970036598747266e-02
1.163292981143100313e+00,5.002630750242308133e-02,4.290405749879729891e-01,1.236829064681132850e+00,4.093437824205597986e-02,-2.875079938349176523e-01,-7.823601694455659117e-02
1.165116941318275590e+00,6.502225195739701202e-02,4.287660677253519181e-01,1.236927169180428221e+00,2.880294106948282085e-02,-3.439146793705116084e-02,-8.149835571737872042e-02
1.164882289983826702e+00,7.609783098414139857e-02,4.194380668385158661e-01,1.237136908609046682e+00,-2.274009168427934199e-02,-4.174973923795209652e-02,-8.434561645937387053e-02
1.164297614696125693e+00,8.154344100003395324e-02,3.910988277833719051e-01,1.237454261727111593e+00,-4.887743602269511295e-02,-3.094950623516240854e-02,-8.668389428259777596e-02
1.162614116401709863e+00,7.187328998846768957e-02,3.648599544841440445e-01,1.237610261913394405e+00,-3.507942722333712293e-02,-2.872825136204085195e-01,-7.956835510320670046e-02
1.164100648967912655e+00,7.571952889890874727e-02,3.188665352731884783e-01,1.237857422678279695e+00,-3.660221890475399975e-02,-2.073869676518136362e-02,-8.294932536512565624e-02
1.164616552271230399e+00,8.021125425833487699e-02,2.915457771019711042e-01,1.237993889010242654e+00,-2.525127576429489918e-03,-2.731514189015938829e-02,-8.286477050834639702e-02
1.164702682876474160e+00,8.509661271088156398e-02,2.961905972174006529e-01,1.238021938418591095e+00,9.398076864839798733e-03,-2.771738370017641159e-02,-8.322791852832360504e-02
1.164659613438233210e+00,8.833010242918719335e-02,3.017794516117187631e-01,1.238033437480622778e+00,7.833415019538112270e-03,-2.714078704634755729e-02,-8.350237732609022689e-02
1.164670655285781953e+00,9.155366178035388713e-02,3.059680703296586701e-01,1.238046794360617042e+00,7.045185029800176899e-03,-2.766304640166575290e-02,-8.370998549813002398e-02
1.164676383513050251e+00,9.426448749445257014e-02,3.096562098644617400e-01,1.238056513082578913e+00,5.691802413450394726e-03,-2.808375595765934263e-02,-8.416201949144398731e-02
1.164669292168642345e+00,9.669609597012784885e-02,3.120821940949655704e-01,1.238068761735390710e+00,4.813705175013277895e-03,-2.783319247823339698e-02,-8.439246643163429706e-02
1.164666792800969519e+00,9.907068800147722509e-02,3.143690830980915840e-01,1.238080438536067307e+00,5.118121790946341190e-03,-2.751850827384211620e-02,-8.443257262750730741e-02
1.163834096808949559e+00,9.430492728403487568e-02,3.295134284659823054e-01,1.237994347118378968e+00,4.277662166825367540e-02,-1.575922629120949129e-03,-8.415764798917567402e-02
1.173785972471424355e+00,6.387027633679091820e-02,3.218583312779475514e-01,1.237352115562276422e+00,-2.402565094212468777e-01,2.814029450458155335e-01,-8.032424142438032710e-02
1.156763547799440905e+00,6.264799583102895197e-02,3.774342459471929367e-01,1.237629282469036252e+00,2.930527804292921146e-01,-5.241931356586040230e-02,-8.233670389104195964e-02
1.158917113981106750e+00,6.756816496093581703e-02,3.673815393862298051e-01,1.237678607561157662e+00,2.313113450832047779e-01,1.841489157331432924e-01,-8.752667146898690520e-02
1.173014828740690296e+00,5.176562348811357406e-02,3.397976180348065700e-01,1.237159076785094847e+00,-2.584275211478561096e-01,-8.287498964634314180e-03,-7.381341005640408570e-02
1.165119773730093122e+00,8.935352176336784635e-02,3.534145318524850587e-01,1.237765424400202319e+00,-3.149014310015583844e-03,-4.545727133124557312e-02,-8.443689075741872552e-02
1.167065458273993439e+00,1.231310330394813357e-01,3.348213405976561141e-01,1.238097603702627447e+00,-2.335946891321476898e-02,2.062068093690798409e-01,-8.947228918278515852e-02
1.170844852442698203e+00,1.165795464905732964e-01,3.353000085081511150e-01,1.237897074354666005e+00,-2.455084050336262536e-01,-2.584176271932404068e-01,-7.949824133888673539e-02
1.155135077805309773e+00,1.521426585606719117e-01,3.688836220428010071e-01,1.238525632218129058e+00,2.590141866990917641e-01,-3.253648561721358967e-01,-8.925556809298426653e-02
1.159078875877319392e+00,1.763435732610094397e-01,3.448868604280556638e-01,1.238700071269398739e+00,2.231814356406794098e-01,1.818205925455352867e-01,-8.990991588469354756e-02
1.170643736189973083e+00,1.495330404860500673e-01,3.252015329316664816e-01,1.238210059649882178e+00,-2.317339035125923485e-01,-2.470759376575570043e-01,-7.826431220151504331e-02
1.159449499332979139e+00,1.965306151953502278e-01,3.373218072582153115e-01,1.238840644911813449e+00,2.202938124086962213e-01,1.748530284594940476e-01,-8.937898888978978995e-02
1.171214137032362546e+00,1.650566248484037490e-01,3.197686676526135252e-01,1.238317765202342935e+00,-2.549920614472297453e-01,-2.624846482008511561e-01,-7.942607326079935415e-02
1.154848319589405481e+00,1.875471566318392957e-01,3.533741499265961594e-01,1.238854818406545544e+00,2.562937622216677758e-01,-3.113570465386706898e-01,-8.901980876138607113e-02
1.166719883967531901e+00,1.870464469181126743e-01,3.147200239275174116e-01,1.238642112423200325e+00,-1.992126484107175841e-02,2.319544506969718756e-01,-7.997911271366137109e-02
1.162928428969625338e+00,1.662287494853588454e-01,3.424080520092678270e-01,1.238517323389380920e+00,2.590740106442639828e-02,-2.792093915996530229e-01,-7.875142160186462958e-02
1.159086187062641216e+00,1.921539965546726902e-01,3.391736783527332655e-01,1.238820395608732250e+00,2.439620959973632930e-01,1.867232686960599852e-01,-8.917359505784686058e-02
1.170790879259369310e+00,1.508432494786338396e-01,3.269644316498347414e-01,1.238204701646556050e+00,-2.346383352845943793e-01,-2.518383779875548178e-01,-7.922321265908800758e-02
1.158189326880110004e+00,1.796633214884025276e-01,3.447058220245835525e-01,1.238750948858441170e+00,2.502779724324531996e-01,2.088812660833659629e-01,-8.883197598612532775e-02
1.164607898779985495e+00,1.443116611518983072e-01,3.410249540724407114e-01,1.238316227153969828e+00,1.099958447574771571e-03,-2.633366892836672135e-02,-8.415074125212020084e-02
1.164181240607938150e+00,1.311803297028769077e-01,3.375238355330221207e-01,1.238253032754924821e+00,-1.959935468704504784e-03,-1.542897437932648844e-02,-8.435599411143722415e-02
1.166914229730293018e+00,1.362357169205078156e-01,3.258686403977029133e-01,1.238251994623493113e+00,-1.211790625364369579e-02,2.215304908696728026e-01,-7.836322907074785848e-02
1.172386551151020528e+00,1.129060957070936039e-01,3.130952434282603947e-01,1.237914595481414581e+00,-2.459012265069698555e-01,6.181666708966905739e-03,-8.274979847798902277e-02
1.156993039389411670e+00,1.407363201476962977e-01,3.521025556358870490e-01,1.238491974150765174e+00,2.556003580356698279e-01,-7.066271311567864921e-02,-9.544829815495445291e-02
1.166581019892836135e+00,1.437612457507221608e-01,3.255920521997635042e-01,1.238321408668182411e+00,8.274655854635909035e-04,2.336362973961566558e-01,-8.272544261900302565e-02
1.164344094434730081e+00,1.261504375893948149e-01,3.302199498577652048e-01,1.238246543193672222e+00,-1.814656421029636757e-02,-1.948221614431099730e-02,-8.521734282470672106e-02
1.162376490156907582e+00,1.026400900391096077e-01,3.377450655199671359e-01,1.238078779952446418e+00,2.173853049374401686e-02,-2.671497516453108512e-01,-7.854445591703990148e-02
1.164089529048386362e+00,9.688450589975033944e-02,3.309606382242430422e-01,1.238001378233498428e+00,1.125393726686960832e-02,-1.112351241921813970e-02,-8.207397996177043242e-02
1.164162998330188659e+00,7.876038416488145844e-02,3.354007238896806742e-01,1.237802289632980113e+00,1.175271199406742635e-02,-1.500443382006968335e-02,-8.263723208236438411e-02
1.164328867894738551e+00,7.235291283203446056e-02,3.392640124607291807e-01,1.237710690731264940e+00,9.875635568790725252e-03,-2.066753396533028975e-02,-8.262562408972308481e-02
1.164457149686844328e+00,6.856696865473199676e-02,3.420761552447632026e-01,1.237651335227056837e+00,9.192491714708860354e-03,-2.498376090868854871e-02,-8.289884878730753581e-02
1.164482109623738548e+00,6.584399605630160413e-02,3.448214923475549365e-01,1.237606312018758814e+00,8.359315097318282747e-03,-2.642928061885449487e-02,-8.324350772952159028e-02
1.165680310451100432e+00,9.291156441889847351e-02,3.450912297140695251e-01,1.237828388934709034e+00,6.196291961618181389e-03,-5.795018346346387378e-02,-8.267045988118174038e-02
1.165355021693406101e+00,1.258582486541033052e-01,3.497351870807304808e-01,1.238097800109751345e+00,4.521423788726711655e-03,-5.123567754484840281e-02,-8.302819278538514647e-02
1.165077074265178592e+00,1.494533513898424482e-01,3.425777586069122527e-01,1.238326766196131912e+00,-2.420980106647384333e-02,-4.706134881495618177e-02,-8.419787186101136689e-02
1.157259581672517745e+00,1.794920697132601217e-01,3.444506006242407103e-01,1.238782995002215115e+00,2.189522507859851530e-01,-8.260094157973740803e-02,-9.442703041226445382e-02
1.165269163951101250e+00,1.838054633420633521e-01,3.013807080693342577e-01,1.238733585602975973e+00,-4.636482774035186050e-02,-3.967026110644442105e-02,-8.574451194577757673e-02
1.165668873544005724e+00,1.971999283214240783e-01,2.751445044414621011e-01,1.238876212612390892e+00,-4.248878039072102875e-02,-3.698148782676784208e-02,-8.553150025179903637e-02
1.166058437716950058e+00,2.082348043405833349e-01,2.530168064642845938e-01,1.238963584612550850e+00,-3.824447231110934126e-02,-3.430970701180843796e-02,-8.552583460749389743e-02
1.166416254489950566e+00,2.174917533212683829e-01,2.351348160314857549e-01,1.239014283015763329e+00,-3.514465617774200495e-02,-3.204894527901509804e-02,-8.557369637639072879e-02
1.166736889270056921e+00,2.249158551119328775e-01,2.201826901564781502e-01,1.239040899511690164e+00,-3.242489465088905370e-02,-2.986881240115466310e-02,-8.551239633615484448e-02
1.172631360977280268e+00,2.090927558879976111e-01,2.133289360335539064e-01,1.238748454852803382e+00,-2.478930901252413277e-01,-2.453932441679030074e-01,-8.010278788096827918e-02
1.160550345575465991e+00,2.408341969558120410e-01,2.356075510222198632e-01,1.239312237698515728e+00,2.576270651805646628e-01,1.995340595191163191e-01,-8.914584569878800102e-02
1.163764811470300309e+00,2.047328844862041919e-01,2.546673948960745393e-01,1.239028362627434765e+00,5.409596991563445090e-03,-2.721624438107446142e-01,-8.820500696749905556e-02
1.173844837327494783e+00,1.996417576025597829e-01,2.261589070418000280e-01,1.238652729098965288e+00,-2.523921497713728646e-01,1.521711498075561941e-02,-7.401280742996452222e-02
1.159753254039288972e+00,2.177730460616345565e-01,2.541765549220815767e-01,1.239229451797390080e+00,2.312658402110924216e-01,2.019324501770627667e-01,-8.887998534525232142e-02
1.163335746217109223e+00,1.749364030004496029e-01,2.610973102725572814e-01,1.238872444244051518e+00,1.159961889965432664e-03,-2.733372268448489018e-01,-8.923423967301685744e-02
1.166760645377905137e+00,1.838970849747076086e-01,2.355413501130349807e-01,1.238836781056614988e+00,-1.862399507485006100e-02,2.481405554836833005e-01,-8.994929493969572309e-02
1.165313404928991714e+00,1.612214814502018478e-01,2.531245555521434154e-01,1.238730066823597209e+00,-2.663735308474345868e-03,-2.215046130516376902e-02,-8.535477451148616723e-02
1.171009004352602467e+00,1.358179806969234404e-01,2.509420960167957904e-01,1.238339497751709262e+00,-2.344590826717661280e-01,-2.379168543272351666e-01,-7.921677435398026546e-02
1.159630601135809513e+00,1.726883144866331321e-01,2.638814056503537286e-01,1.238983926150218018e+00,2.486835013762699331e-01,1.924175737471471026e-01,-8.902027548478991248e-02
1.163116814437283431e+00,1.402240239250810427e-01,2.757967126753674281e-01,1.238613735567218210e+00,1.020368410167120377e-02,-2.797306540247388451e-01,-8.787344573735328401e-02
1.167091805933662796e+00,1.592238594439273069e-01,2.540655467091863517e-01,1.238649384392370933e+00,1.143585376991567868e-03,2.299320256491242387e-01,-8.894036824127218854e-02
1.163099771808688621e+00,1.355701140616236144e-01,2.861612685147921220e-01,1.238548884344859990e+00,7.297638015054647154e-03,-2.835602329449771752e-01,-8.883569494346849060e-02
1.170850792849439603e+00,1.262354933909278498e-01,2.731165769314045089e-01,1.238224498864366918e+00,-2.282994517690433711e-01,-2.415927264364249871e-01,-7.903343649786655212e-02
1.159296469584042644e+00,1.644399171408363058e-01,2.884753887277964890e-01,1.238876755542965613e+00,2.281372725068701313e-01,1.896215797183506691e-01,-8.985577772427860710e-02
1.174607362826400658e+00,1.419461505198109930e-01,2.529289913934832379e-01,1.238239443363858161e+00,-2.773800331835274968e-01,2.681357359033197940e-01,-7.999350752443806778e-02
1.157567207961488043e+00,1.614403857178131063e-01,3.036412623943964273e-01,1.238861425668815297e+00,2.633472176892914796e-01,-6.495588082207087721e-02,-8.436554092365919355e-02
1.159470031335007256e+00,1.692561097312968998e-01,2.928867301317810146e-01,1.238886046006803632e+00,2.165146856201463910e-01,1.833645873515355462e-01,-8.997685769476833351e-02
1.171559308676133337e+00,1.359274260076365204e-01,2.790759676904154829e-01,1.238255736973463250e+00,-2.307443504064757289e-01,-2.601446214498182585e-01,-7.880178791462062737e-02
1.159184871285805718e+00,1.863494931561502921e-01,3.061281031690643584e-01,1.238945402485805092e+00,2.676464363212308073e-01,1.964786518986011143e-01,-8.905699985989710965e-02
1.167429710371256979e+00,1.864215107081132194e-01,2.969761868264705340e-01,1.238684442247769635e+00,-3.887113967046597340e-02,2.164536906932719162e-01,-8.048312673642568638e-02
1.171373068922832106e+00,1.777761186299156027e-01,2.942400060284023344e-01,1.238494481715836981e+00,-2.304975686649303745e-01,-2.533286953671594621e-01,-7.912440958987344841e-02
1.159906546930392857e+00,2.350747680388708405e-01,3.169232085886140027e-01,1.239091934026630204e+00,2.571072572213069507e-01,1.786739967886320779e-01,-8.946511287098843357e-02
1.165565993914740694e+00,2.217777675458436903e-01,3.206790606173442471e-01,1.238822014048983622e+00,-1.842132957403548946e-02,-4.191342393480727846e-02,-8.486566398218045593e-02
1.171212463234563073e+00,2.119327542686199328e-01,3.120571706178785210e-01,1.238605596620765859e+00,-2.464135156132329640e-01,-2.538568371592878070e-01,-7.918384163919993390e-02
1.163791238024374008e+00,2.463340608499451356e-01,3.280181955407031613e-01,1.238937253552423678e+00,1.060528022713246206e-02,-2.905032581541455161e-01,-7.939305680847738578e-02
1.159892457435313329e+00,2.823069743968765200e-01,3.222761715322122744e-01,1.239185675945294163e+00,2.240328353222371394e-01,1.784483267603446666e-01,-8.971783804142463570e-02
1.170757608494277680e+00,2.358843882672902181e-01,3.062223539413940765e-01,1.238742210388889209e+00,-2.622736149931192418e-01,-2.378912756107073034e-01,-7.893180109553331325e-02
1.155093713654613552e+00,2.410948887909681038e-01,3.289219186656611726e-01,1.239216933942888899e+00,2.390202982380329744e-01,-3.029314994813386286e-01,-8.918445216923148733e-02
1.174822770186811693e+00,2.258501376968371499e-01,2.557022139104003777e-01,1.238694334773269068e+00,-2.982065659543942648e-01,2.746249396241896568e-01,-7.981092359028787997e-02
1.165873743799115125e+00,2.304202778139709251e-01,2.789777602455402739e-01,1.239002541566337712e+00,-8.974354491183384255e-03,-2.968105648444478370e-02,-8.463049799116111049e-02
1.165249836514306025e+00,2.284778478560572923e-01,2.866885664743890061e-01,1.238994866920017701e+00,-2.208727487365253796e-03,-1.625851368376844686e-02,-8.481163139199934808e-02
1.167404647311335975e+00,2.366209041423648907e-01,2.871798757625972365e-01,1.238942440302689185e+00,-7.964375857007264733e-03,2.305565572432191346e-01,-7.834735057157291016e-02
1.163182246588412960e+00,2.032823515932190850e-01,3.168667758459837724e-01,1.238845070070523580e+00,2.737028465884992420e-02,-2.751552350713669659e-01,-7.801693855663867361e-02
1.157443303323441919e+00,2.167967371507530105e-01,3.167229173411361121e-01,1.239106868663533589e+00,2.182974331357772635e-01,-6.966414489371788865e-02,-9.617834898444413416e-02
1.173149730881283714e+00,1.979280039432073091e-01,2.663320207510347926e-01,1.238615546606104845e+00,-2.615285541500496636e-01,9.302649925594236313e-03,-8.831034967013096093e-02
1.163324210729716146e+00,1.990040602124566460e-01,3.034383813823424147e-01,1.238876416564275385e+00,1.033939055183364687e-02,-2.724011715294506475e-01,-8.075163275620450554e-02
1.162883988733502738e+00,1.881350425414673455e-01,3.095572877774844800e-01,1.238810778729193096e+00,9.984133341678315052e-03,-2.654218355068911350e-01,-7.796816909535767004e-02
1.166888728027083211e+00,1.958158773961250487e-01,2.877660747750393488e-01,1.238786312096214814e+00,-1.449172508373013611e-02,2.375284683268987229e-01,-7.665731451374863115e-02
1.172126141679419309e+00,1.609095719352452991e-01,2.799134388552018127e-01,1.238407050670976783e+00,-2.870271293516516997e-01,1.953123664692992673e-02,-8.333189217951610106e-02
1.163515755685534225e+00,1.584472180581389666e-01,2.985627776788280507e-01,1.238653294171454755e+00,-1.707667342576593998e-03,-2.881765169709769592e-01,-8.130850652150051205e-02
1.164899597912249396e+00,1.597221989453460889e-01,2.789478654826712534e-01,1.238676307780265162e+00,-2.415320375027300848e-02,-2.062660154531971435e-02,-8.687682339431979095e-02
1.165642811161827774e+00,1.681762807039660634e-01,2.661437603283832165e-01,1.238736183998592422e+00,-2.378382430233807673e-02,-3.367518537840628184e-02,-8.540555763567983516e-02
1.167660378082546524e+00,1.926658914640673459e-01,2.458134732410689749e-01,1.238838607337091169e+00,-3.466791100663410563e-02,2.289134935257778614e-01,-7.898495649071091140e-02
1.165250124642566387e+00,1.755031684613165832e-01,2.492557848876073012e-01,1.238827520618037470e+00,-2.054684440446635438e-02,-1.725342661692113103e-02,-8.305877726155162788e-02
1.157594334367596955e+00,1.789856695617153548e-01,2.649344636258429975e-01,1.239088584734963305e+00,2.701333856009487944e-01,-5.819253823758079730e-02,-9.304242714831958971e-02
1.172810750851106532e+00,1.514381364179294420e-01,2.476717514772198148e-01,1.238386964069575491e+00,-2.159278309240586780e-01,1.806470640330292907e-02,-8.520651952102149818e-02
1.166061336780204405e+00,1.697838611873790648e-01,2.790483800420117677e-01,1.238697336141223460e+00,1.385004672838020768e-03,-4.620302388390462589e-02,-8.595479011327847307e-02
1.166007368347776296e+00,1.922376005813581645e-01,2.863707068474674045e-01,1.238805104247879596e+00,-1.391817137673940878e-03,-4.230467813426407736e-02,-8.614843641916086758e-02
1.165980194818371452e+00,2.109555003013999508e-01,2.919513313496034379e-01,1.238878407188091391e+00,-3.588478289376422978e-03,-3.972614069806725684e-02,-8.613869316348099492e-02
1.165982864878042813e+00,2.266832738887384902e-01,2.966107771362279100e-01,1.238926944915435202e+00,-5.364890283363969205e-03,-3.844878021689835529e-02,-8.611634713235745420e-02
1.165960210557678955e+00,2.393383107408211530e-01,2.998827358245075847e-01,1.238960646617751848e+00,-6.648784213145788810e-03,-3.656999840293419235e-02,-8.607451573446055215e-02
1.165980233079709993e+00,2.502573635422375986e-01,3.027336078196602998e-01,1.238982473944868046e+00,-7.639629227440917873e-03,-3.603582405700912067e-02,-8.620192582988342456e-02
1.165981991543977969e+00,2.593643494586376774e-01,3.047937571521038835e-01,1.238998484473011530e+00,-8.281747805518855504e-03,-3.492489853818376427e-02,-8.611940707709522802e-02
1.165965423454591310e+00,2.667524601553744601e-01,3.066054364242455921e-01,1.239008917356547945e+00,-9.835533021540840762e-03,-3.367328996384655326e-02,-8.615631262509314270e-02
1.165991586802060720e+00,2.731331237994193417e-01,3.075185589206514414e-01,1.239017218180748614e+00,-9.715279579079746236e-03,-3.304783170141106091e-02,-8.626253765825203645e-02
1.158511754549880646e+00,2.916305260748658923e-01,3.282320015005552039e-01,1.239216355732383201e+00,2.478316726045452500e-01,-7.212903614157009646e-02,-8.425813087622435749e-02
1.165338919022865349e+00,2.795451898631325927e-01,3.143904103825463925e-01,1.239023136703249817e+00,-1.372115950537351053e-02,-2.011471132791827279e-02,-8.173962322980525552e-02
1.171740760243123791e+00,2.239474618800173789e-01,2.959064262833079884e-01,1.238699678607033006e+00,-2.623337289609640743e-01,4.935112889664965141e-02,-7.102638221544561870e-02
1.157469251995393966e+00,1.986960381250713614e-01,3.112890502907966206e-01,1.239046840563728491e+00,2.242852852689798671e-01,2.385056451526174348e-01,-8.471614350428779971e-02
1.161511257991323820e+00,1.183208464082945582e-01,3.066696231894218694e-01,1.238393889491957056e+00,-1.114014908155932723e-02,-2.526928599418669652e-01,-8.632818581378495781e-02
1.165751422251650071e+00,1.037816002961735595e-01,2.642745503557495934e-01,1.238249943870230574e+00,-3.040604793550276061e-02,2.459418401317899905e-01,-9.117870193232163745e-02
1.157109982480406085e+00,9.209374917123669402e-02,2.903000297564223287e-01,1.238375848345043106e+00,2.372908901209233312e-01,-6.775517942251728376e-02,-8.810308484546067187e-02
1.172916698065993524e+00,7.176916934735165510e-02,2.527125819408811980e-01,1.237692913422512087e+00,-2.503488424653663169e-01,2.305318622018210587e-03,-7.541035130412594711e-02
1.171496688154961552e+00,8.215964977932038726e-02,2.617552364764114126e-01,1.237835394891907637e+00,-2.453978415842356375e-01,-2.661213310845482183e-01,-7.848327962613116382e-02
1.160214952372404351e+00,1.554825379445608224e-01,2.745548585679432052e-01,1.238827609699843180e+00,2.383013104032323248e-01,1.691540877321760783e-01,-8.868133126774567498e-02
1.167697780196848667e+00,1.667395352957015686e-01,2.592017232564524098e-01,1.238665468879675657e+00,-2.505010628338347201e-02,2.114250314483950288e-01,-8.956804025882431075e-02
1.171182216983933211e+00,1.468423821342750846e-01,2.709888352386506938e-01,1.238372268284099853e+00,-2.337732792138934035e-01,-2.461719500167778574e-01,-7.933504589319521905e-02
1.157488999019221421e+00,1.776789581947241514e-01,3.002584871088890828e-01,1.238977476267669964e+00,2.449920610223215167e-01,-6.104472103058265764e-02,-8.552649367285297677e-02
1.167848148010235620e+00,1.923592288227845282e-01,2.561692548925082469e-01,1.238813209953256500e+00,-4.549284960202702732e-02,2.122813818997474067e-01,-9.044235341956734231e-02
1.172057995003116471e+00,1.809630772462957615e-01,2.550974322551990969e-01,1.238590839216211714e+00,-2.571744190888299864e-01,-2.580296876736076217e-01,-7.963973701901369551e-02
1.160351944311566852e+00,2.374291568696305921e-01,2.601261617933851022e-01,1.239271751832851098e+00,2.254722195823050390e-01,1.894461614748194911e-01,-8.998909602139187891e-02
1.159058750744754507e+00,2.333513140451013990e-01,2.730414422960819043e-01,1.239272572294329633e+00,2.286835908427431452e-01,-8.025188836678001647e-02,-8.513542046615721337e-02
1.175613101619451095e+00,2.332112591195634466e-01,2.184614559710925108e-01,1.238726567556684977e+00,-2.663843411137695738e-01,2.779305421819695532e-01,-8.004184271597990230e-02
1.161002766427983834e+00,2.628866534927948861e-01,2.491991387076521736e-01,1.239341114829178636e+00,2.150161758715606608e-01,1.842057179447242621e-01,-9.001733990497194637e-02
1.171571610942716113e+00,2.149063311077966665e-01,2.426236091185543786e-01,1.238798737651662707e+00,-2.641723252491987584e-01,-2.307586976197270878e-01,-7.949332835963192345e-02
1.174653569362504424e+00,2.145631624351077293e-01,2.274800748169172604e-01,1.238688673263384388e+00,-2.460910012235771605e-01,2.958473679209897567e-01,-7.972622313622823587e-02
1.159737711713668240e+00,2.242716101327144884e-01,2.739600320869397532e-01,1.239212803206890756e+00,2.332275899373959793e-01,1.968539446463219156e-01,-8.978191805373815504e-02
1.171137124051062184e+00,1.776456382387255617e-01,2.664169201748152194e-01,1.238584455440974397e+00,-2.371480556112566807e-01,-2.370498820733452083e-01,-7.958902369994529102e-02
1.167608176102821416e+00,2.028248145035743688e-01,2.637691014393241384e-01,1.238859438804122082e+00,-1.227013699067891830e-02,2.298490493623207565e-01,-8.021213486126745063e-02
1.170863465126966263e+00,1.662842352314426730e-01,2.759350208937603188e-01,1.238502099354423347e+00,-2.630834799196415941e-01,-2.389836278487351418e-01,-7.935904049809802685e-02
1.167829592852328346e+00,2.088923132801326632e-01,2.683855849277012595e-01,1.238868914778107566e+00,-1.210734578050770387e-02,2.230073722561108363e-01,-8.003465911791285414e-02
1.160738193578595201e+00,2.350773409640459777e-01,2.831396601340795405e-01,1.239191735618547563e+00,2.030167110243192019e-01,1.651699698335445943e-01,-9.066870722361999868e-02
1.172118346225630159e+00,2.117161920823943388e-01,2.615933315306129270e-01,1.238731781577653956e+00,-2.713501221550049247e-01,-2.569247131523504368e-01,-8.006296459448722369e-02
1.172972573166030763e+00,2.158147276578268881e-01,2.492756517744488809e-01,1.238738277796117337e+00,-2.496337891944721832e-01,2.667412504252531999e-02,-8.445316153608990739e-02
1.159821007430475337e+00,2.422763762178209990e-01,2.766771502269275707e-01,1.239266492805711106e+00,2.456337379862474080e-01,1.986777688861120494e-01,-9.005116185194896039e-02
1.163959743388723655e+00,2.023473397603088308e-01,2.878595463590106207e-01,1.238926156101245901e+00,-3.010294779910707794e-03,-2.856919641769115059e-01,-7.830209225680520579e-02
1.172771836556010694e+00,1.917925446729647210e-01,2.501307697497044957e-01,1.238630450729907739e+00,-2.591161961573707484e-01,2.297970814406095907e-02,-8.303907939915679270e-02
1.158375009459964744e+00,2.212768681313139196e-01,2.774186125827060589e-01,1.239238367164026355e+00,2.512629788697695599e-01,-7.335436852786958450e-02,-9.535669876790661692e-02
1.167822723024503739e+00,2.222284481681274793e-01,2.545083920234015307e-01,1.238955161679305528e+00,-3.311754891667217926e-02,2.292493704874698501e-01,-8.328757033637901319e-02
1.165990077623580978e+00,2.119412592420984731e-01,2.666893436727919564e-01,1.238955302528515601e+00,-2.656451583542217970e-02,-3.197432817317899523e-02,-8.577669803340062793e-02
1.164040337623074350e+00,2.019672204040428298e-01,2.743466351593777386e-01,1.238961458559779905e+00,-1.298346416904248325e-02,-2.833911477718228933e-01,-7.815544891983138009e-02
1.166033708956687898e+00,2.106388917978269104e-01,2.596195519734326718e-01,1.238963155938000771e+00,-1.794819370945011485e-03,-2.972186589034940887e-02,-8.401462719750031616e-02
1.160264015435966245e+00,2.353647425089570311e-01,2.663175354072758183e-01,1.239254364932288022e+00,1.858269418788274785e-01,1.829498265336366725e-01,-9.314789719240613997e-02
1.164205452806553076e+00,2.082826488897648320e-01,2.583272048000035959e-01,1.239022086802880729e+00,-1.317793572012709857e-02,-2.781265475443168156e-01,-8.165658011654701454e-02
1.168178888287177530e+00,2.242991694774896239e-01,2.160871879679061580e-01,1.238984927945136816e+00,-3.315796845181685770e-02,2.387721161015537441e-01,-8.108923740186729789e-02
1.164755760399825757e+00,2.065423288343100627e-01,2.381589265494405694e-01,1.239024082265460569e+00,-7.584202225456024467e-03,-2.842482284804560000e-01,-7.811289067436368028e-02
1.174175795047881943e+00,2.021772437965767832e-01,1.904502937258744366e-01,1.238641193419309117e+00,-2.738989728989333350e-01,1.375698660193915013e-02,-8.323936709268060785e-02
1.174287838823816932e+00,1.988581982112813396e-01,1.761355238901025910e-01,1.238600106017800018e+00,-2.673697714754593724e-01,1.674079086342093042e-02,-8.630696862889170040e-02
1.166854391166382454e+00,2.056259857644299749e-01,1.841381220155541010e-01,1.238933027713267743e+00,-4.297318416974778288e-02,-2.231286556274533414e-02,-8.799348685709859619e-02
1.165139882160282969e+00,1.946269218063007289e-01,1.815227999200279552e-01,1.238938651877494301e+00,-3.060238616553382154e-02,-2.747994402141180625e-01,-8.130960298787152929e-02
1.169229785676639155e+00,2.087858839825252888e-01,1.420041833922689178e-01,1.238759873599334593e+00,-4.889672113220223243e-02,2.361759357443971863e-01,-7.929587228836162960e-02
1.160101376823178487e+00,2.152774709256247143e-01,1.585976161680946739e-01,1.239169983235980599e+00,2.441332769484771958e-01,-6.801828397957782046e-02,-9.313296629294764983e-02
1.167903857251107569e+00,2.172163050887690183e-01,1.587527022586736059e-01,1.238895686783457517e+00,1.851100018632043792e-02,-2.854584248445836761e-02,-8.450881401234572321e-02
1.166976375474064742e+00,2.252863963635299560e-01,1.932809224311253515e-01,1.239023460102917973e+00,5.707025339554247512e-02,-1.305431862418998147e-02,-8.545465716607210382e-02
1.168240407681744752e+00,2.256802028745126809e-01,2.247734322117365680e-01,1.238985851312244035e+00,3.396720133701783273e-02,2.403940414550077842e-01,-8.168964175004449213e-02
1.165807889723069923e+00,2.083480690215193387e-01,2.759164275458350080e-01,1.238922558731304191e+00,3.911139407631826492e-02,-2.397982270659193560e-02,-8.406829088656909976e-02
1.164856968869055986e+00,1.858465306606434941e-01,2.923351218372549076e-01,1.238793223309969438e+00,-2.120183611580401736e-02,-1.627618383120150308e-02,-8.580054374449297416e-02
1.164910417621810801e+00,1.702707584439952793e-01,2.837344771064695403e-01,1.238728753873390431e+00,-1.794109948285959114e-02,-1.714957621676769031e-02,-8.583754155233452865e-02
1.165316543966080864e+00,1.667933488641167583e-01,2.762944003596771170e-01,1.238713944174439918e+00,-1.774986851390875781e-02,-2.597571588034224346e-02,-8.585184810436506664e-02
1.165386568735591766e+00,1.644017953877478233e-01,2.707653668455792251e-01,1.238710735502199567e+00,-1.609339434247682860e-02,-2.606311792964952426e-02,-8.613206741340502515e-02
1.165454477773101738e+00,1.626436841102710806e-01,2.663894986778265195e-01,1.238707466329262541e+00,-1.433464377738369148e-02,-2.636065230647633220e-02,-8.610178039995679267e-02
1.173202622010116158e+00,1.493666138697682111e-01,2.463193603397325626e-01,1.238358957586308318e+00,-2.868888175810196395e-01,1.262188732171845920e-02,-7.702056321932088112e-02
1.166671562506104820e+00,1.679382327802359798e-01,2.349895730235924685e-01,1.238746282449633140e+00,-5.326273650913035396e-02,-5.011501291707484013e-02,-8.693992828777726001e-02
1.175603112100030767e+00,1.886461209142921147e-01,1.877773717549786614e-01,1.238511409040206512e+00,-3.337751053238829368e-01,-1.955260222021554251e-02,-7.642160194632081904e-02
1.176658082057505439e+00,2.305879782109485077e-01,1.592833553178564510e-01,1.238605220812522667e+00,-2.940511727601894387e-01,-1.244000413048153286e-02,-7.344771914705294780e-02
1.162358307661661483e+00,2.936020579298762589e-01,1.857304242621118096e-01,1.239352492015673546e+00,2.221367836752041747e-01,-9.246216122504066770e-02,-8.106236117619687598e-02
1.178037040103378841e+00,3.108849756672756870e-01,1.507830247622747588e-01,1.238687013234672563e+00,-2.603041011412790540e-01,-6.193457317629410055e-03,-7.172242779195291129e-02
1.171673172688939557e+00,3.512637483540466121e-01,1.626120636616189552e-01,1.238955408224637678e+00,-1.622987631862604641e-02,2.265382924240507412e-01,-8.986739121643975980e-02
1.166774526436898718e+00,3.296508641209976442e-01,2.046784891330121203e-01,1.239220121138604025e+00,2.867100677340224391e-02,-2.715948563046855502e-01,-9.102151093312772778e-02
1.161738680000375501e+00,3.370437432671908318e-01,2.216346457455927732e-01,1.239400388856547686e+00,2.396510433804581730e-01,2.119149934174116290e-01,-9.145915091048086032e-02
1.174540254695142449e+00,2.788034942172918362e-01,2.142661012265809906e-01,1.238889457797228699e+00,-2.414107756211935629e-01,3.170637119824224609e-02,-7.559005982283457936e-02
1.166512944979145150e+00,2.688504962737117143e-01,2.399449530495812444e-01,1.239167296872246249e+00,1.043451928264249075e-02,-2.145006188660788723e-02,-8.420553209393077942e-02
1.165089137669054198e+00,2.608564289224655774e-01,2.507026277421457450e-01,1.239187232503019542e+00,-8.696416586257709261e-03,-2.769099190633905402e-02,-8.464903966885652109e-02
1.163011572055224319e+00,2.573037312266228671e-01,2.539308751777270556e-01,1.239248347576325182e+00,-4.039613801529241040e-04,-8.189366074732465015e-03,-8.490371412635903947e-02
1.162318819883404908e+00,2.327553339984734238e-01,2.584288451605707415e-01,1.239189513484529437e+00,-1.233906580147993599e-02,-1.559878608983219887e-02,-8.531916522508847800e-02
1.163453511732717605e+00,2.232475308572753336e-01,2.490606609884929157e-01,1.239129301450992537e+00,-1.725004793182729687e-02,2.482543295271159300e-01,-8.078151769532181115e-02
1.161628203937639325e+00,1.941841225657587044e-01,2.597877077768135923e-01,1.239042976919815020e+00,-5.420628750489358411e-03,-2.797550481112384343e-02,-8.525329314766853794e-02
1.163169334098847818e+00,1.935927858244813338e-01,2.476544208724369422e-01,1.239006029428421751e+00,-2.717807137419211636e-02,2.320707675249951141e-01,-8.102986351311119995e-02
1.163180064896304211e+00,1.960132519518467398e-01,2.465153224750138428e-01,1.239019707449618979e+00,-4.303969340595845822e-02,2.259412675041035101e-01,-8.134678630598182747e-02
1.160606473637671110e+00,1.931465025750140896e-01,2.619865347818714496e-01,1.239069030014296358e+00,-8.399530110073976513e-03,-1.776307066889203090e-02,-8.558517741983605320e-02
1.161146899701585911e+00,2.001405432582310240e-01,2.595716083717285461e-01,1.239090389737337539e+00,-1.518365467391720458e-02,-2.225196237649142844e-02,-8.557736509592907270e-02
1.160119571654083748e+00,1.818180915809318177e-01,2.738618677696710302e-01,1.238996281405473576e+00,7.637221652387104869e-03,-2.779119727776373505e-01,-8.034408469999930469e-02
1.163158316310132223e+00,1.903640350501112077e-01,2.592363085778216503e-01,1.238969502457749172e+00,-2.524076178686401710e-03,-3.535900653970852625e-02,-8.556072745983014927e-02
1.163874226231736753e+00,2.049218104353662528e-01,2.619153594103482696e-01,1.239011219739706737e+00,-2.425115384356787106e-03,-3.376296490629552421e-02,-8.524559317831505167e-02
1.164602845109516949e+00,2.167763520312875614e-01,2.639704902518577589e-01,1.239033342622509526e+00,-1.141112850090055149e-02,-3.920102679057785311e-02,-8.555948712688657420e-02
1.164964833191329152e+00,2.264868516217748429e-01,2.652813889779337964e-01,1.239056324441428325e+00,-6.546286385082381899e-03,-3.630077274190435244e-02,-8.539267009105391826e-02
1.155933055553503230e+00,2.384481630180698419e-01,2.852407953210328029e-01,1.239360795821948136e+00,2.191875076293377522e-01,-3.330014257974735492e-01,-9.068014152554623730e-02
1.168382434004457515e+00,2.577066881729876413e-01,2.211567743932405516e-01,1.239084411101723182e+00,-4.001922953415720796e-02,2.193010533382346861e-01,-8.159667929699333799e-02
1.164978204824863139e+00,2.448895312228408228e-01,2.253422436199883361e-01,1.239173668211711599e+00,-5.438217544661719249e-02,-2.975258369116086654e-01,-9.043701074531129702e-02
1.158522099834795371e+00,2.796580824527237219e-01,2.325906791566663412e-01,1.239479777135708893e+00,2.404335366758603154e-01,-3.424264236352162483e-01,-9.012401625446557485e-02
1.168255965702747146e+00,2.991301057956871068e-01,2.046255122557154027e-01,1.239157860516446830e+00,-1.005544182764939523e-02,-4.152722212106026156e-02,-8.540575560384591758e-02
1.168234345496111715e+00,3.186391818079229998e-01,2.130796948062447238e-01,1.239169625948236986e+00,-1.298905871708342340e-02,-3.887434680494766814e-02,-8.555331700254012461e-02
1.176222447702008678e+00,3.193433522749935527e-01,1.901593970093140296e-01,1.238841828519531507e+00,-3.072027286787296640e-01,2.397366246992571528e-03,-7.598192592206665097e-02
1.169097330856071482e+00,3.410104142085954582e-01,1.880954533206435908e-01,1.239111358392279483e+00,-5.267938174961030173e-02,-3.428100969870505332e-02,-8.511337067086921504e-02
1.168224212209790114e+00,3.286729485616062263e-01,1.721949440717550905e-01,1.239127413760107377e+00,-4.597640130891686439e-02,-6.709010747966067181e-03,-8.515010615866624999e-02
1.167642082427469585e+00,2.949684487204989880e-01,1.565234437721174932e-01,1.239102977295992503e+00,-4.203691793192854131e-02,1.982383218980129490e-03,-8.576826354186473100e-02
1.175584726743646335e+00,2.556660516742318423e-01,1.254138701736774442e-01,1.238617602553975461e+00,-2.815974429833152382e-01,2.719377179428266594e-02,-7.607545228828889450e-02
1.168343474043627372e+00,2.656084685936530576e-01,1.435135853541044393e-01,1.238991114611644351e+00,-1.009332586609970085e-02,-2.638051920413544277e-02,-8.585249104790967922e-02
1.160491882993546442e+00,2.758672186427855721e-01,1.734665721664729876e-01,1.239373475954669512e+00,2.326422878742878120e-01,-6.707202794188929507e-02,-8.603581786366756856e-02
1.166565661200774429e+00,2.484084264270343401e-01,1.681647099347683971e-01,1.239078919857472094e+00,-1.382528092844148224e-03,-4.894679812456699010e-03,-8.536675415493323593e-02
1.166070918034213699e+00,2.265087983068566901e-01,1.802995099219640296e-01,1.239045451204342285e+00,-1.961266377157378817e-03,-9.032712674232968100e-03,-8.565668408989320082e-02
1.166817237240784566e+00,2.322436914635322147e-01,1.904054911326721333e-01,1.239052415810834917e+00,7.832762211786400974e-03,-2.311807351342388961e-02,-8.458201547827690070e-02
1.177415331069061821e+00,2.332933108687154367e-01,1.743200684136180789e-01,1.238616324216896381e+00,-2.694256875479856261e-01,2.697099465978888277e-01,-8.028310945745222027e-02
1.176891410637149971e+00,2.305818767402542102e-01,1.992609012556181558e-01,1.238659629986006205e+00,-2.698353291868064163e-01,4.564748513888787843e-03,-7.592397622873518770e-02
1.169707423625070186e+00,2.578600851897016599e-01,2.282952633281288002e-01,1.239031151839675049e+00,5.147364616653582990e-04,-3.426868940553318144e-02,-8.533025881101434507e-02
1.175355983824515338e+00,2.442271261455227771e-01,2.312097438482418610e-01,1.238768012717175626e+00,-2.401985150181296380e-01,-2.405078195988598622e-01,-8.002421785721236525e-02
1.179660739934400127e+00,2.636286822366087357e-01,2.090654936403930353e-01,1.238647823813585402e+00,-3.220457200194011271e-01,2.625759511390544643e-01,-8.205465793734814661e-02
1.169770027669402968e+00,2.619320994234019540e-01,2.387233726698629044e-01,1.239030086535912734e+00,-1.660705840204882225e-02,-1.550439776758523285e-02,-8.603355102053317216e-02
1.171249875627571546e+00,2.705426272646404007e-01,2.294085415578859810e-01,1.238999723340145298e+00,1.266988300423732040e-03,-4.023956401388456561e-02,-8.544809755842279475e-02
1.163151407655790504e+00,2.845668200441891504e-01,2.571452761119824570e-01,1.239292069966124954e+00,2.609246680928483109e-01,-7.071342011990454368e-02,-9.481999245437748580e-02
1.169898263903299540e+00,2.612792456351870629e-01,2.477291465256743486e-01,1.239012194803433387e+00,-2.968795553084035629e-02,-2.285797380717715516e-02,-8.604234941453943464e-02
1.169521866457534420e+00,2.616635414744037935e-01,2.362847702945153061e-01,1.239041430031944557e+00,-3.077341404861026405e-02,-2.655678551289554143e-02,-8.646233833834016114e-02
1.168673232614617197e+00,2.596042967651861488e-01,2.346458367672714929e-01,1.239070319155371580e+00,-1.506207989469084997e-02,-2.055181351066114395e-02,-8.569333377720232681e-02
1.168332308266964770e+00,2.566519362535302218e-01,2.315437017879123649e-01,1.239078304542080344e+00,-1.678744594054167039e-02,-2.658811492976438998e-02,-8.545456344085851363e-02
1.176844537126492618e+00,2.471040670681070583e-01,1.982544469912751739e-01,1.238715722929765617e+00,-2.974450653629349683e-01,2.804422208809379535e-01,-8.116332694101201228e-02
1.167540300273350873e+00,2.489010552375210128e-01,2.199018362930249271e-01,1.239092482031513898e+00,-2.577821148622931342e-03,-2.678504527430466964e-02,-8.556646939825916787e-02
1.167646589602538754e+00,2.516003152009902988e-01,2.144514172212490521e-01,1.239096724847695841e+00,-1.579084596675835866e-02,-3.457692371422046995e-02,-8.529079694150323854e-02
1.167323831065317119e+00,2.585568137705619995e-01,2.130105346658439369e-01,1.239127231011200259e+00,5.267322448729344977e-03,-2.601803887460793496e-02,-8.565223538871709341e-02
1.167021778991039316e+00,2.531136170203004410e-01,2.164160237913739793e-01,1.239124300041794413e+00,3.244225975194305403e-03,-2.734604746946045495e-02,-8.554263636429060291e-02
1.166341632745062640e+00,2.435546676037782798e-01,2.180999217189653061e-01,1.239121442822333385e+00,-4.037657938272052466e-02,-1.959623978475146661e-02,-8.616261405725912648e-02
1.160847189343582775e+00,2.600248734012023943e-01,2.124664609278804073e-01,1.239365839963413540e+00,2.135697157089050946e-01,1.954901811582367976e-01,-9.136882628234174741e-02
1.167139389209771450e+00,2.441184953346783038e-01,2.087450171300093416e-01,1.239092810475202810e+00,3.243901489567636420e-03,-3.464473133012763162e-02,-8.637355826788799262e-02
1.172271897858012668e+00,2.216049430847305546e-01,2.156830352783782045e-01,1.238816332397069786e+00,-2.714093536813085294e-01,-2.441261253438789525e-01,-8.222708086441721242e-02
1.164623153408667067e+00,2.382562146520893487e-01,2.349459618577075803e-01,1.239158826710914152e+00,-1.001892085235781167e-02,-2.763998098887234245e-01,-8.128895979220743251e-02
1.167180700578599462e+00,2.571904241266747548e-01,2.223002723393829871e-01,1.239128007667990694e+00,-1.390542187909345022e-02,-3.540416680881028344e-02,-8.599880328139249130e-02
1.166746408176854377e+00,2.595607977984070169e-01,2.321658336780134946e-01,1.239144782394195676e+00,-1.280078757198417931e-03,-2.561849968690708620e-02,-8.423399078600792012e-02
1.168825927062480119e+00,2.693445601448264393e-01,2.290849115923755119e-01,1.239090816042068388e+00,-5.792486994482601292e-02,2.226988851980904460e-01,-8.091322677335707758e-02
1.167981908663929369e+00,2.852339221241199652e-01,2.287871502348142183e-01,1.239150654233065918e+00,-1.687358962226736744e-02,-4.737728552153478573e-02,-8.533514539098517593e-02
1.177292741425918665e+00,2.993625302963353607e-01,1.982644637019357059e-01,1.238797029660789972e+00,-2.840207712746801727e-01,2.620192805530613400e-01,-8.119760686647940762e-02
1.167195581251488035e+00,2.828389546183474601e-01,2.112753453478189991e-01,1.239180676683893090e+00,-4.110536678178877690e-02,-1.441557855683319421e-02,-8.657487450688949870e-02
1.158245356360533718e+00,2.727980543793177004e-01,2.285091463391387967e-01,1.239479839043006404e+00,2.276646283478724886e-01,-3.218353540604574348e-01,-9.093846036510930264e-02
1.167571054492053895e+00,2.679121018473477056e-01,1.946863355882350044e-01,1.239130506220773809e+00,-9.133962912572632722e-03,-1.591377001431720090e-02,-8.559258473704001169e-02
1.167321011185011193e+00,2.569780459188532595e-01,2.013043149885967720e-01,1.239119218144165702e+00,-1.035582262706529963e-02,-1.836812292560259866e-02,-8.535546055193901638e-02
1.161559686543784498e+00,2.700675884871082677e-01,2.111328602321721482e-01,1.239363098989771261e+00,2.266791018947986180e-01,1.952341892539339596e-01,-9.108230962972560518e-02
1.173663748888436720e+00,2.380438170290748168e-01,1.984342738436280784e-01,1.238815808994111256e+00,-2.591248346196144969e-01,-2.526035085833021610e-01,-8.064406654494138404e-02
1.167699260103318259e+00,2.584139681278747602e-01,2.039150479061345722e-01,1.239110113973714178e+00,-2.705135049479679213e-02,-2.790101710987803046e-02,-8.586511048887630893e-02
1.162121496011435440e+00,2.855119772928009780e-01,2.086544070183296018e-01,1.239369188621054496e+00,2.229212843767332808e-01,1.879625203937364264e-01,-9.073439172029251765e-02
1.167435245532213228e+00,2.620703876370152341e-01,2.133503165620253550e-01,1.239131648877773273e+00,8.459064290892438472e-04,-2.396839609839911470e-02,-8.325385667221228692e-02
1.172800121819931318e+00,2.370059769542605388e-01,2.094309859532383633e-01,1.238852032718089191e+00,-2.624476550726289048e-01,-2.392081557868849795e-01,-7.816580476052037429e-02
1.159257483286792123e+00,2.639474455543578402e-01,2.297382930928871525e-01,1.239425691491327752e+00,2.370243472454313660e-01,-5.917887958113890456e-02,-9.602069652559222512e-02
1.166948540786447275e+00,2.443255436703087313e-01,2.137603014674135382e-01,1.239101425357388209e+00,-2.719807104452966889e-02,-2.087645225094548682e-02,-8.969220645556781613e-02
1.169320619519532922e+00,2.563142113524601307e-01,1.999319645418214941e-01,1.239040898982687544e+00,-7.250669407557218393e-03,2.327865871293343103e-01,-8.396372658152788382e-02
1.167845509144943783e+00,2.469000912484295429e-01,2.098926689324901451e-01,1.239075059338503815e+00,-3.328826321558204376e-02,-3.400579784614148060e-02,-7.623213836207742844e-02
1.173028904000224415e+00,2.259774801414276002e-01,1.976494089855114211e-01,1.238796960634587441e+00,-2.582879387386134984e-01,-2.409675840690904403e-01,-7.801277653280599966e-02
1.161541123346996107e+00,2.653979356960131097e-01,2.125306356956205012e-01,1.239353987748124108e+00,2.204388610062254228e-01,1.906828257003851113e-01,-8.970786633930323550e-02
1.175203420164489421e+00,2.352060027316422997e-01,1.888465061632868813e-01,1.238735138372117461e+00,-2.370611050816885668e-01,4.850542667870092785e-03,-8.482176450505243825e-02
1.157274567989342584e+00,2.501507884415036798e-01,2.569730362663119050e-01,1.239423210318854940e+00,2.685584264741204819e-01,-3.183048510562825895e-01,-9.069186835725331908e-02
1.169019923733079835e+00,2.639594308585838101e-01,2.238423513027875955e-01,1.239074394537042156e+00,-4.140345006337906031e-02,2.253995721552516096e-01,-8.217569125029376698e-02
1.176800394702456343e+00,2.549386958103761480e-01,2.010523618971779281e-01,1.238741565198958616e+00,-2.782066721507203688e-01,2.616787175828786949e-01,-8.184865307376459898e-02
1.157653856137243586e+00,2.668803473172271512e-01,2.600909996234014310e-01,1.239446330008992847e+00,2.486691372691698654e-01,-3.248747095950585972e-01,-9.131676513255064520e-02
1.169555917461586825e+00,2.734498514515608103e-01,2.069691662099636953e-01,1.239074107035886385e+00,-7.076189891741295479e-02,2.233808722416579240e-01,-8.285526035505663689e-02
1.173592995483557999e+00,2.459117002709220179e-01,1.953975125119043199e-01,1.238841296433280004e+00,-2.687971993974968554e-01,-2.467394460957768598e-01,-8.106836344556084262e-02
1.158302530042841783e+00,2.642322782809540804e-01,2.207391818677299500e-01,1.239463247058915751e+00,2.193199792308621054e-01,-3.215400057613311269e-01,-9.091447776271667502e-02
1.177834348964992728e+00,2.573483741987445117e-01,1.426049984792812086e-01,1.238592159673904014e+00,-3.062551618964803324e-01,2.684723680498372067e-01,-8.125899369782339787e-02
1.166646923450942452e+00,2.548045772441797086e-01,1.801762958742074983e-01,1.239115757491029202e+00,-2.954236395159683896e-03,-2.810788683868772342e-01,-8.087121394327528856e-02
1.170408148622304800e+00,2.699159991012314852e-01,1.465198582181372888e-01,1.238930736038956537e+00,-5.682230805859306288e-02,2.365812649060328177e-01,-8.229193052688588139e-02
1.167083696408415916e+00,2.535310272707239632e-01,1.677609201851048004e-01,1.239073204463313704e+00,8.536494033852076030e-03,-2.851426839228978771e-01,-8.089112156651992458e-02
1.162462884460436552e+00,2.805534620031815973e-01,1.669247610242265978e-01,1.239298719304017027e+00,2.226415093866217776e-01,2.008645626003872642e-01,-9.099466658063046220e-02
1.178003328797810001e+00,2.569888344033210981e-01,1.315916745877026006e-01,1.238545771210103785e+00,-2.787794121587531260e-01,2.716008306080926471e-01,-8.099901839188132502e-02
1.158689889062992862e+00,2.589155610095688620e-01,1.973480816940921811e-01,1.239431088520950519e+00,2.428542375504887663e-01,-3.200908190386303476e-01,-8.982003654796638648e-02
1.175358297510746164e+00,2.410806242022859314e-01,1.507057811930044011e-01,1.238671261679261448e+00,-2.703359667415829448e-01,2.299552932409584804e-02,-8.556913901073870399e-02
1.170156196852024655e+00,2.625136867494984871e-01,1.592974809313395523e-01,1.238959754275741565e+00,-3.030972050203498830e-02,2.324452922129768284e-01,-8.198712245010510158e-02
1.173440227097949817e+00,2.299102755411525922e-01,1.693557916070720926e-01,1.238755534983797313e+00,-2.716412403031597811e-01,-2.367395877739254806e-01,-7.903702857242395075e-02
1.159915998093018263e+00,2.603582443694349435e-01,1.903288712211768652e-01,1.239385688908991590e+00,2.462099914088450026e-01,-5.545144333405990084e-02,-9.449130844268315010e-02
1.159563126577085379e+00,2.477344762509132159e-01,1.918072926382292931e-01,1.239365467874850468e+00,2.224039499750567472e-01,-5.447125213314286257e-02,-9.785245157692537554e-02
1.168185779753661446e+00,2.387698955103869647e-01,1.674519503576077928e-01,1.238986493820866785e+00,-2.628577311008862757e-02,-3.099048659486773952e-02,-8.831523158340988389e-02
1.166246265119501135e+00,2.312711497943423788e-01,1.823705835621353410e-01,1.239059845455379838e+00,-3.378525173419923838e-02,-2.855187055821991615e-01,-8.210800506627553841e-02
1.168092500269954481e+00,2.394153295542859050e-01,1.558319048682044183e-01,1.238964373910885097e+00,-3.684671146679379533e-02,-2.221556494235433013e-02,-8.498402254263454081e-02
1.168072452367449277e+00,2.363600333106146145e-01,1.459197300211375337e-01,1.238926375899018328e+00,-3.497122362117402461e-02,-1.935807340619285360e-02,-8.382567154397443931e-02
1.175618083757861809e+00,2.214515264506546621e-01,1.248521896387327634e-01,1.238499887471760097e+00,-2.675164026223432190e-01,1.865802616293669308e-02,-8.606982110021585419e-02
1.166777798321453119e+00,2.277054905260997020e-01,1.632645348050719980e-01,1.238990749210673759e+00,1.459327928568947275e-02,-2.893999561793378361e-01,-8.297670293351734616e-02
1.168698055963956595e+00,2.570343383230797030e-01,1.695793097653131298e-01,1.239025377372465986e+00,2.102036603377495372e-03,-3.441983813523141755e-02,-8.649224417749512561e-02
1.168627955108386685e+00,2.717497025264800081e-01,1.860231972567900072e-01,1.239088871377856726e+00,-2.407101115441724788e-03,-3.502077431444678562e-02,-8.679961979362063595e-02
1.168479343600139941e+00,2.839081655201525778e-01,1.993856885307417615e-01,1.239128753007716410e+00,-6.317684971626991164e-03,-3.355464963060907774e-02,-8.703433251312713004e-02
1.168345758028185299e+00,2.939560157131390072e-01,2.104957204331545928e-01,1.239151498951491570e+00,-8.655942800597208123e-03,-3.263762141109153442e-02,-8.694111002426734014e-02
1.168230007784105240e+00,3.021688732026278634e-01,2.193205090153429460e-01,1.239163192849169093e+00,-1.117797822143470378e-02,-3.167227265929876273e-02,-8.730566940107485630e-02
1.168148657382291011e+00,3.091560032459527707e-01,2.266518028024312459e-01,1.239167651835745065e+00,-1.329362602956798457e-02,-3.138659835694503075e-02,-8.755402092482407472e-02
1.167997397792767789e+00,3.116474870181001888e-01,2.314684397464333021e-01,1.239171270407875003e+00,-5.043128592696835555e-02,-3.117234938458610105e-02,-8.746048250807179902e-02
1.176495102704564255e+00,3.027020198093925973e-01,1.864913111710672367e-01,1.238820407541892266e+00,-3.089420851559845915e-01,9.969185757030013528e-03,-7.639065966063873780e-02
1.160374117081252709e+00,3.184254618962341632e-01,2.039280062892535605e-01,1.239452817170980881e+00,2.240401113334088701e-01,-3.546708702685587994e-02,-8.369254453804994554e-02
1.158402718160568723e+00,2.728796867397060288e-01,2.034105420437759548e-01,1.239475731189941365e+00,2.219708398687834927e-01,-3.071093474550139479e-01,-8.607478596866555143e-02
1.168817623796325256e+00,2.430258634784959182e-01,1.540003984860557062e-01,1.238943589000956358e+00,-3.186456115799191774e-02,2.534271307243456395e-01,-8.882034602343447105e-02
1.168820144847597886e+00,2.219880403678200220e-01,1.542644797451232785e-01,1.238868836709135168e+00,-2.252639064741406016e-02,2.428568471194510470e-01,-9.200861082025320326e-02
1.157135019105260731e+00,2.034025639840340016e-01,2.014796434201433784e-01,1.239284903535438298e+00,2.415292830035804528e-01,-3.084667885754626138e-01,-9.247860375416180889e-02
1.174644496261059157e+00,1.811593793089425752e-01,1.519486574632484266e-01,1.238436171559099686e+00,-2.709667679919641747e-01,1.817871621479690003e-02,-7.751642788370904924e-02
1.160038735902959139e+00,2.045941336434194679e-01,1.882142831784381631e-01,1.239179165102997304e+00,2.474564113149188560e-01,-7.677209470154008897e-02,-8.582263078930166267e-02
1.173208754236533702e+00,1.905451485933806199e-01,1.746331445852910558e-01,1.238597773026933302e+00,-2.721443539498703545e-01,-2.505681819459190662e-01,-8.038766698319466109e-02
1.165683157032830097e+00,2.181928833580146221e-01,1.940990601838642748e-01,1.239043699843498603e+00,5.066325270528177112e-03,-2.877688403718293153e-01,-9.049197861659680209e-02
1.162757992131846274e+00,2.690492563200421183e-01,1.953595856348153414e-01,1.239310087354684953e+00,2.224219392625145231e-01,1.716500872776034470e-01,-9.167790940145070788e-02
1.174174406132709070e+00,2.380200073912212277e-01,1.865620202080624512e-01,1.238783361678798656e+00,-2.470000385084586969e-01,-2.581709219968299496e-01,-8.115335481247773486e-02
1.159795995337418839e+00,2.691163752591277936e-01,2.212992222496945882e-01,1.239422336996145235e+00,2.289836054889614336e-01,-5.781767706168259441e-02,-8.686645236176179785e-02
1.177518407836464220e+00,2.566291900286010730e-01,1.727751706933553510e-01,1.238680871040767073e+00,-2.893726212258943553e-01,2.610371778068415471e-01,-8.195345922495630986e-02
1.173591103865602614e+00,2.444354573607262771e-01,2.000951598326525249e-01,1.238840479979349096e+00,-2.549470927689232447e-01,-2.478184571403707348e-01,-8.116591974303248580e-02
1.158134569178483897e+00,2.633984119506909138e-01,2.360067089157096565e-01,1.239457893904425845e+00,2.405287015554434804e-01,-3.236133372673317132e-01,-9.102375389434574915e-02
1.162283781434801266e+00,2.855141849746262173e-01,2.129143169101178901e-01,1.239364216951533093e+00,2.248292156418330578e-01,1.818121946144424794e-01,-9.102469481814412511e-02
1.175385280161435952e+00,2.535816047262482442e-01,1.883004892242422235e-01,1.238783994584291115e+00,-2.688667242745979569e-01,8.377000739970106788e-03,-8.589866163739737215e-02
1.158468610572446655e+00,2.724277867985038237e-01,2.342476227282337675e-01,1.239467279764644658e+00,2.446261625000163975e-01,-3.277807752348856907e-01,-9.065452295357157020e-02
1.166809152818505391e+00,2.734043556441121958e-01,2.101612526398336789e-01,1.239178801734275748e+00,-3.011563094990387171e-02,-2.952761136919926366e-01,-8.156309676907626260e-02
1.168240747320530071e+00,2.845333260620319660e-01,1.926379120461795547e-01,1.239132965106443551e+00,-1.562773453782720021e-02,-2.273132218039643215e-02,-8.695753868709985013e-02
1.158400443936646429e+00,2.861364978324343888e-01,2.215462946290692181e-01,1.239499707155271802e+00,2.360809177849585438e-01,-3.116800064785930080e-01,-9.178388444669874358e-02
1.170690456628537213e+00,2.936771685973588175e-01,1.770591264653951502e-01,1.239029602942999908e+00,-5.752228038526920745e-02,2.233454386800803326e-01,-8.154345982473465426e-02
1.171108348469618310e+00,3.005048093606082493e-01,1.773333462880617994e-01,1.239020172840677558e+00,-2.988468138479471320e-02,2.152360522351073058e-01,-7.906433855684429080e-02
1.175494692131342722e+00,2.727029710172267918e-01,1.681693860535120322e-01,1.238790825078058599e+00,-2.678789952123635798e-01,2.414135032437584455e-02,-8.441692616572582519e-02
1.168011489100381439e+00,2.728626208640831385e-01,1.820144354982618229e-01,1.239108816666841584e+00,-6.741635306085839129e-03,-1.661955854625127293e-02,-8.823706120800758890e-02
1.166404321892838603e+00,2.626279818846793956e-01,1.974390314883235631e-01,1.239164627069160085e+00,1.112428637982788848e-02,-2.793398035112789057e-01,-8.294629362224685554e-02
1.170079963686402102e+00,2.902575546837721787e-01,1.875691976612516576e-01,1.239064686333495535e+00,-1.643248382953874792e-02,2.327699191724848515e-01,-8.148609550183727457e-02
1.170212627888699286e+00,2.911917426564777367e-01,1.839920869298305450e-01,1.239056001894255576e+00,-5.975394590162615843e-02,2.285743491528486326e-01,-8.047063832230083591e-02
1.160643940722085432e+00,2.910143230841005790e-01,1.946573318908566275e-01,1.239420057567349298e+00,2.150492949731768744e-01,-6.263587014546302678e-02,-9.496248365896312049e-02
1.168598136523093300e+00,2.758477579778477184e-01,1.660339395502058724e-01,1.239062828085155887e+00,-5.112562044812667128e-02,-2.278997191481599988e-02,-8.835542679134361643e-02
1.168684054281973861e+00,2.779556203487814070e-01,1.695950837055822669e-01,1.239070797328955864e+00,-1.156116308259193259e-02,-2.323086835623076191e-02,-8.788646284171884593e-02
1.168530694877705001e+00,2.766810528999096852e-01,1.769599972428048396e-01,1.239088169668186357e+00,-1.399425760231359089e-02,-2.367510490408589532e-02,-8.804507058202662440e-02
1.168438035072307368e+00,2.760613496034609038e-01,1.831070982460757668e-01,1.239100210044585371e+00,-1.467403506413061769e-02,-2.444792545138557704e-02,-8.810023299398962726e-02
1.168368818817958843e+00,2.755669489837960784e-01,1.881551066914560755e-01,1.239108582487655763e+00,-1.551393667138067575e-02,-2.520102786896385658e-02,-8.785877713020816271e-02
1.168321083179417075e+00,2.754498290141407790e-01,1.921989217580452047e-01,1.239114673185525817e+00,-1.656654228669711751e-02,-2.557267562595653271e-02,-8.801838442771649229e-02
1.168253056492404740e+00,2.748947134046411667e-01,1.955127719273428433e-01,1.239119370546132082e+00,-1.868242006115612697e-02,-2.528116695543784764e-02,-8.812421946581060206e-02
1.168238006784422911e+00,2.739227490740458459e-01,1.969801720718120652e-01,1.239119364409154933e+00,-3.156205904888707836e-02,-2.619328714096307714e-02,-8.808340712553819341e-02
1.160939934996354062e+00,2.817152074888804036e-01,2.001936408289070879e-01,1.239401314848960434e+00,1.877351825850102629e-01,-6.451806698280951324e-02,-8.729031204572032521e-02
1.176672525143693360e+00,2.576642452440228714e-01,1.405876603410846082e-01,1.238634194126651877e+00,-3.098752958482442477e-01,1.518202229795205180e-02,-7.398405740435107236e-02
1.174106011348844403e+00,2.323816927214508721e-01,1.389272739170948068e-01,1.238654962700703299e+00,-2.662583392980821806e-01,-2.294289136635291881e-01,-7.586308068212119227e-02
1.159836034336094501e+00,2.411947202383661892e-01,1.635590116632927860e-01,1.239288583072443162e+00,2.360388902823110091e-01,-4.031341352138791828e-02,-8.308521889127679083e-02
1.169371673258459143e+00,2.206049557410608430e-01,1.300523118189855776e-01,1.238763148875955400e+00,-2.705539381925353010e-02,2.400041014218385060e-01,-9.138077803165689517e-02
1.158387695530872730e+00,2.160985778985841654e-01,1.795041748763549216e-01,1.239275631760496932e+00,2.625129651910209638e-01,-3.218595924923703389e-01,-9.255518119825953405e-02
1.177379732753657482e+00,2.160280338955464507e-01,1.306678483999074158e-01,1.238428035998929921e+00,-2.725954735041704047e-01,2.704303617420729111e-01,-8.299333152502866295e-02
1.158313662419522050e+00,2.385992369749373732e-01,2.022370450950103649e-01,1.239388088268744470e+00,2.717430174509097851e-01,-3.173482383199570656e-01,-9.069834454353667419e-02
1.157948241693337099e+00,2.366997588051431844e-01,2.152526642592637318e-01,1.239397771013919458e+00,2.493420707832634808e-01,-3.170422698558342800e-01,-9.117233367673033273e-02
1.177255209196751640e+00,2.310640665663953874e-01,1.542458852838286265e-01,1.238569275414225901e+00,-2.729520087862021827e-01,2.694359111750221913e-01,-8.149282689829001614e-02
1.162295099822189703e+00,2.557157007202180976e-01,1.923990682976359778e-01,1.239292431154567886e+00,2.117829017316274764e-01,1.803533993000676627e-01,-9.133609394345387766e-02
1.176882941535764227e+00,2.284688925162074447e-01,1.570259942979845003e-01,1.238582392008813260e+00,-3.101217001728817646e-01,2.736943651024024149e-01,-8.184439989604341825e-02
1.174867958752805253e+00,2.343776855824480365e-01,1.762043125524693221e-01,1.238727396587498975e+00,-2.510631033180266147e-01,-2.716343002029272813e-01,-8.111767027522340245e-02
1.160445277415571796e+00,2.900596887379585098e-01,2.151731733602225138e-01,1.239435112267504691e+00,2.442520007382406322e-01,-3.593473409813127128e-01,-9.152390912111693644e-02
1.175617180196015799e+00,3.014048043252693376e-01,1.874196058244960716e-01,1.238856408568852041e+00,-2.662392347514652702e-01,-2.681355971868551458e-01,-8.163095904849462792e-02
1.172343646108956472e+00,3.706616746948253049e-01,1.901853747947253315e-01,1.238943827025593247e+00,-2.530099397330912853e-02,2.068644160310342262e-01,-8.242452948475662011e-02
1.168785040691131760e+00,3.814049293038858646e-01,2.257602594258758810e-01,1.239067807565159329e+00,-3.486430938230997145e-02,-3.117067475854736758e-01,-8.199077618040739868e-02
1.180408652703696770e+00,4.189435922533893408e-01,1.818245009467256423e-01,1.238454108779805107e+00,-2.819709138364171475e-01,2.463685101286786361e-01,-8.157401252205133402e-02
1.160990030436857445e+00,4.431563860297834667e-01,2.491025277853952946e-01,1.239094318473698442e+00,2.335965239611195177e-01,-3.346745319287594000e-01,-9.113920872665814965e-02
1.170957695927471898e+00,4.556916442768854658e-01,2.141356719538171360e-01,1.238684733358173196e+00,-3.433026366730714679e-02,-3.822328984693947052e-02,-8.523571064998351765e-02
1.176318349133641084e+00,4.407175202115742874e-01,2.074787949114953178e-01,1.238549021766785607e+00,-2.602026205569714090e-01,-2.451242567815900553e-01,-7.889888437109926489e-02
1.162437225719036737e+00,4.678049351410132894e-01,2.349175953884226897e-01,1.238922592859873051e+00,2.215641578905752918e-01,-6.205748676859018653e-02,-9.668449375296396531e-02
1.176187673032815573e+00,4.302031580035058922e-01,2.135335978306087679e-01,1.238605655038461428e+00,-2.804060291672857974e-01,-2.516091548719882054e-01,-8.443233885032760955e-02
1.171810539821500852e+00,4.504406527102891578e-01,2.091790206015785303e-01,1.238679536155676164e+00,-5.052515683863983281e-02,2.378818143083508141e-01,-8.381890907193131901e-02
1.167818766834993749e+00,4.149383207565680576e-01,2.288506782853938493e-01,1.238994405677618094e+00,-2.479052160764668236e-02,-2.733214578821915319e-01,-8.039038415757887579e-02
1.169347563572002979e+00,4.077058127771155949e-01,2.108424857467351976e-01,1.238967561501887582e+00,-3.190182034076873008e-02,-1.215281772031785550e-02,-8.441045989747027189e-02
1.176939166668328207e+00,3.771917960810806103e-01,1.868207899867194710e-01,1.238740418720851277e+00,-2.983244944850899638e-01,1.861883677694946976e-02,-8.356064833147119897e-02
1.161407429333949581e+00,3.861683467609631215e-01,2.197115314413597698e-01,1.239327844787880384e+00,2.159901514906940045e-01,-5.628640528898157247e-02,-9.648737131289751578e-02
1.169119780770270456e+00,3.644211810111877003e-01,2.019513751105913024e-01,1.239091058726728978e+00,-1.531479727503900524e-02,-1.822841303926769213e-02,-8.822730338432349662e-02
1.168861604500119222e+00,3.550814855738088083e-01,2.085352919795424587e-01,1.239119173568841159e+00,-1.592914587520842529e-02,-2.029841846930480892e-02,-8.784272178262422792e-02
1.168612195046579982e+00,3.464978573843926490e-01,2.145479628297916608e-01,1.239140574054466759e+00,-1.646339206697790269e-02,-2.145700759168799737e-02,-8.794322881125747615e-02
1.168441544173607571e+00,3.402144907403437113e-01,2.193833640516476280e-01,1.239152743680117741e+00,-1.829950205398489863e-02,-2.267044269131192682e-02,-8.807857265967176941e-02
1.168318166683110171e+00,3.344988271814140490e-01,2.232702060019725321e-01,1.239160474353352637e+00,-1.798156027484466846e-02,-2.397364194187398892e-02,-8.815499825585550175e-02
1.168234909450852621e+00,3.305303206512910652e-01,2.260120741321219318e-01,1.239164537871752403e+00,-1.805236754653012643e-02,-2.468882528679309032e-02,-8.787639278760454864e-02
1.168144825583815827e+00,3.263554988390464651e-01,2.287407193774329273e-01,1.239167938356981136e+00,-1.949991335501824810e-02,-2.527395168740521197e-02,-8.816205913665706162e-02
1.168074862622561882e+00,3.188131193607929847e-01,2.260645592627166522e-01,1.239172985525611947e+00,-6.376187164613214553e-02,-2.562909975671731969e-02,-8.844019028667783611e-02
1.168875353132320605e+00,3.094287116126721027e-01,1.892555934235783388e-01,1.239128430145092219e+00,-1.045007810959633493e-01,-2.500099565175632407e-02,-8.826495694903473133e-02
1.177804792501860875e+00,2.974348177144103822e-01,1.280984296921845733e-01,1.238611242582855043e+00,-3.184380368244636994e-01,1.598538188920295422e-02,-7.502198748850748278e-02
1.163707227564094282e+00,3.148231280055039938e-01,1.334867219733177346e-01,1.239187877762840451e+00,1.937471905448019394e-01,2.139447404571876432e-01,-8.831125103814160826e-02
1.166128215010526326e+00,2.468844629746142771e-01,1.333744120782768272e-01,1.238990514728664838e+00,-2.793156449445283185e-02,-2.497401396238128068e-01,-8.944553443410921401e-02
1.176851151735847312e+00,2.146987087689455342e-01,8.958243275702634789e-02,1.238250884822268638e+00,-2.968589520024752515e-01,3.023548094569796230e-01,-8.338889941478962176e-02
1.174740607516247204e+00,1.758546873608092531e-01,1.039382149231748154e-01,1.238214104606851995e+00,-2.460281340829277019e-01,3.602310313841403794e-02,-7.771483891877523087e-02
1.156560774500652533e+00,1.588720435917466145e-01,1.636368033450380788e-01,1.238995632954774884e+00,2.537337801044297070e-01,-2.998494357990873493e-01,-9.201906862222430927e-02
1.175285110754064721e+00,1.322170326219381242e-01,1.084038947814603832e-01,1.237916600076510276e+00,-2.624007211621006697e-01,2.892395577830302322e-01,-8.177025570460998150e-02
1.155897115423706989e+00,1.228523788118145582e-01,1.774336009428976735e-01,1.238780476309889744e+00,2.469063711609865153e-01,-3.082054417110310918e-01,-9.060275876777251769e-02
1.171490348522867597e+00,9.369092386501079450e-02,1.401362823696566395e-01,1.237869038940050181e+00,-2.576992185696012072e-01,-2.413641513038669861e-01,-8.071992678202188909e-02
1.156619608851869874e+00,1.181510346068521955e-01,1.767453717776835687e-01,1.238716683130754781e+00,2.501066817293638445e-01,-3.296480889405460912e-01,-9.130162784825288091e-02
1.175959200597362697e+00,1.211257896137181850e-01,1.272531796034822027e-01,1.237883310697067474e+00,-2.840660234381908733e-01,2.578841306127798161e-01,-8.227668020474869504e-02
1.176567746442633178e+00,1.403369182393594816e-01,1.348063323397030999e-01,1.238036216127161415e+00,-2.623961712452737571e-01,2.522132663940708230e-01,-8.219703235639611028e-02
1.157573965909232339e+00,1.653425648570722994e-01,2.072334229999945598e-01,1.239061150201860029e+00,2.760916032945474607e-01,-3.352532894925899232e-01,-9.128807437140226688e-02
1.157686738286161310e+00,1.884178995181029215e-01,2.231103294390865410e-01,1.239192627889186049e+00,2.504838199456938530e-01,-3.356752274663979407e-01,-9.185421272650404201e-02
1.173182375515276377e+00,1.801013294945381649e-01,1.909044914554283712e-01,1.238564625322438717e+00,-2.407793822045190268e-01,-2.568248591432938377e-01,-8.172886796825037936e-02
1.158724295179936137e+00,2.092394356962166690e-01,2.209486008679789060e-01,1.239261343689308514e+00,2.352993085594201061e-01,-5.792941938316664013e-02,-9.653008759517973936e-02
1.174651025430573537e+00,1.882693046599630826e-01,1.832601716547314630e-01,1.238541882629337509e+00,-2.601894481009003335e-01,5.862372452192016713e-03,-8.633030477081060639e-02
1.159482151256122640e+00,2.277248871202582625e-01,2.199197543135310295e-01,1.239312372677798590e+00,2.378475545868950769e-01,-6.977781390547599383e-02,-9.622484402732885134e-02
1.170182812854656529e+00,2.503798084764308762e-01,1.884550495221716526e-01,1.238980922929788342e+00,-3.225069799667046322e-02,2.130636983354126657e-01,-8.201681246040461171e-02
1.168326682202986300e+00,2.610674647696363260e-01,1.986522144245023158e-01,1.239089733109432157e+00,-3.143670677629768762e-02,-3.943248060215717027e-02,-8.605382897584443191e-02
1.170339134643383794e+00,2.836503535758837513e-01,1.812214975516620585e-01,1.239037108893295658e+00,-1.975592642123523771e-02,2.274966714047635119e-01,-8.159528030333633442e-02
1.159504194199877380e+00,2.866581015331343130e-01,2.202141438234730964e-01,1.239462831619215555e+00,2.302355141130022209e-01,-3.402846480974009435e-01,-9.337707724208033078e-02
1.170658595731345786e+00,2.981055517205589145e-01,1.750309827265196239e-01,1.239031621974170605e+00,-2.420058697918481272e-02,2.311804780141495652e-01,-8.383928494128213560e-02
1.169135905715418700e+00,2.967705339910917672e-01,1.946154381819483747e-01,1.239115425300989060e+00,-3.299267113300748122e-02,-4.145910121642844975e-02,-8.625366353208102632e-02
1.166794671372473502e+00,2.925925763526406320e-01,2.047519456292346829e-01,1.239206424814674579e+00,-2.279796616360041731e-02,-2.809829299822652615e-01,-7.970397854457084152e-02
1.176710215452815289e+00,2.902104155341562741e-01,1.646239666745007157e-01,1.238761041468965152e+00,-3.048062319079399840e-01,2.146666637253046538e-03,-8.467532036177644050e-02
1.177229533387794902e+00,3.050808644817609161e-01,1.540162997349768248e-01,1.238726682606728025e+00,-2.736994823360340834e-01,5.143911635769530047e-03,-8.806965162198293617e-02
1.169309647234590299e+00,3.174802147797259888e-01,1.666158832169135628e-01,1.239076317861782073e+00,-3.675460953552935756e-02,-1.600736596661612304e-02,-9.023374811220473413e-02
1.168633307218307937e+00,3.030816595952621761e-01,1.679182888338644486e-01,1.239099335897501319e+00,-1.084360685100864592e-02,-3.473614133627526881e-03,-8.995193670797817231e-02
1.168765000872622695e+00,2.822513064512383596e-01,1.747363348230064339e-01,1.239084569574759875e+00,-1.290324075116527913e-02,-2.157191767590618814e-02,-8.830938478695868343e-02
1.168566253501253760e+00,2.730251163830454408e-01,1.813570549651983277e-01,1.239087147924574861e+00,-1.295623445440618159e-02,-2.526914221981985120e-02,-8.638094220841040227e-02
1.168391177849835261e+00,2.727086456539274950e-01,1.883437674772038828e-01,1.239102613994720770e+00,-1.479521261293500860e-02,-2.533018470546909151e-02,-8.683360617426510997e-02
1.168288424794100333e+00,2.727793754996400977e-01,1.936829720641134733e-01,1.239112376965884055e+00,-1.649970236459737463e-02,-2.583024348035285744e-02,-8.717832234764914812e-02
1.168194291396553064e+00,2.728239605157292136e-01,1.984047833432870667e-01,1.239120031517636056e+00,-1.683402934912195739e-02,-2.612926617009175140e-02,-8.714337727562866676e-02
1.168128255764541379e+00,2.733790795655702266e-01,2.021223490280160962e-01,1.239126041856870142e+00,-1.697235630771694662e-02,-2.609499245091921604e-02,-8.755137952774828813e-02
1.168105197146191543e+00,2.684081724845747141e-01,1.955677597808081758e-01,1.239112211111759398e+00,-6.036772980440201913e-02,-2.598645687580413560e-02,-8.800392540783592843e-02
1.168753675442339990e+00,2.656055385396709489e-01,1.628810959480126996e-01,1.239029178986666313e+00,-6.089271075353847040e-02,-2.480560906814508609e-02,-8.586844928249509623e-02
1.170511980813408792e+00,2.665352823668548088e-01,1.293005971222681016e-01,1.238860079500524680e+00,-6.257240564214580636e-02,2.405411490360287452e-01,-8.909511826496747944e-02
1.174276916698878681e+00,2.273898096493153498e-01,1.248071873641704022e-01,1.238577068201379028e+00,-2.797284191042533896e-01,-2.293407423826256397e-01,-8.010408773671598426e-02
1.178266757576068358e+00,2.318242773680742053e-01,8.983519638108643235e-02,1.238261708279420059e+00,-3.185180626879994814e-01,2.769578694588360479e-01,-8.427466806729944082e-02
1.161254226382786081e+00,2.420494291484213967e-01,1.336511320699813321e-01,1.239152751136330277e+00,2.336045573104215678e-01,-5.796888465019071901e-02,-8.816442811018215808e-02
1.176373504719417040e+00,2.213937480203526376e-01,1.083971873011761872e-01,1.238396304698032857e+00,-2.830951373700627549e-01,1.970436190658499120e-02,-7.725463735703566592e-02
1.166888258145948765e+00,2.344931464465191406e-01,1.468969803282347275e-01,1.238967389462327873e+00,2.062521131037739139e-02,-2.813710408325645340e-01,-8.880121602270915626e-02
1.159147592764095736e+00,2.534521935994250019e-01,1.852206463262904002e-01,1.239388232067397011e+00,2.338771444337733318e-01,-3.241475521463342280e-01,-9.081808346288375300e-02
1.178719163751892562e+00,2.567492490794675564e-01,1.288460144513874639e-01,1.238504929178985803e+00,-2.640768009880630762e-01,2.585624771412579626e-01,-8.150876775260722240e-02
1.158485790385693326e+00,2.624671476044072027e-01,2.090216043278760039e-01,1.239452851453011428e+00,2.505161672670326856e-01,-3.146160538804391171e-01,-9.259280931767249756e-02
1.178248837192757748e+00,2.657686806114007427e-01,1.540710709136672019e-01,1.238629338140663450e+00,-2.831184748637939896e-01,2.601071544337074659e-01,-8.282524162644690213e-02
1.158723164542197370e+00,2.787015505035451146e-01,2.228960912752709356e-01,1.239476847007823235e+00,2.523617914090708347e-01,-3.206881308052340618e-01,-9.227145220727991926e-02
1.178143120597569649e+00,2.780802433308646182e-01,1.657744104751167069e-01,1.238686780954858513e+00,-2.838729979575450590e-01,2.616648929091978659e-01,-8.239613602194065245e-02
1.158746248538618406e+00,2.841890340787088798e-01,2.320160840826881177e-01,1.239479569460001374e+00,2.498957560202484107e-01,-3.247404314654224744e-01,-9.169430432285351207e-02
1.176714415085975629e+00,2.679112917161677876e-01,1.750469842998187142e-01,1.238744752503349034e+00,-3.068727730711163226e-01,2.882412722676669925e-01,-8.262146444475641782e-02
1.174499696787246528e+00,2.592905170485467203e-01,1.918736527527169222e-01,1.238838539021635654e+00,-2.585371642501331779e-01,-2.579322217978177734e-01,-8.198057572897225753e-02
1.159253462196248252e+00,2.934878504213631056e-01,2.244078572093238522e-01,1.239478412183322442e+00,2.521613774685785292e-01,-3.293158199027929611e-01,-9.159690962584436658e-02
1.163496480768172914e+00,3.214795354433319097e-01,1.963417498472268818e-01,1.239336935099246473e+00,1.853764458669182047e-01,1.773809325793516134e-01,-9.302791312956310010e-02
1.175592390494746953e+00,2.857510249120974177e-01,1.669901757470718950e-01,1.238806041488153653e+00,-2.896155939563317405e-01,-2.591147906459312922e-01,-8.200822078459232833e-02
1.167510479301792525e+00,2.897384661593344068e-01,1.700144281417933501e-01,1.239133326681993053e+00,-3.450668410958929871e-02,-2.753422665643928124e-01,-8.231954159319297692e-02
1.171521711434646784e+00,2.972216819550361211e-01,1.273116163378185950e-01,1.238860749541034867e+00,-8.190064253663596749e-02,2.388642665929743281e-01,-8.347335538594030657e-02
1.176133636728761811e+00,2.659124435929376973e-01,1.084611526295904405e-01,1.238545544866771708e+00,-3.075137054282364169e-01,-2.447465461641404882e-01,-8.263548754256271056e-02
1.169023904991626672e+00,2.789033041766177390e-01,1.056659886202954562e-01,1.238837790965869878e+00,-3.627462391559849175e-02,-2.777267526437817713e-01,-8.249202386487096417e-02
1.178872493585923831e+00,2.745035948995517838e-01,5.910057070741153024e-02,1.238159470325214784e+00,-3.157818131936898642e-01,1.265079427518251386e-02,-8.547610095041904832e-02
1.178590848394818202e+00,2.712889236801604986e-01,4.486267260648531263e-02,1.238060953772503359e+00,-2.917693330546166641e-01,2.726158469547886737e-02,-8.604377838472507256e-02
1.163721754786654738e+00,2.881111993784577496e-01,7.219676614810210946e-02,1.238859290994504203e+00,2.146597956723294010e-01,-5.989414249223023318e-02,-9.950736207104593500e-02
1.173575343925098879e+00,2.842141033749718271e-01,3.833843952806961775e-02,1.238236998204719885e+00,-6.939833206044358771e-02,2.376430181868588454e-01,-8.582808535243705017e-02
1.170551000040447764e+00,2.695221912344366033e-01,4.706813799909886215e-02,1.238397380865945197e+00,-4.454104095520567547e-02,-2.842411301597591033e-01,-8.252697206007202080e-02
1.171957806421440873e+00,2.810513119291627726e-01,2.571059013301623189e-02,1.238192517834010742e+00,-1.269706260600738474e-03,-7.485470558004561105e-03,-8.482362346780480955e-02
1.171427522204520066e+00,2.706430110881475892e-01,4.550132024674415077e-02,1.238353737226714157e+00,-6.950154164282279674e-03,-1.721030663965070207e-02,-8.536894034628819683e-02
1.178966386466931526e+00,2.615478687263829705e-01,4.268246269510783675e-02,1.238007190096882759e+00,-2.521004626577184604e-01,1.179200733221082500e-02,-8.567979877183638793e-02
1.170756278517855575e+00,2.754074660845151623e-01,8.238495662418804377e-02,1.238638804041419128e+00,8.679141283653729220e-04,-2.043975104003056126e-02,-8.689427574185350223e-02
1.170298618355361420e+00,2.753427216389737198e-01,1.021916648036307051e-01,1.238765355547694735e+00,-4.034052715209956140e-03,-2.143758992867799557e-02,-8.697616477684176617e-02
1.169912204140816536e+00,2.756979708041953914e-01,1.189005956609314324e-01,1.238859125060939093e+00,-6.970311672485429190e-03,-2.183183858662540375e-02,-8.738786884075529227e-02
1.169651170699377962e+00,2.760004113616121302e-01,1.320436736737513328e-01,1.238922436880569578e+00,-1.112672694451632277e-02,-2.313834535635525894e-02,-8.754973303256785577e-02
1.169394214313308034e+00,2.758242096889161332e-01,1.432434706347966158e-01,1.238970794642955342e+00,-1.350761696157389523e-02,-2.349831436142189173e-02,-8.774124881667817732e-02
1.169236133219017537e+00,2.763635636005410956e-01,1.519281376761359992e-01,1.239004042595853727e+00,-1.382062142902962081e-02,-2.433796611923482942e-02,-8.754233094451571717e-02
1.169064616074495744e+00,2.759747530684099615e-01,1.597079455204909459e-01,1.239030527670823112e+00,-1.615993569593955972e-02,-2.473383326773271815e-02,-8.804083735955703371e-02
1.168878008208566577e+00,2.727463243419090966e-01,1.626375910172183914e-01,1.239038694643645133e+00,-5.298607800469772033e-02,-2.482318054051890072e-02,-8.839484291049735931e-02
1.177116339495116293e+00,2.598040244347586958e-01,1.211278108110247220e-01,1.238547925886069878e+00,-3.087484852294420379e-01,1.562405696930784828e-02,-7.605635017143315413e-02
1.163795451662092972e+00,2.915041761835539535e-01,1.345031801864497167e-01,1.239172580327782214e+00,1.959527866283276853e-01,1.951815814281360750e-01,-8.992126098856524641e-02
1.167750728785411196e+00,2.658684829217243806e-01,1.321158185556508824e-01,1.238974649531087602e+00,-2.199743847815075967e-02,-2.792265599711001856e-01,-9.097909528242195676e-02
1.179597466586352894e+00,2.737104677612118842e-01,8.467197836220075047e-02,1.238291690379969223e+00,-2.805423406615796256e-01,2.722751448591408385e-01,-8.296631383515951086e-02
1.161636954434244196e+00,2.932390789655787144e-01,1.471060860133531767e-01,1.239293653843242637e+00,2.367439973771512940e-01,-3.416722688879071379e-01,-9.325131655997129232e-02
1.161416754424989595e+00,3.084477292437839968e-01,1.544916813522492771e-01,1.239334431607489018e+00,2.518519446703288422e-01,-3.296951199365179552e-01,-9.295373948987435686e-02
1.181510555512607530e+00,3.242039823580608049e-01,9.936362048550330395e-02,1.238334491049721153e+00,-2.711099841635994379e-01,2.449423346576440619e-01,-8.343079768121478001e-02
1.162222755116609996e+00,3.540758190242085934e-01,1.739029363128540562e-01,1.239328245016382057e+00,2.456880398100314833e-01,-3.373988608077945761e-01,-9.243851383438396463e-02
1.181717218618826060e+00,3.758078582532567435e-01,1.214687106338390304e-01,1.238364843648777747e+00,-2.831077598167928699e-01,2.520298706076289919e-01,-8.234893823232798671e-02
1.162573616234514384e+00,4.077721620224182275e-01,2.033323985308954085e-01,1.239215220879572588e+00,2.621974244739262438e-01,-3.435980886804905765e-01,-9.171128579615274445e-02
1.180190211542017309e+00,4.194686597021424768e-01,1.690585744448847294e-01,1.238438573046167779e+00,-2.590792126333787970e-01,2.697224504942830059e-01,-8.212790479532802723e-02
1.164369572494159399e+00,4.573783460438965442e-01,2.290437644462405831e-01,1.238918714726644277e+00,2.510482392186887401e-01,1.873249772859212070e-01,-9.175734980386916761e-02
1.167004716308001955e+00,4.269410215200424297e-01,2.664865244684850309e-01,1.238919800015459760e+00,-4.873978189468931919e-04,-2.830303411669990998e-01,-8.195685898639902545e-02
1.177288934252489261e+00,4.318103578248501107e-01,2.446876057693860851e-01,1.238533385471992876e+00,-2.462113527529571910e-01,2.737311574316738105e-01,-8.163136594787170908e-02
1.157655119247542830e+00,4.304377291559365326e-01,3.273049628210528139e-01,1.239013988519273246e+00,2.669816750549584561e-01,-3.269722511165127909e-01,-9.175573397403943843e-02
1.166273630985722010e+00,4.189234463256973906e-01,3.109788308627462472e-01,1.238833953611021110e+00,-3.044149690680170162e-02,-2.144301961569038822e-02,-8.790800683686855743e-02
1.175902361160410248e+00,4.086291551380337173e-01,2.831280633497900157e-01,1.238601716059431146e+00,-2.754990879201110188e-01,2.671990921697637300e-01,-8.285142725347748038e-02
1.164336631541260658e+00,3.944653256111930184e-01,3.277935923315396516e-01,1.238913976790826377e+00,-2.137428601341581982e-02,-2.807897333381740301e-01,-8.139409380865129939e-02
1.166241286815972611e+00,3.898142684746513931e-01,3.034566176838564000e-01,1.238967678960387842e+00,-2.520905902275775989e-02,-2.025384741180388803e-02,-8.543266999360610292e-02
1.158582625341916472e+00,3.845439501305308316e-01,3.117269697767324210e-01,1.239221152588581676e+00,2.074334723404583358e-01,-5.908350294959235915e-02,-9.847965401565085541e-02
1.166870390783425471e+00,3.638938208300087074e-01,2.816737065721946487e-01,1.239081014171976802e+00,-3.271023024525371303e-02,-2.228553526518738115e-02,-9.030955324153797092e-02
1.169592238240053206e+00,3.620142789721102483e-01,2.460313709064243792e-01,1.239059482944233181e+00,-7.434939302886851842e-02,2.315906570178541402e-01,-8.396267771197139795e-02
1.166417246403330887e+00,3.369071098960401134e-01,2.454429275283141754e-01,1.239210922225503664e+00,-3.780677328561428407e-02,-2.805408908948969215e-01,-8.126634913264343951e-02
1.168222800058134281e+00,3.463802027364491498e-01,2.276929699502550364e-01,1.239151840688135886e+00,-2.511420796623252405e-02,-1.962352191834706994e-02,-8.597287148172988447e-02
1.175724234437397264e+00,3.240534413680373205e-01,2.063785436925709427e-01,1.238873863685645782e+00,-2.698829449355754084e-01,1.770894333553884800e-02,-8.859998117159272046e-02
1.168329793772729053e+00,3.243015001876399239e-01,2.168218239328689734e-01,1.239165591461676152e+00,-5.199253236944079842e-02,-2.180501526433892973e-02,-9.067627380897591571e-02
1.167357335384152650e+00,3.100719176929624399e-01,2.112818666942203050e-01,1.239200574488621198e+00,-3.543597338885218911e-02,-2.877507220651120412e-01,-8.540230545545388074e-02
1.169302651827942130e+00,3.130754219524257698e-01,1.969629813074185165e-01,1.239120941014240085e+00,-1.884561099107839172e-02,-3.488180629728462184e-02,-8.709509552409119837e-02
1.168114645354988435e+00,3.151892091649943217e-01,2.027602394564109733e-01,1.239170501399840196e+00,-8.368445508820241546e-03,-2.730955282657770641e-02,-8.606571271333043893e-02
1.166080733804875758e+00,3.080061198645707154e-01,2.125393961116261721e-01,1.239247421825883100e+00,-6.924456929153426782e-03,-2.011692795992562482e-02,-8.569376824094514233e-02
1.165422654115488621e+00,3.052324014548253861e-01,2.111003681797445075e-01,1.239270020919548632e+00,-5.864382136986805855e-02,-3.226241145602568722e-02,-8.690217845628261939e-02
1.164641721002737995e+00,3.009049589835973149e-01,1.942297010400824975e-01,1.239286376241685472e+00,-4.140193065778365045e-02,-1.346546862787145922e-02,-8.746275035185316349e-02
1.157652031470030929e+00,3.026704127421649959e-01,2.026809159357128853e-01,1.239539907261366869e+00,2.195854781397288125e-01,-5.861675751250025601e-02,-8.791542272107844003e-02
1.165833266860721418e+00,2.820715915434136578e-01,1.756288798345425339e-01,1.239195779294995470e+00,-4.136557275817941831e-02,-2.105818189088333112e-02,-8.801531453364837276e-02
1.166171208958856731e+00,2.708222515104666273e-01,1.631898571392011998e-01,1.239137890865830594e+00,-3.639881341336315135e-02,-1.198463916577505867e-02,-8.810930680072269483e-02
1.167008634191589955e+00,2.652623373753991154e-01,1.558743107532651329e-01,1.239076743536292824e+00,-2.424607905794875021e-02,-1.926832451506396357e-02,-8.771451382926405416e-02
1.167340276100422569e+00,2.599799040955028118e-01,1.521955219094640321e-01,1.239041892639183517e+00,-4.784459007579857509e-02,-1.965705423205967722e-02,-8.794608589080547822e-02
1.159738777034883261e+00,2.577213014137031410e-01,1.642725945592010683e-01,1.239341271514120768e+00,2.088412484563463012e-01,-5.256143895760668344e-02,-8.785227656235412852e-02
1.166013069816049796e+00,2.162602233830729637e-01,1.395401524786956948e-01,1.238905585016162547e+00,-4.526715282503444848e-02,1.198997202521773393e-02,-8.758612027191445271e-02
1.166158184868401060e+00,1.939203641306902204e-01,1.320717763889756036e-01,1.238768468743082440e+00,-2.159878500387103079e-02,4.603741952916792952e-03,-8.742140302536188790e-02
1.167352398088441712e+00,1.837173807393578662e-01,1.233709389322045630e-01,1.238634999816482729e+00,1.546936721976869059e-02,-2.174247061149212415e-02,-8.664457360773911154e-02
1.166065715902323330e+00,1.699563185871332816e-01,1.432598762673353843e-01,1.238674970961688881e+00,1.449298097923210765e-02,-9.199415108713771775e-04,-8.750919029357494272e-02
1.166836136397255697e+00,1.521832580980768401e-01,1.563166770551483731e-01,1.238568583632441378e+00,-3.469780746929934656e-02,-3.683443491011982596e-02,-8.785152540505336560e-02
1.174738248803532503e+00,1.553692980393145961e-01,1.311096657199022630e-01,1.238203162074322350e+00,-2.863873759527643115e-01,9.981475497455163937e-03,-7.848667082275533058e-02
1.159262469888976188e+00,1.804643560818507964e-01,1.657968012831988192e-01,1.239041795051706529e+00,2.305537261839334662e-01,-6.575320037576470877e-02,-9.717362307155495704e-02
1.169290208813955401e+00,1.876726000634315883e-01,1.408704043395120342e-01,1.238648406053965978e+00,-4.302529260246450160e-02,2.269483926990516764e-01,-8.343795997718876645e-02
1.157937023714626035e+00,1.907772567563026933e-01,1.869747199022865070e-01,1.239180654142828297e+00,2.490424473704266894e-01,-3.277679896817239924e-01,-9.155946784495294644e-02
1.175027298458881653e+00,1.863170007545125739e-01,1.457981958270023193e-01,1.238431341179240919e+00,-2.530382647248233252e-01,1.582025863646319488e-02,-7.756806629681720078e-02
1.168008003592449828e+00,2.113638586467876668e-01,1.579605458327295320e-01,1.238864392860266062e+00,-3.691003322453961788e-02,-3.664632804159587837e-02,-8.762414856494354920e-02
1.168416627666957641e+00,2.266654111479648182e-01,1.488352811367148198e-01,1.238887056433814804e+00,-3.576343955745274472e-02,-3.426825016923799178e-02,-8.773702782434204817e-02
1.170065975399469549e+00,2.427671314512864220e-01,1.415712906979356145e-01,1.238857536588205299e+00,-2.435749916250536107e-02,2.271673278959792652e-01,-9.226207871202798949e-02
1.168675404234497117e+00,2.575482685522374471e-01,1.802677545570951501e-01,1.239046746844204128e+00,2.749682452884291001e-02,-4.066180970765968794e-02,-8.679882774368360976e-02
1.168143793508405803e+00,2.790161959390631830e-01,2.155890716815560826e-01,1.239139217263402148e+00,2.004045825137015790e-02,-3.902592049835500176e-02,-8.701731427155122434e-02
1.156946390939331160e+00,2.774482687913648049e-01,2.639360655488661722e-01,1.239482732248961439e+00,2.290649296120459699e-01,-3.082212565743864263e-01,-9.233072024972657776e-02
1.176359752345563336e+00,2.553737455498586995e-01,1.858454900207587579e-01,1.238746083225166217e+00,-3.181008941400739753e-01,2.776742664137845651e-01,-8.373173483144819018e-02
1.167801673950869201e+00,2.602360369992213207e-01,1.965009261824452180e-01,1.239105868245008013e+00,-4.157077367868667467e-02,-3.281076478353214809e-02,-8.714779961656264617e-02
1.168240833040249615e+00,2.663994926335554458e-01,1.777391227337554447e-01,1.239080133245436643e+00,-4.254064403782130410e-02,-3.072211859691421909e-02,-8.707899033447634440e-02
1.168599790010858452e+00,2.723191512079668475e-01,1.648716104959364326e-01,1.239053575375715033e+00,-4.089341045457350887e-02,-2.928663342756490304e-02,-8.754451572238051982e-02
1.168881158612201210e+00,2.767791952233579211e-01,1.547805104418439326e-01,1.239026197527735462e+00,-3.913243624488806083e-02,-2.787345031011300572e-02,-8.762799144353071445e-02
1.169188062395829952e+00,2.811573900180869834e-01,1.460453600954180475e-01,1.238996533633929031e+00,-3.692163611400496592e-02,-2.762659254979665108e-02,-8.784930470172470918e-02
1.169390358254169149e+00,2.845755300918131336e-01,1.396348019567675569e-01,1.238973237639467762e+00,-3.606885182583205451e-02,-2.646089992131950633e-02,-8.808300192862632272e-02
1.169624166319519931e+00,2.878389601253301122e-01,1.334308187380863764e-01,1.238946949210387727e+00,-3.452957331900638471e-02,-2.625199150504243725e-02,-8.786871103123285176e-02
1.168281510300995141e+00,2.754926519968712850e-01,1.388935378959218203e-01,1.238998132028109378e+00,-4.237917596087389417e-03,-1.181262181055395429e-04,-8.753972463075800070e-02
1.169036763640467491e+00,2.724879642900152055e-01,1.378880120610861959e-01,1.238960344751051990e+00,9.672041023000333554e-03,-2.077548261593818030e-02,-8.749813748697647664e-02
1.167824330052715132e+00,2.618594858286131255e-01,1.620036319064827590e-01,1.239053681540942753e+00,4.647466748684624116e-03,-9.385325096474713552e-03,-8.769219207453168852e-02
1.167936445365503451e+00,2.573472968078691081e-01,1.786389325215782808e-01,1.239071616652092755e+00,-6.144009368219849766e-04,-2.514855358489998666e-02,-8.701261018529683755e-02
1.167622868850575202e+00,2.582019082571833657e-01,1.946645465443664624e-01,1.239105948661712198e+00,-3.080898477998049879e-03,-2.612875248507756307e-02,-8.740467041747712607e-02
1.167357197364257138e+00,2.592547132186036052e-01,2.076487140595295044e-01,1.239126605879788734e+00,-5.570636746165095327e-03,-2.638885925818416564e-02,-8.748423241280946228e-02
1.167278975434476340e+00,2.542903852197669345e-01,2.021719864436055669e-01,1.239114235939726694e+00,-4.722430338318155812e-02,-2.602601769432688616e-02,-8.844555081675556374e-02
1.167610487008265086e+00,2.528971040744595888e-01,1.857302247535927986e-01,1.239082511867151126e+00,-4.352910985623990175e-02,-2.543089059405254787e-02,-8.881043438621995245e-02
1.167819037344222988e+00,2.499790430439662869e-01,1.721084202612942482e-01,1.239044461511552120e+00,-5.957017956077041709e-02,-2.542744562018954199e-02,-8.859881659485155381e-02
1.168332530729923935e+00,2.426177684816401559e-01,1.336120608421643985e-01,1.238895662606665171e+00,-1.036332296256915614e-01,-2.322075884076268970e-02,-8.893415988859285082e-02
1.163720870262824336e+00,2.745596653307690871e-01,8.951897194715327521e-02,1.238942135481896356e+00,1.344230017803569044e-01,-8.598408679464114579e-02,-8.909910624997866013e-02
1.179241030979173210e+00,2.697612006483609548e-01,6.518002743108170655e-03,1.237705052278491147e+00,-3.287830739511091727e-01,-2.580700683183362321e-01,-8.327903707304888659e-02
1.166929621400217165e+00,3.175576249566302023e-01,1.244954501138350158e-03,1.238194543723446506e+00,1.792285056796558140e-01,-6.575057222126787226e-02,-8.848178059025370301e-02
1.168998237949631758e+00,3.331849495415329931e-01,-2.287511790331317463e-02,1.237868452005402409e+00,2.059741336716094939e-01,2.014394604912801146e-01,-9.268094030583229337e-02
1.182244769006638663e+00,3.028374969694552776e-01,-4.223610583558752574e-02,1.237113287379256077e+00,-2.814371382739064842e-01,2.533321873049314277e-02,-7.771096081560786850e-02
1.168712348967486658e+00,3.338089387135970143e-01,-1.224318154793788832e-02,1.237989895645385863e+00,2.433731144035296556e-01,2.004476114959439781e-01,-9.200370381609804249e-02
1.171488058386368047e+00,3.027645555938738853e-01,1.793344399730351438e-02,1.238168303331556697e+00,-2.326484908872339125e-03,-2.719700723615855464e-01,-9.139564054262019899e-02
1.182034075050484745e+00,3.100755318504919145e-01,2.350034426987243717e-03,1.237596333422074313e+00,-2.504420761236000326e-01,2.892081429971040674e-01,-8.244006867467662536e-02
1.164339502369911017e+00,3.161267310048968548e-01,7.743995194529432191e-02,1.238890014339735446e+00,2.374934054683058848e-01,-5.767926394641394866e-02,-8.792121512784588366e-02
1.178564810543604180e+00,2.859438729033623172e-01,5.894791696030739214e-02,1.238189800800732154e+00,-2.523918860068330994e-01,3.013165084335550983e-02,-7.776523036346949524e-02
1.164868674165032481e+00,3.118482159630857620e-01,9.997708371498813251e-02,1.238997290597526835e+00,2.306094729620736250e-01,1.980072804705712008e-01,-9.260475270835256956e-02
1.160304959254808033e+00,2.931175316176156675e-01,1.429668474585052973e-01,1.239327336893287779e+00,2.505457464511692822e-01,-3.097888282506481294e-01,-9.193197065668706758e-02
1.178969570242824672e+00,2.865279016424460701e-01,9.645094501307760471e-02,1.238404598930248568e+00,-2.810752830682588521e-01,2.828233478621007824e-01,-8.312874183298520070e-02
1.164136851953972984e+00,3.146929714956439583e-01,1.420464338997731168e-01,1.239201911486080609e+00,2.423811341093811689e-01,1.899061906583426051e-01,-9.305425222394622664e-02
1.174690838985411823e+00,2.664205572074803685e-01,1.435762917129858041e-01,1.238745184008523070e+00,-2.643123650412811387e-01,-2.355880783106603094e-01,-8.290800751447945094e-02
1.170241627962688824e+00,2.878631815670537608e-01,1.390796889213473664e-01,1.238943164178716083e+00,-1.611175160555776767e-02,2.467476930457804252e-01,-9.229643880030050096e-02
1.163589103501535327e+00,3.028670544487736538e-01,1.625957719699667459e-01,1.239274173427642234e+00,2.012996210084316839e-01,1.816286359793211347e-01,-9.316836831502184335e-02
1.174122248345430553e+00,2.602895835550668169e-01,1.553201911774768629e-01,1.238788317994214072e+00,-2.566167106678760579e-01,-2.312748247295899617e-01,-8.269608917453066810e-02
1.163189168435734278e+00,2.991769644957896213e-01,1.701746591623136684e-01,1.239302264023158129e+00,2.141806100147661540e-01,1.859765696676730085e-01,-9.322724613853507203e-02
1.166644490924667821e+00,2.725373092407359366e-01,1.837565182799020258e-01,1.239161950843029159e+00,-1.579873113512614974e-02,-2.773605360448407886e-01,-8.302043669192690767e-02
1.178011122805788125e+00,2.750138311621295739e-01,1.416634979239831948e-01,1.238620597903269616e+00,-2.764613663125275456e-01,2.718662526365916432e-01,-8.317900276052773989e-02
1.160912052151087170e+00,2.849609574978489435e-01,1.893157778255063761e-01,1.239397279117832928e+00,2.099031789528744141e-01,-7.176776484427879743e-02,-9.768887698341287285e-02
1.159043436193034404e+00,2.729909988910257934e-01,1.927192143134828506e-01,1.239445872089399492e+00,2.024938720329842456e-01,-3.236213075655149929e-01,-9.356569218488777762e-02
1.178262680258970407e+00,2.652995882963847807e-01,1.178763489591034275e-01,1.238499493010370545e+00,-2.828449547959899779e-01,2.748718235996084891e-01,-8.303024011705957552e-02
1.159378576224694646e+00,2.694791499214290176e-01,1.800812072323066670e-01,1.239411146065831026e+00,2.297195420986921643e-01,-3.252533846174733845e-01,-9.270725850826727621e-02
1.178397072017981273e+00,2.768325388548082411e-01,1.184965910280968426e-01,1.238519635635363381e+00,-2.780392772350751551e-01,2.776082842139307449e-01,-8.273201683011356666e-02
1.164808324514724935e+00,3.207601108486695107e-01,1.548797442349847953e-01,1.239216186821428423e+00,1.899489423158917389e-01,1.639580225192505403e-01,-9.321261119006366003e-02
1.176732310581511065e+00,3.110952920842321445e-01,1.390409845900100749e-01,1.238704012966891588e+00,-2.634746024357941807e-01,-2.613456961750069141e-01,-8.235307275652234416e-02
1.166121124235803386e+00,3.826355947778772859e-01,1.551270839069965324e-01,1.239086987011488228e+00,1.981416154206771252e-01,1.653634861584303006e-01,-9.342263262499642118e-02
1.177908012121720693e+00,3.683261013135632478e-01,1.449996221166581500e-01,1.238627802751671503e+00,-2.758983158353499610e-01,-2.641091632142384404e-01,-8.291894268749047670e-02
1.170521333136961939e+00,4.040973034958435517e-01,1.658503843608758743e-01,1.238881493250556298e+00,-1.363384348492448737e-02,-2.935236169704438791e-01,-8.274801341300147550e-02
1.166645513225189390e+00,4.429366422176213014e-01,1.599284085010622969e-01,1.238848921565005368e+00,2.053669956923059869e-01,1.830971172996748719e-01,-9.315174952928668983e-02
1.178324212340809085e+00,4.106371443824314849e-01,1.522882673873972303e-01,1.238510665597763571e+00,-2.779731246151443957e-01,-2.578129197276561313e-01,-8.229886490598729842e-02
1.179794270922812860e+00,4.247995082603685524e-01,1.405440649562740840e-01,1.238355865540747835e+00,-2.746255010341296932e-01,1.048406667136042754e-02,-8.781179016678195004e-02
1.162237539319003421e+00,4.375185290071785804e-01,1.949256789402594447e-01,1.239095263885624743e+00,2.259977241580334029e-01,-3.167993208442593245e-01,-9.386806221872986966e-02
1.173524932250255448e+00,4.451973536911935647e-01,1.568553941609197588e-01,1.238564488469241498e+00,-2.966705374190771807e-02,2.406332747365024782e-01,-8.312677626990883084e-02
1.173484857443889862e+00,4.437931026879486374e-01,1.662413105213892128e-01,1.238595781289668629e+00,-2.836903233487755860e-02,2.287621443956096567e-01,-8.024931907714219492e-02
1.163053318415463222e+00,4.438860895347735980e-01,2.126910629896085203e-01,1.239043293343941921e+00,2.613220720013612053e-01,-7.066718625211973470e-02,-9.556496293027452738e-02
1.177386968741203077e+00,4.249212642772705606e-01,2.017365723234301189e-01,1.238576014442131390e+00,-2.554396014175622787e-01,8.189904534320380930e-03,-8.872465695760489712e-02
1.168112950961138319e+00,4.262635254553973629e-01,2.448350097067663600e-01,1.238920618999181045e+00,1.043749374510317962e-02,-8.937161317859512039e-03,-9.063073346292582766e-02
1.165159815755363093e+00,3.945398804845264285e-01,2.806336161389719752e-01,1.239072338566917564e+00,1.728789883448915779e-02,-2.630940024524489607e-01,-8.292752477729256610e-02
1.168152123064478687e+00,3.885098560101066245e-01,2.748781611408153136e-01,1.238994902257550601e+00,-8.541869802430624228e-03,2.471594663537043102e-01,-8.067645124781186450e-02
1.166564593932846172e+00,3.572629677999100695e-01,2.913184147090165932e-01,1.239072649334060028e+00,-3.372207091740549167e-02,-3.339656990649771118e-02,-8.615808396766454214e-02
1.174157490248806113e+00,3.471223268587649291e-01,2.692260477914392713e-01,1.238857605067416934e+00,-2.651922983826692226e-01,7.235946684179973137e-03,-8.829104498722592509e-02
1.166597916523636647e+00,3.602073297426696130e-01,2.915002799121026444e-01,1.239066053201095308e+00,-1.576559432229880653e-02,-3.174849808518062644e-02,-8.954782307595268720e-02
1.165846547893238272e+00,3.357650919994168981e-01,2.820312631223959032e-01,1.239152876140148907e+00,-4.017372505065112953e-02,-9.404775140183766272e-03,-8.950534253655825778e-02
1.166027922371825509e+00,3.114480594955508219e-01,2.665051155537029315e-01,1.239191400606274751e+00,-3.563343025249425533e-02,-8.993764806410243715e-03,-8.720390789841958590e-02
1.166297135728896039e+00,2.971920818640237938e-01,2.536453504701199346e-01,1.239198441605498413e+00,-3.300518247396918431e-02,-1.280608272660609982e-02,-8.587266987994757184e-02
1.158762003691759856e+00,2.861562823290329516e-01,2.505976426446525629e-01,1.239459887796788173e+00,2.134603631002129909e-01,-5.444628295219795799e-02,-9.698240740887632827e-02
1.166890058518994966e+00,2.598318839532339775e-01,2.134304720901756547e-01,1.239146661600196708e+00,-2.660934174377828018e-02,-1.660197731620493070e-02,-8.972551286054199216e-02
1.167605648112638006e+00,2.538746984490398151e-01,2.079978845179348279e-01,1.239103435666187636e+00,-2.420388293176222241e-02,-3.413674217679515954e-02,-8.910276355942826909e-02
1.169598905041350667e+00,2.797232431918271756e-01,1.955500799903650277e-01,1.239076543242652706e+00,-3.855233989321341787e-02,2.301180298787245670e-01,-8.269703829212823876e-02
1.168958952133934082e+00,2.933080139163961597e-01,2.031962679077400358e-01,1.239124852334333893e+00,-2.619013583126563599e-02,-5.198234897831865986e-02,-8.635899740484129228e-02
1.169621141550479138e+00,3.234700535703315949e-01,1.905817049371009708e-01,1.239103265715432833e+00,-2.236625262035164124e-02,-4.692231385338183069e-02,-8.807209752657697843e-02
1.170226702259528961e+00,3.449160074441064427e-01,1.778154902461968889e-01,1.239049529989936227e+00,-5.097745872076359791e-02,-4.283277311630166728e-02,-8.871387169566447017e-02
1.169441593169756821e+00,3.513549122021758508e-01,1.664897826854989937e-01,1.239050415128899463e+00,-4.601529750620792641e-02,-7.630434954289215532e-03,-8.816389977195399075e-02
1.169533180668782979e+00,3.295698452669655887e-01,1.529191327517067100e-01,1.239031932886571541e+00,-4.433796429603758388e-02,-1.136608640441160237e-02,-8.861847706453687690e-02
1.169554171002547660e+00,3.124222469315608985e-01,1.411764303961121070e-01,1.238996325158245426e+00,-4.167050250996948146e-02,-1.298419484414949782e-02,-8.826033633511151666e-02
1.169583539750020718e+00,2.988916362871175125e-01,1.319183058612947712e-01,1.238954867699258777e+00,-3.797803245217566681e-02,-1.519534527394357862e-02,-8.818671899959518168e-02
1.169582496612188827e+00,2.883054766245102818e-01,1.241582384730383626e-01,1.238913326075724575e+00,-3.694934568800593150e-02,-1.619798090847915720e-02,-8.834970358607882601e-02
1.169580771839675348e+00,2.799652171564909198e-01,1.178559610169463284e-01,1.238874664483784693e+00,-3.477045034694300346e-02,-1.699045305846786161e-02,-8.850398121306850274e-02
1.169595862394367414e+00,2.732227797546404879e-01,1.126103033451385377e-01,1.238838692822169962e+00,-3.414012982468034307e-02,-1.820370515076936285e-02,-8.856873634821636754e-02
1.169586717312890878e+00,2.686611745958069064e-01,1.095063203590788542e-01,1.238815446517679719e+00,-2.389596435209863368e-02,-1.841897589269675048e-02,-8.836650113657935901e-02
1.168147695892483684e+00,2.591445387421683622e-01,1.398514264564184040e-01,1.238971269932745756e+00,1.890604400623595305e-02,-2.845411730680345169e-03,-8.774507151893672086e-02
1.166175723823426713e+00,2.218036181525259720e-01,1.695485362667031037e-01,1.239003792276716753e+00,3.190058300131603380e-02,1.431164235298518737e-02,-8.809508822437130127e-02
1.164459165777651961e+00,1.664969300124347629e-01,2.058572925669987508e-01,1.238825887665304215e+00,3.669999665839843855e-02,2.021747727926282573e-02,-8.557580503297847196e-02
1.166114719940315236e+00,1.257733932990967307e-01,2.149793604930674562e-01,1.238476324902481052e+00,-2.619398425542383488e-02,2.498042357804248215e-01,-9.050229997806785720e-02
1.162648539130483938e+00,9.295655845205244572e-02,2.466935139153543233e-01,1.238296151109284038e+00,3.386085711030157458e-02,-2.739318634253411489e-01,-9.221098700771432344e-02
1.170639824188320688e+00,7.635682563634685338e-02,2.399744006868969048e-01,1.237846415550575507e+00,-2.758304905488201397e-01,-2.494500142328499870e-01,-8.564155818869914616e-02
1.158608769057829058e+00,1.318183645156514872e-01,2.449202622782307159e-01,1.238771334383571343e+00,2.254040390246102865e-01,-9.127505056923029825e-02,-8.998127014565256154e-02
1.166324378733657019e+00,1.458562462018085093e-01,2.058118184351945545e-01,1.238618502413902922e+00,-6.157274509110399058e-02,-4.716491094333680190e-02,-8.726791882132958755e-02
1.172504525444664880e+00,1.491345713982752397e-01,1.787009936896696016e-01,1.238377478473632776e+00,-2.741677462147146249e-01,-2.571443262862151413e-01,-7.969870025560527038e-02
1.166907651680118674e+00,1.851195054841844323e-01,1.705636745266543852e-01,1.238803353164126708e+00,-5.904997666884388013e-02,-3.470218002657055045e-02,-8.824911494299181314e-02
1.161957701291555178e+00,2.254427228560699492e-01,1.566039444474212616e-01,1.239141091170396836e+00,2.334906214438395855e-01,1.875817445240104409e-01,-9.495503445326256009e-02
1.168115923891727803e+00,2.123486025932742882e-01,1.520606864807012293e-01,1.238848819022608794e+00,-5.100176032587441094e-02,-4.081580593252434608e-02,-9.043104259528456090e-02
1.176095016586150122e+00,2.171171223399136763e-01,1.301589001187006545e-01,1.238483409769415511e+00,-2.776539080819646066e-01,6.365779425691467548e-03,-7.769288220441503134e-02
1.171088110649434189e+00,2.555951442732065093e-01,1.313197351348458497e-01,1.238819042614228927e+00,-2.676805781424826391e-02,2.106448916356331580e-01,-9.110937555246867436e-02
1.166966599963990214e+00,2.586216100038327692e-01,1.628578922655823658e-01,1.239079969762983513e+00,2.163552866505548530e-04,-2.870082525541677310e-01,-9.309446763679338210e-02
1.176992298535105119e+00,2.690388746712627510e-01,1.321553857319112402e-01,1.238617681298336715e+00,-2.949172260880185692e-01,1.088903091334690078e-02,-8.134344122940602440e-02
1.162608870098415181e+00,3.024737777167719743e-01,1.549873405992486797e-01,1.239289948711276956e+00,2.272270374024518425e-01,-7.441074035598366221e-02,-8.934162509904194915e-02
1.177741188465613043e+00,2.759921615127839956e-01,1.043563814905967280e-01,1.238479701784908960e+00,-3.340564266497070833e-01,1.317415222229818134e-02,-7.710066525682311711e-02
1.176575894671459954e+00,2.712660454405099175e-01,8.951559938409855977e-02,1.238440168288913679e+00,-2.897214986789650171e-01,-2.449296352258381881e-01,-8.117305992441269102e-02
1.177102021687852051e+00,2.749533340380206914e-01,7.331699626001612902e-02,1.238328600669351909e+00,-3.008579498510006167e-01,-2.450013184510558550e-01,-8.314025545193597100e-02
1.166396347191816840e+00,3.218213136229214899e-01,6.852308305574071612e-02,1.238757763920891097e+00,1.877249827113704750e-01,1.889776317085368751e-01,-9.462604298538361547e-02
1.170436823804029247e+00,2.928034473536900717e-01,5.857161663209244779e-02,1.238522297533888095e+00,-2.820325811312914335e-02,-2.823768147631963710e-01,-9.356769311454427029e-02
1.164774766300691544e+00,3.146914508636362573e-01,6.187111657661608505e-02,1.238772451095851101e+00,2.125703524145709233e-01,-5.595574930287292720e-02,-8.886521988681125861e-02
1.182131974211266812e+00,2.977750751284947706e-01,5.535038819699370817e-03,1.237614325450173025e+00,-2.908966315110013690e-01,2.758909529247165482e-01,-8.307782425099456691e-02
1.169977350428459406e+00,2.880405208620830937e-01,5.031931651233101377e-02,1.238474892742576383e+00,1.169351903713058624e-02,-2.672528590335055965e-01,-9.159449635738936557e-02
1.165631653202594098e+00,3.078157144550061064e-01,5.803851389264733790e-02,1.238711979662194818e+00,1.992845567427305176e-01,2.066825793462268024e-01,-9.349018628042150836e-02
1.162435145462012764e+00,2.895048807465910867e-01,8.056345881090014316e-02,1.238959261888615382e+00,2.666050873637904606e-01,-3.226076434234464996e-01,-9.224619811917786349e-02
1.180172520048454299e+00,2.737321458511910444e-01,3.019314217078325827e-02,1.237882477756106825e+00,-3.114067513201293491e-01,2.892859615737185530e-01,-8.339402318083068144e-02
1.181058130642197668e+00,2.824395847262535786e-01,3.247013592388230813e-02,1.237878515288224568e+00,-2.581611628397784131e-01,2.719358537253733221e-01,-8.274451894565050536e-02
1.161398755376059411e+00,2.830260356578126468e-01,1.121562677403929731e-01,1.239155140560036505e+00,2.372072531994345035e-01,-3.228234271255329135e-01,-9.271753754250841584e-02
1.168951702774580159e+00,2.776312595302809494e-01,1.052651151737491880e-01,1.238836410851947178e+00,-1.823848398586148598e-02,-2.806115375012098179e-01,-8.309027232097900006e-02
1.180516802811173882e+00,2.872351066807101172e-01,6.626501966829646817e-02,1.238159462436439595e+00,-2.791858903874873121e-01,2.656698762037038031e-01,-8.296824120059811958e-02
1.161132425421586456e+00,2.927122629055970426e-01,1.342837671844360203e-01,1.239268186324073096e+00,2.533326372151800676e-01,-3.235685015370806661e-01,-9.243249558834062962e-02
1.177204412074029927e+00,2.708764830906586485e-01,9.378183921863184058e-02,1.238437173840663874e+00,-2.754053951839413594e-01,2.717525914511236332e-02,-8.725848098319205493e-02
1.172086536692824810e+00,2.911158014594343868e-01,1.034531096653584920e-01,1.238725693176082165e+00,-2.095651512908753428e-02,2.330472893014245150e-01,-8.339778013497103903e-02
1.162383615915498325e+00,2.926515018044584804e-01,1.445228625193192007e-01,1.239258482986785870e+00,2.297745198634320030e-01,-7.418282651299788755e-02,-9.788867110230284330e-02
1.175206463661118805e+00,2.691169320445973567e-01,1.286403415062462585e-01,1.238677318259752136e+00,-2.487825834459769792e-01,-2.353076998056606584e-01,-8.210185802285394074e-02
1.164211303125889607e+00,3.115262725139532063e-01,1.406799246693418437e-01,1.239193848002630105e+00,2.092366332222335701e-01,1.872651632149102963e-01,-9.309744404550489294e-02
1.167756145250125499e+00,2.840724806536331082e-01,1.475131292845017761e-01,1.239059761613118038e+00,-2.225264979830525978e-03,-2.744668668846176329e-01,-8.218721560966020523e-02
1.161347318452232491e+00,2.914217464859698570e-01,1.566030274619111262e-01,1.239328712727286286e+00,2.284840030190001536e-01,-5.617971833075625226e-02,-9.804100712287805441e-02
1.176920963837747580e+00,2.668719385078096584e-01,1.166621006673566607e-01,1.238553084438027918e+00,-2.576341795639917609e-01,1.652850831337757467e-02,-8.777802013196869813e-02
1.159849276985403854e+00,2.839240844355340743e-01,1.691037809035041972e-01,1.239400477727943706e+00,2.441809072967862648e-01,-3.199312177515660216e-01,-9.332473799914522972e-02
1.171161190148954478e+00,2.889697284823997681e-01,1.315189343254944410e-01,1.238881939581632841e+00,-5.016619982185858279e-02,2.363455999467075075e-01,-8.433918089149272657e-02
1.174740746167360683e+00,2.565389945291892682e-01,1.395346814045831108e-01,1.238706235033648628e+00,-2.563742759270444260e-01,-2.376001001571684534e-01,-8.319035443298825050e-02
1.163242978149066520e+00,2.915834239374776593e-01,1.564814033261640314e-01,1.239261055971748515e+00,2.198898658315338317e-01,1.917151952911360091e-01,-9.334746783735786702e-02
1.168947583368477261e+00,2.688471756658842304e-01,1.539606121275395589e-01,1.239006167645091194e+00,-3.426506044588513433e-02,-2.813438695118821928e-02,-8.787555752815931487e-02
1.174385778141474379e+00,2.497775666285203811e-01,1.480353530414901531e-01,1.238729151713378274e+00,-2.571672272844187646e-01,-2.378571223358175446e-01,-8.253721418434691037e-02
1.176702573463040302e+00,2.566881921689767032e-01,1.299483221003193134e-01,1.238592427900089277e+00,-2.648649871477003481e-01,7.746264821935757404e-03,-8.750859191829807315e-02
1.160996127635761210e+00,2.801732023049476883e-01,1.660628136751531314e-01,1.239348170289243045e+00,2.321645291664989896e-01,-5.883898675067805034e-02,-9.834731735061102986e-02
1.168762716860404449e+00,2.691187794161296054e-01,1.484709870397365461e-01,1.238998079122329177e+00,-2.993803442035101667e-02,-1.973179320316411495e-02,-8.720282004150900490e-02
1.169704156468402534e+00,2.745613093303192476e-01,1.459924334339713081e-01,1.238965278869212483e+00,-1.160301816097438106e-02,-3.994584774946035449e-02,-8.735213895067535372e-02
1.169351071514938889e+00,2.789028638940123095e-01,1.527243295042333693e-01,1.239006270730483639e+00,-4.303447407675780462e-02,-3.338917391830387854e-02,-8.999070911544214402e-02
1.171604544735902032e+00,2.942943225475657676e-01,1.334632146239292383e-01,1.238877967446599060e+00,-3.895767401844753286e-02,2.279524255222299955e-01,-8.652185875103825252e-02
1.169992854774918101e+00,2.780888784469515151e-01,1.236161701060810164e-01,1.238880038168400199e+00,-5.812269779379031220e-02,-3.003285673619120882e-02,-8.845031357224211743e-02
1.169936240190821097e+00,2.770543355940661145e-01,1.044784044199013051e-01,1.238793826164162892e+00,-5.387300074259219335e-02,-1.750822710104709551e-02,-8.556003626770353199e-02
1.170209757689285368e+00,2.792072037673458129e-01,1.000442149207440706e-01,1.238764554785180882e+00,-4.461804380932354180e-02,-2.129036380701761905e-02,-8.728400061908943297e-02
1.177761861103206797e+00,2.703204581044897359e-01,8.665449139651307253e-02,1.238373157809739444e+00,-2.455544700802892166e-01,1.712625259010584419e-02,-8.938927864430676329e-02
1.171962961788118873e+00,3.116666229196466409e-01,1.230398569207745707e-01,1.238835305394764941e+00,-3.866737678209053453e-03,-6.005717222734883315e-02,-8.895702494044917252e-02
1.169823586086566447e+00,3.400929830409268884e-01,1.572643388781851392e-01,1.239025881917584559e+00,-5.559235704271668155e-04,-3.025964900724028572e-01,-8.177933911274919143e-02
1.172322789910449803e+00,3.847343062505952926e-01,1.582890273530048464e-01,1.238852795727754863e+00,-2.254898627040623563e-02,-5.805969887884811220e-02,-8.514983532642211861e-02
1.180702401712573568e+00,4.208070778383731225e-01,1.437641243059079033e-01,1.238344892891606985e+00,-2.970772388580469325e-01,-2.130344367412093792e-02,-8.703352404648487251e-02
1.173848119280287872e+00,4.748122197196838479e-01,1.634048621142795976e-01,1.238396735066086274e+00,-2.855753549232230987e-02,-5.374574655851465516e-02,-8.998308507252462951e-02
1.173188443239522316e+00,4.872990586368809995e-01,1.618647333300420876e-01,1.238336477636737820e+00,-4.525474510454032678e-02,-2.377151323893616358e-02,-8.954555802960287303e-02
1.172591254421215590e+00,4.696091754254164141e-01,1.564643077990475750e-01,1.238462156148466997e+00,-4.164665735310305733e-02,-1.095941293945270484e-02,-8.862568812988089184e-02
1.172508322777976453e+00,4.500983957995665086e-01,1.502253145387366096e-01,1.238560702577304662e+00,-4.112384361986325121e-02,-1.322446272745087491e-02,-8.871115169473803297e-02
1.172367341925358630e+00,4.350321065600129544e-01,1.466287830238126311e-01,1.238631695055717019e+00,-2.507735695121228112e-02,-1.499079093628539680e-02,-8.843701404495923901e-02
1.173559468295424235e+00,4.252913070850161126e-01,1.401103392779682322e-01,1.238607829236692215e+00,-4.003870852180339140e-02,2.468439969955694702e-01,-8.301732605963793588e-02
1.171123497429614524e+00,3.977955223943495655e-01,1.546984802093853417e-01,1.238851848041694570e+00,-2.557760269351167307e-02,-1.275326631662952563e-02,-8.754246214198026232e-02
1.170599626677377714e+00,3.849302916524532381e-01,1.635391968447433286e-01,1.238932263793666610e+00,2.151020396558185176e-03,-1.463799439439409690e-02,-8.747695586055800887e-02
1.169819533445189741e+00,3.726790929211382664e-01,1.832534788669824832e-01,1.239028903652148017e+00,-3.058031280201762084e-03,-1.850953649004521973e-02,-8.791274668074543219e-02
1.169213234163105630e+00,3.633157250186896392e-01,1.984916241148305949e-01,1.239087212666481808e+00,-4.904317835095112904e-03,-2.012660909289406413e-02,-8.815262517445107693e-02
1.168721679729002094e+00,3.550026307054618968e-01,2.117092328193630468e-01,1.239125301507418619e+00,-8.627006114290210539e-03,-2.184894470168420588e-02,-8.835719868429894874e-02
1.168342280308180436e+00,3.486084764573232353e-01,2.220592034825187022e-01,1.239147267048589240e+00,-1.187439702733119815e-02,-2.288658161602651758e-02,-8.839565567412421832e-02
1.168046658180051711e+00,3.428791093083613517e-01,2.307559164163360543e-01,1.239160138437842118e+00,-1.256912713088157232e-02,-2.418512924744440490e-02,-8.837138565937968648e-02
1.167860131648342126e+00,3.385634227450142753e-01,2.371467722012178536e-01,1.239165479667537539e+00,-1.283602993693291720e-02,-2.563978414332529487e-02,-8.815961991802544195e-02
1.167650283732173833e+00,3.346161300251359050e-01,2.432888976307823470e-01,1.239169181751950566e+00,-1.446568597256618627e-02,-2.612888967243970351e-02,-8.839159410546791606e-02
1.167549355922205212e+00,3.355968994087181745e-01,2.511940312913370499e-01,1.239160918824166346e+00,2.764506484102350128e-02,-2.693326069838111042e-02,-8.761599362643857081e-02
1.166664170009457102e+00,3.344961093613138536e-01,2.834635512705277471e-01,1.239119001973309153e+00,1.977750507882593614e-02,-2.846882944427771289e-02,-8.786126389232290501e-02
1.173525936603483810e+00,3.232737618609117236e-01,2.938363623023786397e-01,1.238824637622523817e+00,-2.481927200283996215e-01,1.418778509200897646e-02,-7.847136486301677094e-02
1.165912347125255932e+00,3.405888473960335672e-01,3.188485316126877245e-01,1.239005711686288702e+00,-1.044705990227675317e-02,-3.698311877484853488e-02,-8.598273294850790338e-02
1.165787241791757411e+00,3.382311454681930507e-01,3.155340904900073573e-01,1.239027438637591683e+00,-5.796347140483903981e-02,-3.564255009598506219e-02,-8.756791226877319589e-02
1.164167282673570947e+00,3.264193483135388596e-01,3.080969536497525363e-01,1.239125212643077623e+00,-2.759801176191565425e-02,-2.863133706770021325e-01,-9.500292085861999913e-02
1.176124058753044377e+00,3.275088632170031766e-01,2.491948790486130938e-01,1.238832125319019095e+00,-3.188153397048161253e-01,2.691012570332302345e-01,-8.731799069308859851e-02
1.159477049566056239e+00,3.334429542521833434e-01,2.717843656674100439e-01,1.239410507488608593e+00,2.040762211745152932e-01,-5.883628966923813708e-02,-8.978185925839216042e-02
1.175028794631347573e+00,2.956333362621494376e-01,2.179303707063925399e-01,1.238892035869149533e+00,-3.235321148573219174e-01,1.826762896008022816e-02,-7.708765524694555227e-02
1.166342439860665436e+00,2.956974570770682376e-01,2.200893384639875661e-01,1.239228263514931427e+00,-2.807816488308824410e-02,-2.889044218890770566e-01,-9.121689938512086981e-02
1.170475508239439577e+00,3.183447445343461357e-01,1.859107417079556845e-01,1.239065036088132565e+00,-4.362380008289024752e-02,2.256733894290451348e-01,-9.491981176595853942e-02
1.161050526633927937e+00,3.254632184583988175e-01,2.135034657333481911e-01,1.239431142769315208e+00,2.010681304590835605e-01,-6.112441234357332553e-02,-9.198281277475886530e-02
1.161030094079584796e+00,3.193720755038397807e-01,2.058351653601038223e-01,1.239430732787395018e+00,1.973030906229338299e-01,-5.731763080160561658e-02,-8.898781370615227448e-02
1.168727848017036886e+00,2.956620715014081080e-01,1.709585631025488106e-01,1.239095766525658115e+00,-5.379534059498436438e-02,-1.917206375094253346e-02,-8.599988217092947862e-02
1.167713427440232987e+00,2.926655163829619544e-01,1.628854049542222959e-01,1.239113610556392020e+00,-9.159565338565524295e-03,-2.853745141763513460e-01,-9.053281687878680928e-02
1.171679244952456234e+00,3.100356818876680576e-01,1.250013766727216813e-01,1.238853828851687711e+00,-5.967872865745565275e-02,2.327612269814928192e-01,-9.415004960998232808e-02
1.172060544037813790e+00,3.050257805133581024e-01,1.103146608590181016e-01,1.238772307548692719e+00,-4.065172765247778569e-02,2.323198047648175890e-01,-9.654722422230399559e-02
1.169042604487432691e+00,2.806943694678703527e-01,1.275658225430147952e-01,1.238936586734855849e+00,-9.985847507957636843e-03,-3.507626828215021104e-03,-8.955242072978703005e-02
1.160804890919540977e+00,2.673993051260546427e-01,1.543797774391980071e-01,1.239302132000295931e+00,2.077495220328849368e-01,-4.631709541294472959e-02,-8.702028328128272316e-02
1.165942148902340492e+00,2.256439002375321135e-01,1.456498878882706571e-01,1.238966113656520873e+00,-2.961485669036428500e-02,-2.685750566177199650e-01,-8.866137297468476564e-02
1.158063516615988053e+00,2.601312743534384686e-01,1.269456419090634058e-01,1.239288793189998072e+00,-1.878679856853156943e-02,-4.685029763745538617e-02,-8.872873838994027595e-02
1.119768640995981279e+00,3.081035678412267775e-01,1.903862992186623748e-01,1.240549810181927004e+00,8.010109419542059683e-01,-4.145594044150255897e-01,-1.025505780222176755e-01
1.115531870032444361e+00,3.148867356024624975e-01,1.899340967211295694e-01,1.240632126335168062e+00,7.998303915075111181e-01,-4.089077658792977243e-01,-1.024698035322231665e-01
1.116174880445637729e+00,3.243696162128132388e-01,1.783618652261390602e-01,1.240604359006676871e+00,7.921362266238828331e-01,-1.394760583699654610e-01,-1.072851630218001062e-01
1.115009669500876877e+00,3.335854295850915752e-01,1.670031655706440965e-01,1.240600572230755816e+00,7.785503904948597453e-01,1.282005783348091066e-01,-1.030461837806431608e-01
1.100619934929478516e+00,3.446778306102419309e-01,1.811060790554733235e-01,1.240838534055568099e+00,1.052709246169950541e+00,9.030934993940149813e-02,-1.124563353870118299e-01
1.077331838461507152e+00,3.771592677009331651e-01,2.013859612987140557e-01,1.240999736896270633e+00,1.581420471257292792e+00,2.806577744996626156e-01,-1.173574689995054571e-01
1.069841501459656952e+00,3.912289135753172498e-01,2.208302887606692078e-01,1.240985633645310671e+00,1.848419290496853717e+00,2.412685892620310968e-01,-1.172792051750022602e-01
1.062236226134205985e+00,4.042852046422351631e-01,2.373459455558967757e-01,1.240932132141167488e+00,2.121663289587493395e+00,2.019592475943811638e-01,-1.266256528811228466e-01
1.037627028641078919e+00,4.863708117446736146e-01,2.631729853995197210e-01,1.240316514804433057e+00,3.158135111308256970e+00,1.113593206025703441e+00,-1.464822712047470499e-01
1.017784460864779250e+00,5.415638900099157826e-01,2.952865198582619866e-01,1.239497628045994393e+00,3.943089707717564174e+00,1.530767029981665139e+00,-1.565083837002910760e-01
1.011613275841503068e+00,5.622298269059228248e-01,3.022410853386064411e-01,1.239155480990000058e+00,4.201986900000916236e+00,1.758726389973268356e+00,-1.615904530233309988e-01
1.005463805157155388e+00,5.829336925902761646e-01,3.085889087267902897e-01,1.238782006594535856e+00,4.460660260038997293e+00,1.986478974469888525e+00,-1.663884960449739103e-01
1.005479313858359536e+00,5.834724874960625085e-01,3.091468848982626971e-01,1.238774169515881818e+00,4.462223643035624576e+00,1.986332053065386294e+00,-1.663708143218027569e-01
9.918138436163238536e-01,6.182116588372622568e-01,3.349775681773742853e-01,1.237903653121663616e+00,4.987637051613543093e+00,2.175108937447254309e+00,-1.713783554224266870e-01
9.931434480149103905e-01,6.246993624986991733e-01,3.224564548365810857e-01,1.237923568118686424e+00,4.979552295152834596e+00,2.442054299043986187e+00,-1.761931008166686685e-01
1.008297689160523536e+00,5.990398929462102950e-01,2.866171112088027328e-01,1.238746456402802787e+00,4.439877330967661351e+00,2.520438286731042865e+00,-1.668887086905471717e-01
1.080432159327407771e+00,3.965542757788800277e-01,1.839945469953679358e-01,1.240914543818887994e+00,1.555007832959380609e+00,8.149397539463335560e-01,-1.083563082141814904e-01
1.100242194347193614e+00,3.420591991014731437e-01,1.525789716233904303e-01,1.240784364970240805e+00,7.687550445195501236e-01,3.978920315832495391e-01,-9.873963349072961693e-02
1.106355715891068403e+00,3.218265696806162923e-01,1.470010783126923515e-01,1.240694667076554181e+00,5.086197095763995701e-01,1.701678132818603140e-01,-9.377218598521072646e-02
1.106402768618525378e+00,3.222531014394146021e-01,1.469756272496450522e-01,1.240693849990062825e+00,5.094994961342336204e-01,1.694716780273044510e-01,-9.355191305868304497e-02
1.105338527247931246e+00,2.838758144481298151e-01,1.145711696738293123e-01,1.240561101157000357e+00,-1.323599730385689906e-02,-1.691903742471156241e-02,-8.881088092813467505e-02
1.105358493595211655e+00,2.839182777900587928e-01,1.149665321556529590e-01,1.240562649468747614e+00,-1.278554760256220627e-02,-1.720345005034986524e-02,-8.911286552806012284e-02
1.105402513585455271e+00,2.843723733196736325e-01,1.155345458003563669e-01,1.240565212164399078e+00,-1.244087016815265991e-02,-1.788330846033649169e-02,-8.867940409531845092e-02
1.105368498679248024e+00,2.842991706928132967e-01,1.164767967974680574e-01,1.240569774299227657e+00,-1.378604677889823382e-02,-1.712092734384207393e-02,-8.847315665754768022e-02
1.105391111930861925e+00,2.842276096810408270e-01,1.172825943910042606e-01,1.240572883578958896e+00,-1.387447623092151472e-02,-1.759110962892687646e-02,-8.846171562400317878e-02
1.105363422218406777e+00,2.840709744707626827e-01,1.184477713691069745e-01,1.240578123045518177e+00,-1.266195303258159550e-02,-1.704990852750968428e-02,-8.825086927934444603e-02
1.105357398550358639e+00,2.837261395215324722e-01,1.195958847711486167e-01,1.240582637687269951e+00,-1.389224561295939603e-02,-1.732880443638087908e-02,-8.875174744499844670e-02
1.105381866302913130e+00,2.834306466042650352e-01,1.204605776151910779e-01,1.240585523316805938e+00,-1.210790435628050082e-02,-1.802038795220069906e-02,-8.854661165099181330e-02
1.105341325877448488e+00,2.825384096229615616e-01,1.214919301192257800e-01,1.240589107440428274e+00,-1.372609019950304932e-02,-1.755014693070651444e-02,-8.858834432136929171e-02
1.105363131635271445e+00,2.825478378776850041e-01,1.226454685650409937e-01,1.240593606585067343e+00,-1.337483247989944453e-02,-1.812417385026045963e-02,-8.894845257318569065e-02
1.105311381619031197e+00,2.818982557541272471e-01,1.242191287392689636e-01,1.240599807138598853e+00,-1.302663877808380756e-02,-1.766983407223914060e-02,-8.847578817726890754e-02
1.105325991607374325e+00,2.819137418507194903e-01,1.254037128296303372e-01,1.240604403680664714e+00,-1.134113121253822742e-02,-1.810734972556261174e-02,-8.890725537761878794e-02
1.105253688011444302e+00,2.809925486613507051e-01,1.274687763146266639e-01,1.240612189931852738e+00,-1.312559479622534171e-02,-1.769713666407379121e-02,-8.889409106100408520e-02
1.105228951393198766e+00,2.805849527421911960e-01,1.290756977504478320e-01,1.240618135444822689e+00,-1.266172932051453162e-02,-1.783060177017548042e-02,-8.822454802813656238e-02
1.105170499693254538e+00,2.794059113283776652e-01,1.310003632712836708e-01,1.240624377696564862e+00,-1.279429091717930803e-02,-1.786055835421686971e-02,-8.838973305519373658e-02
1.105174789594470575e+00,2.789091528273666687e-01,1.322661112306727227e-01,1.240628214333865165e+00,-1.069179392053383471e-02,-1.843001589781700922e-02,-8.836398751362015136e-02
1.105119330486160845e+00,2.778563428298587157e-01,1.342368729040600561e-01,1.240634439949039880e+00,-1.168949744239559940e-02,-1.847006466886576270e-02,-8.851287906116395154e-02
1.105119647739230881e+00,2.773989625277614168e-01,1.354090411138808847e-01,1.240637853699087412e+00,-1.231933810872237745e-02,-1.889431576656382811e-02,-8.864766149222137737e-02
1.105055569464916898e+00,2.764160075085344559e-01,1.372366301829111845e-01,1.240643485133961832e+00,-1.221843074292605462e-02,-1.840756944065690542e-02,-8.872195287716370948e-02
1.105046752898623419e+00,2.759169100706234112e-01,1.381069356054893393e-01,1.240645733245796745e+00,-1.112912408745112165e-02,-1.837408333271103172e-02,-8.877386526000209666e-02
1.104999965179563448e+00,2.746153648798722036e-01,1.394473217859384939e-01,1.240648605092165457e+00,-1.174368314702209544e-02,-1.820969419544409690e-02,-8.863177987936943225e-02
1.104988444305643247e+00,2.738590807342998201e-01,1.404007307332387766e-01,1.240650564063964900e+00,-1.185188684470610092e-02,-1.821314058883652387e-02,-8.886854021796938841e-02
1.104997413033585341e+00,2.731162620291033294e-01,1.415025110874192638e-01,1.240652680036494315e+00,-1.067890459122655678e-02,-1.905668550538751338e-02,-8.845587714008758262e-02
1.104952538582883559e+00,2.727920113272741531e-01,1.428502840778743954e-01,1.240657094177539665e+00,-1.003882193464524300e-02,-1.816554088846676629e-02,-8.902861089819151530e-02
1.104960940362391675e+00,2.719741623000304642e-01,1.438768981771267608e-01,1.240658678952544891e+00,-1.155998303965677376e-02,-1.902121951379406178e-02,-8.881980538539144265e-02
1.104952296499204900e+00,2.714353281408201646e-01,1.445163729588280765e-01,1.240659768575206101e+00,-1.138241693246384856e-02,-1.877646189031226959e-02,-8.874420362169181675e-02
1.104911512414881170e+00,2.705512898483293793e-01,1.452402850852312632e-01,1.240660857363431679e+00,-1.123168444953775470e-02,-1.796859163517918606e-02,-8.866682473134919473e-02
1.104935521772724583e+00,2.698393981432473665e-01,1.455068183082743605e-01,1.240659899379333631e+00,-1.032080583833147082e-02,-1.839394804923007859e-02,-8.873577483368569330e-02
1.104978499090896404e+00,2.696675801554782592e-01,1.458103386362551157e-01,1.240659875057562589e+00,-9.560563079246795978e-03,-1.913398251884110973e-02,-8.857471704082046926e-02
1.104953654773682681e+00,2.695815727769790282e-01,1.462734205016364974e-01,1.240661483238745477e+00,-1.099246660217279188e-02,-1.816389195409557483e-02,-8.902076830852144462e-02
1.104955760145218457e+00,2.690292415232786172e-01,1.470787740176969782e-01,1.240662774535118640e+00,-1.041723208478797895e-02,-1.834021452629317622e-02,-8.872173716098301355e-02
1.104991828457248415e+00,2.687973736926164703e-01,1.472083635480512243e-01,1.240662169174461038e+00,-9.338982358546380966e-03,-1.872292751036509773e-02,-8.880938953235339994e-02
1.104981918425643528e+00,2.679917722334878571e-01,1.475371342645452333e-01,1.240661610614889554e+00,-1.186729627959869256e-02,-1.861026250261701293e-02,-8.861472952282509197e-02
1.105044825839839318e+00,2.685777242865145520e-01,1.474578983737939997e-01,1.240661706459682989e+00,-9.811235757488497022e-03,-1.897303019086930137e-02,-8.885671071735340432e-02
1.105019109515279485e+00,2.682234162068127814e-01,1.483936432310572762e-01,1.240664138945454020e+00,-9.059779925146843257e-03,-1.832499369678436407e-02,-8.868965025187289242e-02
1.105064094567133504e+00,2.680854581072298903e-01,1.487101495358279513e-01,1.240664144126885526e+00,-7.974123944619673776e-03,-1.893618573870750610e-02,-8.850506838690763711e-02
1.105052258755198746e+00,2.678371863549486309e-01,1.496358900335350295e-01,1.240666514824894540e+00,-1.032870472741829158e-02,-1.873307907506276127e-02,-8.872052368381093401e-02
1.105102327199531942e+00,2.676315942710147944e-01,1.491181786001068432e-01,1.240663837521970958e+00,-1.087957408239840183e-02,-1.888717800306700945e-02,-8.926992260412716651e-02
1.105135634171769743e+00,2.681150437335068082e-01,1.491565553446283499e-01,1.240664500432865358e+00,-9.978762240912764092e-03,-1.868143704459152704e-02,-8.906278892880492570e-02
1.105167899117310615e+00,2.681858807323667659e-01,1.490815949148180664e-01,1.240663965532450730e+00,-1.115110707519721862e-02,-1.867238402904395494e-02,-8.872832180149352321e-02
1.105181327802384095e+00,2.677888137807509228e-01,1.488541386015395929e-01,1.240662257651474754e+00,-1.020951292135735371e-02,-1.815547536740148848e-02,-8.851975043783566477e-02
1.105263731064146215e+00,2.679276822620434984e-01,1.480188983087610266e-01,1.240658877841329222e+00,-1.013222750363230833e-02,-1.869180627410451517e-02,-8.889956184542936735e-02
1.105272466027790168e+00,2.673574081593130258e-01,1.479582858029348802e-01,1.240657352124707291e+00,-9.819025954803757214e-03,-1.813864754408677643e-02,-8.901072261073331160e-02
1.105376535048465225e+00,2.678945776918282284e-01,1.472628682069239414e-01,1.240654899680459611e+00,-1.048404226027026785e-02,-1.921981814253150012e-02,-8.884905408622260914e-02
1.105422762694208361e+00,2.683857590636817836e-01,1.468700883618110076e-01,1.240654075637654952e+00,-1.080541911635871100e-02,-1.894162596999478948e-02,-8.892220486773205756e-02
1.105446852107065281e+00,2.686824400236247357e-01,1.463968892152230916e-01,1.240652901449676104e+00,-1.070502515209914747e-02,-1.812085480631395185e-02,-8.887453295138381115e-02
1.105517314772776150e+00,2.689722396981140129e-01,1.460074367702660914e-01,1.240651285636592327e+00,-9.993911088903848980e-03,-1.858110562672157795e-02,-8.865103134834038945e-02
1.105600174259592228e+00,2.698006161271124803e-01,1.453681030064414292e-01,1.240649808515228658e+00,-9.527031958183470109e-03,-1.889133886009743829e-02,-8.869830677322984580e-02
1.105629183008257410e+00,2.698904108284946313e-01,1.453185246028735333e-01,1.240649415732601124e+00,-1.022575102969872085e-02,-1.857402784947928542e-02,-8.922576204461767080e-02
1.105718225857998060e+00,2.706752760462815544e-01,1.445224447678416790e-01,1.240647212570114899e+00,-1.096911455534872216e-02,-1.904610252847001306e-02,-8.891287941962586205e-02
1.105778914048672679e+00,2.709875357327213297e-01,1.435925534350052657e-01,1.240643999732981229e+00,-1.156592500708825133e-02,-1.883999278047693293e-02,-8.889330971361093792e-02
1.105863053798445073e+00,2.713377425756124950e-01,1.426977993001306844e-01,1.240640588785360432e+00,-1.037937003670050956e-02,-1.900202746776916835e-02,-8.895158684039540520e-02
1.105914624590812911e+00,2.723976316763510597e-01,1.423488302112096981e-01,1.240640781086190580e+00,-1.009430490138359636e-02,-1.858162965238861070e-02,-8.894044159865763244e-02
1.105981585115403121e+00,2.733548306517444848e-01,1.420966580421981484e-01,1.240640816078719455e+00,-1.152819525301350921e-02,-1.874090689644606483e-02,-8.893577501652707995e-02
1.106014694953938227e+00,2.734911108736637342e-01,1.419937946093692283e-01,1.240640252635806240e+00,-1.076023430749410703e-02,-1.829376726250968310e-02,-8.915314630191517598e-02
1.106115607943604084e+00,2.743772684932214156e-01,1.411328086664364045e-01,1.240637601286433078e+00,-1.112001279993993751e-02,-1.892274836848856917e-02,-8.899725761661125834e-02
1.106188515203677225e+00,2.746974907906100660e-01,1.405653669012742746e-01,1.240635236043038825e+00,-1.140175895015297508e-02,-1.924108682936146592e-02,-8.891183299480062696e-02
1.106227840774454130e+00,2.748650090838699045e-01,1.396364664202943973e-01,1.240631849371885753e+00,-1.129657718002348432e-02,-1.835144559970729866e-02,-8.890321917495655479e-02
1.106304646921321355e+00,2.754496110428735212e-01,1.390179867430470784e-01,1.240629686713213831e+00,-1.088657167211667248e-02,-1.859079507265853914e-02,-8.867837376646588166e-02
1.106346273022326576e+00,2.755003502730501430e-01,1.381477520157035344e-01,1.240626185188540509e+00,-1.209046088459229777e-02,-1.803315869279116523e-02,-8.860521886712488526e-02
1.106461249901624866e+00,2.759380274758796436e-01,1.370838805584443654e-01,1.240621583300406616e+00,-1.051118745927993349e-02,-1.881595977876900777e-02,-8.892734708808555655e-02
1.106513247977184866e+00,2.768441178072907904e-01,1.368784605577096913e-01,1.240621702437202822e+00,-1.043274976913564737e-02,-1.836720170827415427e-02,-8.902976607284139587e-02
1.106577342658657148e+00,2.773341603946478662e-01,1.362152129894815267e-01,1.240619275129484667e+00,-1.114208860532678314e-02,-1.830316471048387683e-02,-8.868631965381988669e-02
1.106642635591345680e+00,2.775954686612800981e-01,1.357070126646773567e-01,1.240616955851472136e+00,-1.186983260700727114e-02,-1.830470609052856773e-02,-8.928668477008569471e-02
1.106715408735561068e+00,2.778091699995910990e-01,1.351771092139995578e-01,1.240614349485384516e+00,-1.143708352496570005e-02,-1.862803916519896463e-02,-8.894065976308337951e-02
1.106807184564354785e+00,2.779370172820597173e-01,1.340987778612938164e-01,1.240609315380835742e+00,-1.216937083685138560e-02,-1.897033488584751876e-02,-8.894515031949121187e-02
1.106884533648692770e+00,2.784970377613101844e-01,1.336321517316773066e-01,1.240607413045086149e+00,-1.133795568804587747e-02,-1.899390818079214893e-02,-8.908547671072325480e-02
1.106953112781497550e+00,2.791121103096680378e-01,1.328542327947778989e-01,1.240604566756659644e+00,-1.137662719681501421e-02,-1.871382080333718056e-02,-8.920467322448111247e-02
1.106994028337294766e+00,2.792316526288957101e-01,1.322008294043506005e-01,1.240601737156823647e+00,-1.204298234944457639e-02,-1.794405075005259254e-02,-8.925678413257007171e-02
1.107067208330550834e+00,2.802570358413579710e-01,1.316784827518034939e-01,1.240600372358146908e+00,-1.075877311896837087e-02,-1.769188195252652945e-02,-8.861255832975990787e-02
1.107151201338502977e+00,2.802343331250973790e-01,1.308260902771569978e-01,1.240595871444548193e+00,-1.339176319769584851e-02,-1.812559999049598997e-02,-8.944322166599924517e-02
1.107234855382455141e+00,2.806852427354787349e-01,1.296911089660852390e-01,1.240591025356385213e+00,-1.320594123072616963e-02,-1.798088724967984720e-02,-8.924927758093853525e-02
1.107344561171966113e+00,2.813993450943752528e-01,1.291056767881230971e-01,1.240588250189589292e+00,-1.245711457786633641e-02,-1.882303992786514557e-02,-8.891845733122816231e-02
1.107402594406357688e+00,2.816484117086478500e-01,1.282812338886361869e-01,1.240584572486110204e+00,-1.282941093936116640e-02,-1.833277521900727319e-02,-8.885280386775722128e-02
1.107440525649258767e+00,2.817790849308920986e-01,1.281539905617393171e-01,1.240583704594421244e+00,-1.363140661047804701e-02,-1.790448897168191167e-02,-8.926067550224625613e-02
1.107534291569379770e+00,2.821254659595817671e-01,1.271319876363696810e-01,1.240578814710457500e+00,-1.318931123934169274e-02,-1.807916252579917782e-02,-8.901973110002486811e-02
1.107647784687949999e+00,2.827123059326496213e-01,1.264441485272752019e-01,1.240575261527723239e+00,-1.160039800686068177e-02,-1.884137179145953245e-02,-8.886728131201064584e-02
1.107681423092383488e+00,2.834306784250803513e-01,1.264443391809272343e-01,1.240575826586492569e+00,-1.192608869750678112e-02,-1.797776294549863901e-02,-8.910252820953770692e-02
1.107752519152976012e+00,2.837554999783669096e-01,1.257669710179668832e-01,1.240572522119237409e+00,-1.300607627645962612e-02,-1.797353040185960260e-02,-8.893818831730446184e-02
1.107819225197807178e+00,2.841867191650690461e-01,1.251690485132496700e-01,1.240569733186428492e+00,-1.220812474005448546e-02,-1.769113763448589005e-02,-8.879677038444935833e-02
1.107907844807443976e+00,2.844275804155417808e-01,1.247771608309238001e-01,1.240567140360605558e+00,-1.368392217443996361e-02,-1.839371564255608271e-02,-8.908507830215429968e-02
1.107931814321170272e+00,2.845212679146859047e-01,1.240060888522742377e-01,1.240563778413592333e+00,-1.248019687363966651e-02,-1.697461043985295376e-02,-8.872511670524259320e-02
1.108019884687157619e+00,2.847879291611682406e-01,1.234719145533562934e-01,1.240560620923121915e+00,-1.348324547878118271e-02,-1.748566323026456287e-02,-8.883257416827494701e-02
1.108097899369754336e+00,2.849619964714007470e-01,1.225518000737717689e-01,1.240555874442039741e+00,-1.309769369083778508e-02,-1.750435928623358950e-02,-8.882063899780962002e-02
1.108146285571542045e+00,2.850519400726572172e-01,1.221366059389229070e-01,1.240553531187255976e+00,-1.371843875608438033e-02,-1.701509693142815721e-02,-8.920609827323597307e-02
1.108279269275697754e+00,2.857492597909228049e-01,1.217838575716450322e-01,1.240550980218582566e+00,-1.195723902855873322e-02,-1.851680674007842586e-02,-8.905248286481291797e-02
1.108310434689486756e+00,2.860493688043436178e-01,1.217747955424910711e-01,1.240550874098571565e+00,-1.399424137652485051e-02,-1.795088690213007820e-02,-8.895040217680129369e-02
1.108398882848229405e+00,2.865000630304200269e-01,1.211704318157649507e-01,1.240547584645607326e+00,-1.386241017873111707e-02,-1.825757189702178346e-02,-8.913165892065044726e-02
1.108462024657444367e+00,2.871112678048279299e-01,1.209027408915315238e-01,1.240546298505875944e+00,-1.344782099628414468e-02,-1.800157013538587758e-02,-8.896918030215696105e-02
1.108522623391748896e+00,2.876477548824355468e-01,1.203541296178354952e-01,1.240543745261840414e+00,-1.242048323486794059e-02,-1.748394951739997566e-02,-8.909394333866184346e-02
1.108585258071693280e+00,2.875709814708951040e-01,1.202891957147454449e-01,1.240542389728049422e+00,-1.313030666987000973e-02,-1.772071558008486702e-02,-8.923662240364771403e-02
1.108663194434120536e+00,2.877968363100369964e-01,1.199957058743306160e-01,1.240540219156630597e+00,-1.485469042200113221e-02,-1.828057659715293104e-02,-8.886035777841000405e-02
1.108724731999854329e+00,2.882694478158730478e-01,1.197660805460985523e-01,1.240538889500964803e+00,-1.515324582580388629e-02,-1.794687498224214334e-02,-8.927957111140880087e-02
1.108782500844287977e+00,2.881126325113246289e-01,1.189684739467232605e-01,1.240534364079244778e+00,-1.322000347120082069e-02,-1.739737361118395137e-02,-8.914544626958971485e-02
1.108896647625192244e+00,2.886239920408075754e-01,1.189144359510030530e-01,1.240532991827357989e+00,-1.271216581655321316e-02,-1.866300321198496176e-02,-8.900334133278080262e-02
1.108897924194806262e+00,2.885209723448216024e-01,1.191954503039372865e-01,1.240534047477279467e+00,-1.409518926721553024e-02,-1.756482179356805284e-02,-8.916921296752959580e-02
1.108939805939760603e+00,2.886243466461784202e-01,1.189834245661237494e-01,1.240532608392897140e+00,-1.483923534154827154e-02,-1.712184346938724205e-02,-8.906895788174060136e-02
1.108999165620201399e+00,2.886442700557971253e-01,1.188772699653059817e-01,1.240531239921550011e+00,-1.387573373445149735e-02,-1.705143339948886338e-02,-8.929432681624156765e-02
1.109061595322381688e+00,2.882516916628676262e-01,1.185139910828112986e-01,1.240528183298811538e+00,-1.385251845912672912e-02,-1.719235650788273478e-02,-8.929503555636364442e-02
1.109134834950659121e+00,2.885982351771134713e-01,1.183532198584877071e-01,1.240526772645617504e+00,-1.326319548210366968e-02,-1.734894041174610269e-02,-8.931368627450018971e-02
1.109208170006707794e+00,2.886972145012244306e-01,1.180454939514855028e-01,1.240524401490067596e+00,-1.358900488773120627e-02,-1.754736904420485522e-02,-8.928285979397372618e-02
1.109252641105322290e+00,2.886155510973260063e-01,1.177891924395904344e-01,1.240522476953970887e+00,-1.325093384228326517e-02,-1.713305433214726975e-02,-8.903460224544067214e-02
1.109319688282200733e+00,2.885141811436769399e-01,1.176112081609960031e-01,1.240520505642409121e+00,-1.452553965455761348e-02,-1.735814206289109513e-02,-8.919776503579096572e-02
1.109429470327512490e+00,2.889673839674584133e-01,1.172085724844022236e-01,1.240517571635350036e+00,-1.245272682732150721e-02,-1.827912535335245170e-02,-8.900186298506572447e-02
1.109445482772830172e+00,2.890941960302965130e-01,1.174572615048300461e-01,1.240518563053097711e+00,-1.321174295321181011e-02,-1.731902995201259343e-02,-8.920975110916061490e-02
1.109522611249404989e+00,2.890657739577021101e-01,1.180968011667218182e-01,1.240520078975444251e+00,-1.479794893083903780e-02,-1.847167672826224849e-02,-8.936871555383293919e-02
1.109549235853214189e+00,2.889249458815373872e-01,1.180979812458503031e-01,1.240519480842965372e+00,-1.222372230985757820e-02,-1.760735814684562944e-02,-8.894285760292533483e-02
1.109598321858143333e+00,2.890706343941447098e-01,1.178307692754038682e-01,1.240517717189292712e+00,-1.289224446470535641e-02,-1.721639128734409052e-02,-8.919831495754163009e-02
1.109684268949811203e+00,2.887425214346730495e-01,1.178301170709901563e-01,1.240515921661400123e+00,-1.464113017246102856e-02,-1.832937167756008151e-02,-8.896493292265683639e-02
1.109718514766366626e+00,2.890347660990377765e-01,1.183196641311521635e-01,1.240517865442754442e+00,-1.331862472155945741e-02,-1.781470040900613033e-02,-8.919806102600845443e-02
1.109767492565397085e+00,2.893418260476827153e-01,1.184784570397863362e-01,1.240518149029403716e+00,-1.361929618987766863e-02,-1.753842542620757949e-02,-8.889411958155812865e-02
1.109829336762872654e+00,2.891001459302201537e-01,1.181859097078347270e-01,1.240515585268652465e+00,-1.283110259969815620e-02,-1.758217979660112867e-02,-8.914841901105047262e-02
1.109874345440011734e+00,2.889085463974253587e-01,1.184166569745227632e-01,1.240515617856451813e+00,-1.482187887954449813e-02,-1.765388086722482347e-02,-8.938731773973788985e-02
1.109936247098432416e+00,2.891552217394567914e-01,1.185307826252883778e-01,1.240515422407426405e+00,-1.242931009319264528e-02,-1.767625129220010832e-02,-8.893838605947521070e-02
1.110000057883215874e+00,2.891045606364808229e-01,1.188379159300812227e-01,1.240515652312735861e+00,-1.327045126056081679e-02,-1.819800954802755499e-02,-8.930542976429503566e-02
1.110000019467308086e+00,2.889337532291627042e-01,1.190125199199690287e-01,1.240516189206329001e+00,-1.419303032261958961e-02,-1.705665167140275190e-02,-8.927922144032561513e-02
1.110070691532067721e+00,2.886924984059188737e-01,1.189841231948665229e-01,1.240514617823427868e+00,-1.483755994587571819e-02,-1.779137161453553384e-02,-8.907641604998520202e-02
1.110158357719425171e+00,2.883994251860814706e-01,1.185586459183607388e-01,1.240510988756006849e+00,-1.419684631986721686e-02,-1.838541979448178598e-02,-8.933498831685693364e-02
1.110146501495844484e+00,2.880530462081716259e-01,1.188422464925018851e-01,1.240511957052927938e+00,-1.480945078824304727e-02,-1.704626961792397172e-02,-8.918074674382847622e-02
1.110225152153977657e+00,2.877661065997638157e-01,1.186501495809012124e-01,1.240509477780889602e+00,-1.391926920198418259e-02,-1.772968598849153365e-02,-8.900213761979657023e-02
1.110284242430437107e+00,2.874970452046193836e-01,1.186404243798375585e-01,1.240508120862823915e+00,-1.309359100723629307e-02,-1.783712166545911582e-02,-8.941034118108215356e-02
1.110319080249987378e+00,2.872617605651310857e-01,1.186451210715829957e-01,1.240507262030648761e+00,-1.443113449639648119e-02,-1.771690877166503392e-02,-8.876621827970697376e-02
1.110333449203361855e+00,2.869804047766997268e-01,1.189855177845036693e-01,1.240508118101663060e+00,-1.337927942922725010e-02,-1.695384498621541058e-02,-8.913676313618175417e-02
1.110418831269676776e+00,2.872172566757388856e-01,1.192719499814530321e-01,1.240508271614080726e+00,-1.226775577323014309e-02,-1.769565044993805930e-02,-8.944949287630027390e-02
1.110452888056467469e+00,2.868385885123353463e-01,1.195254969551121926e-01,1.240508293412491803e+00,-1.386403055634848752e-02,-1.752268781388369862e-02,-8.930852254836903203e-02
1.110534991058550247e+00,2.867170357226421773e-01,1.193097671314356095e-01,1.240505863226568639e+00,-1.223733113897503000e-02,-1.805451222495461222e-02,-8.901409590118042336e-02
1.110560122050151977e+00,2.868491170575211413e-01,1.199469547381180196e-01,1.240508351037722168e+00,-1.293782395404055943e-02,-1.758986876282538775e-02,-8.933114615509336887e-02
1.110593307873382063e+00,2.866245171234749201e-01,1.204845205387916063e-01,1.240509785169128021e+00,-1.359364589725130940e-02,-1.743510379946427297e-02,-8.976071015743582182e-02
1.110630945323563212e+00,2.864545009817071608e-01,1.206397919963933807e-01,1.240509593355151541e+00,-1.420013375624057037e-02,-1.724431084813465853e-02,-8.918163346439483830e-02
1.110694145420046741e+00,2.862621996809049385e-01,1.210507121195992380e-01,1.240510025246027936e+00,-1.354695825852696503e-02,-1.792003538716430144e-02,-8.897163462164386916e-02
1.110729385516975976e+00,2.858505672681506682e-01,1.211230317173359883e-01,1.240509182269283750e+00,-1.384141305253162001e-02,-1.764827823996174133e-02,-8.915439666711474920e-02
1.110780361121373794e+00,2.854087747168422839e-01,1.211295651186453520e-01,1.240507753846324945e+00,-1.334273623014318663e-02,-1.784742456229444774e-02,-8.902926231330555995e-02
1.110817550494743511e+00,2.852505683243273804e-01,1.214797544269024948e-01,1.240508387577572647e+00,-1.409014214823464325e-02,-1.780873917369769910e-02,-8.920645616287752044e-02
1.110863827864755793e+00,2.851892605799987157e-01,1.216390047196094087e-01,1.240508204353051092e+00,-1.257809388468082192e-02,-1.758586347666612343e-02,-8.919376198631505381e-02
1.110918903043972561e+00,2.853541077568063633e-01,1.220762281498331547e-01,1.240509351668963811e+00,-1.348111519190803818e-02,-1.790600123974019076e-02,-8.935778654440418300e-02
1.110951509015578598e+00,2.853257089545991332e-01,1.223748291198035881e-01,1.240510013452441829e+00,-1.345812778790397672e-02,-1.752661408187190795e-02,-8.940545097500017524e-02
1.111013019561407633e+00,2.854431475821371245e-01,1.225597556544309602e-01,1.240509927743765450e+00,-1.437006843023180304e-02,-1.782642666188089670e-02,-8.922243775697930035e-02
1.111038135846514452e+00,2.851099134515743816e-01,1.227899179474756935e-01,1.240509993088883434e+00,-1.378783642917322944e-02,-1.724212584915862240e-02,-8.941890919285674921e-02
1.111124665409424006e+00,2.849447082408366749e-01,1.222735512918625977e-01,1.240506186159538338e+00,-1.376203603330427780e-02,-1.783750175880022271e-02,-8.926502553902508630e-02
1.111221246923435491e+00,2.853051790453140502e-01,1.219610992965220048e-01,1.240503793822867795e+00,-1.252416963689488918e-02,-1.849195511875032644e-02,-8.915214561417930672e-02
1.111225843080802855e+00,2.854365317079683995e-01,1.220782212017054724e-01,1.240504389934549145e+00,-1.287316930087104884e-02,-1.716952978367795868e-02,-8.955253800206114390e-02
1.111300867987669250e+00,2.850594086075160516e-01,1.219987466301356016e-01,1.240502277842410184e+00,-1.359528270989664861e-02,-1.800054695635813079e-02,-8.915566840392032122e-02
1.111313751036867137e+00,2.849554648846712723e-01,1.223240798309039451e-01,1.240503267770700857e+00,-1.272502140700835366e-02,-1.720086291741003415e-02,-8.936895302942288177e-02
1.111406188318708521e+00,2.848405224851200956e-01,1.222735698538709725e-01,1.240501352512243471e+00,-1.405280779601003442e-02,-1.846336458148125498e-02,-8.922520829200557280e-02
1.111428193413429355e+00,2.847720247902135182e-01,1.222312852651519788e-01,1.240500711449608051e+00,-1.293697773093061519e-02,-1.755025670415044647e-02,-8.931180407339436855e-02
1.111468874570546550e+00,2.847135068700334393e-01,1.226018250534183923e-01,1.240501483884031808e+00,-1.331302142163131620e-02,-1.760878445237181594e-02,-8.933973599861758097e-02
1.111528159081951461e+00,2.846238242756264358e-01,1.225536174893328140e-01,1.240500163820125179e+00,-1.290074992938478916e-02,-1.764459479271840436e-02,-8.932473769196336288e-02
1.111560623926204139e+00,2.848431816743200451e-01,1.232472861983976431e-01,1.240502795337271813e+00,-1.346438366764553425e-02,-1.739984257885163893e-02,-8.935929753738136583e-02
1.111600120901350630e+00,2.844811549053789523e-01,1.231229985596443977e-01,1.240501102275903600e+00,-1.232186327356386835e-02,-1.704688746122923898e-02,-8.912275350515089234e-02
