1.193173161596909226e+00,1.258117299524957600e-01,4.864156843908752914e-01,1.235683155552753432e+00,1.803659328089532096e-02,-3.107915774856009200e-02,-8.401154011255895782e-02
1.193082373897898396e+00,1.314308816141142866e-01,4.849628072955072255e-01,1.235749333968077179e+00,1.057566013138425479e-02,-3.016238972193547793e-02,-8.468097503737030685e-02
1.193026575136061362e+00,1.409891927665793965e-01,4.917249304071986682e-01,1.235741161698427071e+00,1.212899496013281932e-02,-4.325732154023844561e-02,-8.477315460208999232e-02
1.192987233989194706e+00,1.411066708497516753e-01,4.881990975441447000e-01,1.235787435361289655e+00,-9.335499783924275027e-03,-4.589670405928861219e-02,-8.434733200491080496e-02
1.193054566722469456e+00,1.362941720553135783e-01,4.885999627550842717e-01,1.235743460222218149e+00,2.796069427069559823e-03,-4.544574690839834480e-02,-8.472894948430470530e-02
1.192766024166976413e+00,1.604262461414612817e-01,4.914720184813364812e-01,1.235891857884501510e+00,1.350554390833180046e-02,-3.965269080324580059e-02,-8.494115964916636174e-02
1.192541975629080264e+00,1.660306633873984139e-01,4.781819753187132038e-01,1.236099583240559463e+00,-8.234208778641593715e-03,-2.538062758456740772e-02,-8.232666638368607570e-02
1.192591332013993144e+00,1.474854943466343826e-01,4.660739694219628859e-01,1.236112676107911978e+00,2.636686128850706731e-02,-3.377808801338045425e-02,-8.086992584651937765e-02
1.192675940354481545e+00,1.302470956958076409e-01,4.588594037579631912e-01,1.236060526885291555e+00,3.576080961594610419e-02,-6.535752964087936795e-03,-8.358568685303520429e-02
1.193155978765071401e+00,1.035189751161987443e-01,4.718760974415450171e-01,1.235668241527418276e+00,2.834724096243170302e-02,-2.460351600127101170e-03,-8.479040003167893913e-02
1.193208834043637312e+00,9.310931693243010288e-02,4.657250011592677374e-01,1.235640956978106608e+00,-9.824814308871948274e-03,-4.836305448755096048e-02,-8.513143411533607985e-02
1.192878278158518990e+00,8.901652587704862729e-02,4.366971532436932368e-01,1.235926046475655182e+00,-1.606681084303158286e-02,-2.584299969912518674e-02,-8.559832125748459419e-02
1.192539874018959667e+00,1.068358651320892722e-01,4.220753015199775193e-01,1.236245509643515872e+00,4.846092204005153677e-03,-5.624170148447357742e-02,-8.680834962877143068e-02
1.192144591510514440e+00,1.397789059154307956e-01,4.110132623906670446e-01,1.236630529737584583e+00,5.778893012617051725e-03,-4.179378162368972000e-02,-8.668206524735741492e-02
1.192003888219842489e+00,1.478785306801382038e-01,4.034383233472368380e-01,1.236761127528310134e+00,7.069705270206659044e-03,-4.118728995721383790e-02,-8.565984846072025038e-02
1.191824322589580598e+00,1.631338578661614691e-01,3.965195154363174157e-01,1.236930069429580836e+00,1.012656944001421103e-02,-3.663538948335326451e-02,-8.561417743328716967e-02
1.191846101558225568e+00,1.552857926066052996e-01,3.925365316219999179e-01,1.236909318511431266e+00,3.718002060061466330e-02,-2.373625434374847590e-02,-8.336052363028592649e-02
1.191735329538827104e+00,1.578286875193012084e-01,3.859706222407598974e-01,1.236982925936467304e+00,3.067687108793408501e-02,-3.832253984099678878e-02,-8.283209413199890681e-02
1.191664364030358136e+00,1.730207225176671471e-01,3.947749596981751652e-01,1.237013369890936909e+00,2.642079653255370586e-02,-3.671274134328517125e-02,-8.344378865312936100e-02
1.191580309498145862e+00,1.859083443686448400e-01,4.002470198550253655e-01,1.237046823288341590e+00,2.414498843410382151e-02,-3.520008197837879577e-02,-8.404265098305602200e-02
1.191723214779667250e+00,1.742039778813304074e-01,4.065312988519351745e-01,1.236919754131911020e+00,2.240843820663111774e-02,-5.567001994238562380e-03,-8.390880022244501246e-02
1.191989750525853875e+00,1.124385087461731991e-01,3.837440113323027369e-01,1.236643205725672434e+00,-3.899506895741400997e-02,1.668086122645247998e-02,-8.451481222674053773e-02
1.192116561779974493e+00,5.701803427900521692e-02,3.639491193316652384e-01,1.236242321012708478e+00,1.340569401179588296e-02,1.665285462484713402e-02,-8.689954871154256799e-02
1.191971030370002183e+00,3.009141166643862497e-02,3.450027774481827514e-01,1.236061611876879018e+00,2.659816770508447586e-03,-1.818295023905569519e-02,-8.413625777295391517e-02
1.191924580189551941e+00,-2.045910048948489535e-03,3.370263702128719063e-01,1.235704304651094487e+00,4.422782520662429939e-03,-2.942897484825836470e-03,-8.234202215715599737e-02
1.191970488188634603e+00,-1.895261284234242560e-02,3.386756809261700085e-01,1.235463059531599850e+00,3.177985502027041304e-02,-1.273913969278826254e-02,-8.223381545623580091e-02
1.192421987096131897e+00,-3.657741332977629267e-02,3.583253070039855159e-01,1.235071652789881069e+00,6.856378203367487212e-02,-1.507669828779040731e-02,-8.548798102784435637e-02
1.193357836567306984e+00,-4.851280281172047626e-02,3.994233564324813357e-01,1.234546562017489135e+00,6.180713567520691037e-02,-1.806282164764044795e-02,-8.564195466515914235e-02
1.194170553773798993e+00,-5.836778592579421748e-02,4.330585165215534715e-01,1.234051973515749356e+00,5.308484516759360422e-02,-2.002754255144204715e-02,-8.572645188640773406e-02
1.194825767871360966e+00,-6.538951535855706820e-02,4.591091978550843611e-01,1.233639392383091282e+00,4.412291024641786658e-02,-2.200394777244063862e-02,-8.543225186004410610e-02
1.194127452249734711e+00,-2.005876382873657618e-02,4.470607888352303716e-01,1.234479253447107849e+00,-2.230611414469517093e-02,-5.791524775484308690e-02,-8.304070004521768578e-02
1.193396174698980294e+00,2.816544097261143575e-02,4.347710225785907379e-01,1.235266151353371145e+00,1.461978531441291036e-02,-6.860825456420280299e-02,-8.223387678092494713e-02
1.192816120644520028e+00,6.308613069712813715e-02,4.207265102593249484e-01,1.235822080690785363e+00,2.014253193329279892e-02,-6.252746184019608577e-02,-8.330694938353916390e-02
1.192516272213686612e+00,8.898495735122027850e-02,4.172912361528934855e-01,1.236127565526755179e+00,2.813039845149032867e-02,-3.040507024359726321e-02,-8.385655158729268810e-02
1.192351292543069929e+00,1.045981034121197112e-01,4.156064228629836599e-01,1.236293863821535055e+00,-1.419280586091285941e-02,-5.396905439268585153e-02,-8.468092654808120900e-02
1.192452961929815425e+00,1.025787649157384046e-01,4.219607333274286165e-01,1.236212966525005008e+00,1.792447582355691932e-02,-1.829715151145754753e-02,-8.494011926868422213e-02
1.192268822415226914e+00,1.137259277629612680e-01,4.151826026842041495e-01,1.236380670746582089e+00,-2.035145460626859928e-03,-4.427775139498733165e-02,-8.472097727471573914e-02
1.192152670590924002e+00,1.142095126230356777e-01,4.056654350387499663e-01,1.236473731411047883e+00,-1.547969681461109498e-02,-3.077025847759784841e-02,-8.491126315012995085e-02
1.192160727258374520e+00,1.144551264971012533e-01,4.058484332051641164e-01,1.236473863386888361e+00,1.532354248301721900e-02,-1.373912025840681207e-02,-8.481192107564135274e-02
1.192229691650463552e+00,1.209024097967618394e-01,4.189786245044267443e-01,1.236407853210844232e+00,3.002939641805799781e-02,-4.682635676516874040e-02,-8.230010352327474243e-02
1.192263740100951486e+00,1.178774486126653309e-01,4.248587059580364866e-01,1.236326667663506740e+00,3.781126794531800006e-02,-3.285905415615798103e-02,-8.146498354994675950e-02
1.192339323687577002e+00,9.574831973249894879e-02,4.153926842072413472e-01,1.236216351849847683e+00,-2.330503967172935231e-02,-1.448041508154745277e-02,-8.558360671920903218e-02
1.192550597236425203e+00,7.941768399358402342e-02,4.158934992998535307e-01,1.236045823313970837e+00,2.261805757498864828e-03,-1.980006251357619221e-02,-8.941697364017295313e-02
1.192704259311330839e+00,8.881785242667494806e-02,4.275155721870843584e-01,1.236021891817789653e+00,4.527343199664925211e-02,-4.891671278676065771e-02,-8.779034595397856855e-02
1.192958185390695425e+00,9.424256091459737306e-02,4.498500691939226748e-01,1.235836491994401376e+00,3.939552000422979344e-02,-1.627074903474775083e-02,-8.402754050834268518e-02
1.192995912099170441e+00,1.064577403164391894e-01,4.669422049059318014e-01,1.235758177501598665e+00,3.414574521908624732e-02,-3.289794529920864186e-02,-8.185492656897000452e-02
1.192421040853836489e+00,1.282420162831763855e-01,4.427539505115938856e-01,1.236227352906946075e+00,-2.491887732915851889e-02,-4.229001945346606839e-02,-8.443008254213540953e-02
1.191826295359132315e+00,1.396194185524912146e-01,3.959753667089435103e-01,1.236771498971029670e+00,-5.309724987966692872e-02,-3.013260592651334502e-02,-8.692076081455646364e-02
1.191313313138294028e+00,1.353289672318719050e-01,3.432640519615592911e-01,1.237129121390995401e+00,-4.391477091782355208e-02,-1.894674282537914256e-02,-8.440202328800114340e-02
1.190832365102097556e+00,1.323760719792316798e-01,2.996699784760906149e-01,1.237337198247155934e+00,-3.378644788366030882e-02,-2.137879711225350310e-02,-8.269889726371286442e-02
1.190472831751008487e+00,1.357857564976540365e-01,2.696060078648019886e-01,1.237473840543932280e+00,9.273128083449135028e-03,-3.119621757864437378e-02,-8.334946807237292310e-02
1.190528435013336050e+00,1.409755429847981412e-01,2.776908960271444182e-01,1.237488703582717342e+00,2.340571609340930809e-02,-3.145264184969725346e-02,-8.403353749247893800e-02
1.190575028125582024e+00,1.453822858225827241e-01,2.844352583995051198e-01,1.237498555203674799e+00,2.132497155212096859e-02,-3.039074137761116345e-02,-8.433498435005905292e-02
1.190608331493163252e+00,1.497596339024001300e-01,2.895986449196925050e-01,1.237511324179827232e+00,2.029095674868926918e-02,-3.078430031252491275e-02,-8.457200213437467140e-02
1.190638595221090501e+00,1.535328799215237017e-01,2.939820769775680076e-01,1.237520904661926435e+00,1.863301241426999419e-02,-3.107898106959977244e-02,-8.510328929186811164e-02
1.190661651850890124e+00,1.568836380598624680e-01,2.967079310727771535e-01,1.237532684267354410e+00,1.757559732310405923e-02,-3.060716515633989804e-02,-8.537078598149759612e-02
1.190685568718063525e+00,1.600107651268025677e-01,2.995101808554142542e-01,1.237541870554037082e+00,1.789673499606181037e-02,-3.006898142692775514e-02,-8.542455293751462231e-02
1.190979732238582223e+00,1.479767586624752829e-01,3.246545739651639506e-01,1.237336641622076128e+00,6.045478132352867517e-02,3.031701357826898681e-03,-8.578298059266967202e-02
1.191576479810622091e+00,1.144256203619425927e-01,3.603967815009877507e-01,1.236844020604100924e+00,5.526978131064778921e-02,-2.509982864946808459e-02,-8.636599423411045473e-02
1.191853722200668875e+00,8.676601477863310485e-02,3.692184643735910154e-01,1.236522268624265841e+00,3.514642893944128904e-02,-1.047708948520728774e-02,-8.297224671749743596e-02
1.191732854259048846e+00,9.173752185993999664e-02,3.665193045616533807e-01,1.236593605791649564e+00,-2.812491088259463229e-02,-4.822664522858169378e-02,-8.222877720517579592e-02
1.191590369615261658e+00,1.096890795340004360e-01,3.667760136930068859e-01,1.236760330453797074e+00,2.353564391589155549e-02,-5.317441755183710539e-02,-8.383362328432993060e-02
1.191228218788336068e+00,1.466448385020430456e-01,3.552431014243170315e-01,1.237144099469227543e+00,4.650728288817960673e-03,-5.046753095368369108e-02,-8.513674422729999858e-02
1.190887439939139814e+00,1.862140416792034681e-01,3.431038980106996816e-01,1.237482546978369014e+00,-7.207625005919801597e-03,-6.969084458568478024e-02,-8.509799076741812740e-02
1.190693518287352815e+00,2.095315935660050644e-01,3.336308605256325666e-01,1.237660818490523784e+00,2.812591505852213639e-02,-3.200791973815499125e-02,-8.560731352483895440e-02
1.190534038849425214e+00,2.265058834319845782e-01,3.207445629747758820e-01,1.237804044619226662e+00,-1.343082352315724468e-02,-1.767403159962567180e-02,-8.540351322105421694e-02
1.190454467280996909e+00,2.423765668395313488e-01,3.189267542274051848e-01,1.237871906508618780e+00,-2.874601664855173933e-02,-5.133575718255907472e-02,-8.528587250109448403e-02
1.190388483933692676e+00,2.530933960999409704e-01,3.164998959632442377e-01,1.237917841908688921e+00,4.690753682799523455e-02,-1.812080548597235288e-02,-8.442708476314506050e-02
1.190261208294381090e+00,2.706578830801435465e-01,3.063419024274669500e-01,1.238009400938292925e+00,-3.024896824994942335e-02,-6.027797529853063524e-02,-8.461954873464062887e-02
1.190226003658673370e+00,2.776153067676018216e-01,3.043419342793277083e-01,1.238032154636572235e+00,2.122519807705609829e-02,-3.746560179851968903e-02,-8.545338980296882103e-02
1.190202073510126635e+00,2.754459029339618170e-01,2.919832917601087319e-01,1.238075525728862925e+00,-1.351718811022128465e-02,-6.471237529452825024e-04,-8.516184278248853379e-02
1.190255213578050419e+00,2.705030818542356608e-01,3.015788275511794847e-01,1.238028377476189990e+00,8.781033415312850671e-03,-3.831645453207340596e-02,-8.521826541843056935e-02
1.190336243613585809e+00,2.580752752818781803e-01,3.106044438721093370e-01,1.237959450999669864e+00,3.585515533511513669e-02,-9.452511817309260447e-03,-8.481306485240169835e-02
1.190323926726359893e+00,2.616597626990130321e-01,3.125241818616144585e-01,1.237960515737667855e+00,-2.869216388466990300e-03,-4.545409494110580484e-02,-8.482214518486198840e-02
1.190381818518334134e+00,2.553324580382610454e-01,3.187076049442593151e-01,1.237914012442744793e+00,4.365018001316565976e-02,-2.395978733125324681e-02,-8.556183021513165399e-02
1.190446743222855153e+00,2.431388946492874792e-01,3.198148109112285420e-01,1.237870515218015388e+00,2.892046802918936312e-03,-1.755113779944432809e-02,-8.449029340378777508e-02
1.190603527232766634e+00,2.212967032548451285e-01,3.285962622558029622e-01,1.237741671774591490e+00,1.371045222424499728e-02,-2.670751355045700853e-02,-8.499594434544598121e-02
1.190666687234209986e+00,2.035679832684169077e-01,3.233589335441462431e-01,1.237686623944946662e+00,9.364898116001340450e-03,-1.334802972316606086e-02,-8.518187777235583513e-02
1.190688785024500929e+00,1.999416926630952218e-01,3.272511753117678945e-01,1.237648742888793230e+00,1.393418199133321725e-02,-5.126242674384832304e-02,-8.323808603609497703e-02
1.190657779858571574e+00,1.952885045968150157e-01,3.241406814149148108e-01,1.237642261900411045e+00,3.719481606380262845e-02,-3.565973011568357443e-02,-8.368570171640994648e-02
1.190610980838565647e+00,2.022779650294683207e-01,3.201749159561218527e-01,1.237698257865933460e+00,-8.194509572635367070e-03,-3.346737542285981026e-02,-8.706030567951633659e-02
1.190683290343447664e+00,2.087932273443168507e-01,3.259652478801678965e-01,1.237697426654341459e+00,3.023466682023298602e-02,-3.608631558892202995e-02,-8.895208587898698060e-02
1.190667189050450325e+00,1.989588041322460643e-01,3.112809420669316873e-01,1.237719609315665936e+00,-9.327438733941061100e-03,-1.879255777482960119e-02,-8.594693321871794967e-02
1.190778695663831099e+00,1.713770962124321617e-01,3.105016466446882673e-01,1.237565173702992460e+00,2.706845234962042962e-02,4.837980731699036835e-03,-8.438142781899815592e-02
1.190903283821143965e+00,1.550999043733291005e-01,3.215694152182688170e-01,1.237404439894468133e+00,2.299244609351808535e-02,-8.687792870635518278e-03,-8.255829650882913484e-02
1.191070032075014939e+00,1.301915539899682617e-01,3.307751167798825276e-01,1.237169304321653618e+00,2.226258874486031214e-02,-1.346914093475320810e-02,-8.322682760755334419e-02
1.191152889869934173e+00,1.216234695556581979e-01,3.374262975836224143e-01,1.237061564881317244e+00,1.943391942059541008e-02,-2.040032012940854941e-02,-8.315219581740165844e-02
1.191202048235083799e+00,1.165365507421402130e-01,3.422698612600232337e-01,1.236990132631300643e+00,1.828914210085231390e-02,-2.568209776535353844e-02,-8.346417483380369484e-02
1.191245723988855421e+00,1.128612840582733229e-01,3.464004019423053138e-01,1.236933109285440979e+00,1.699106497514126651e-02,-2.736261351013051860e-02,-8.386500476784479463e-02
1.191013741737849685e+00,1.508900314282512201e-01,3.473566515949466638e-01,1.237232163891459846e+00,1.663682531702442499e-02,-6.656447242671142961e-02,-8.314430917714638047e-02
1.190712194526712731e+00,1.958620432280323842e-01,3.476811587685628702e-01,1.237514932871466966e+00,1.623660557365551316e-02,-5.760005403099734134e-02,-8.360172147655241248e-02
1.190360935284600741e+00,2.316339577315199849e-01,3.279672347594543846e-01,1.237795697051201627e+00,-1.569056280022618557e-02,-5.242318400733426281e-02,-8.455308204161759988e-02
1.190084289461807554e+00,2.598774658775316881e-01,2.988199899337555254e-01,1.238022986356053234e+00,-4.856089799750734626e-02,-4.833229963219424358e-02,-8.514474192941963449e-02
1.189917125839899947e+00,2.825374053840403188e-01,2.611423693048370298e-01,1.238185684003456410e+00,-3.637729492198620712e-02,-4.498992366828034190e-02,-8.621803683403199414e-02
1.189848034448623304e+00,3.012951150651605459e-01,2.239202466859986085e-01,1.238256254398526490e+00,-2.889762352746604035e-02,-4.294006392869047228e-02,-8.612494934302794558e-02
1.189856266703817722e+00,3.166506828593705913e-01,1.926826970876058531e-01,1.238253264898124373e+00,-2.143080825562233491e-02,-4.071097041633375130e-02,-8.628237534641831907e-02
1.189907993754649951e+00,3.295606514079851834e-01,1.673104292357691647e-01,1.238209244222709726e+00,-1.576258479207885005e-02,-3.877762322592653854e-02,-8.646902755573118715e-02
1.189986474407504158e+00,3.398949438281627100e-01,1.461418404485163025e-01,1.238143918212165406e+00,-1.091413761189105082e-02,-3.680207577453682710e-02,-8.650075880389751504e-02
1.190003509922253899e+00,3.406285354159244161e-01,1.516340191050803143e-01,1.238158793697096138e+00,4.086009770443507771e-02,-2.145205896022284522e-02,-8.681196038724907360e-02
1.189970820960969844e+00,3.301056550729638550e-01,1.653613886994547699e-01,1.238201878150372526e+00,2.456742634659161983e-02,-3.462643487282520555e-02,-8.543016165079923840e-02
1.189931453908143810e+00,3.188934202520323780e-01,1.822010780717543132e-01,1.238237041510257708e+00,1.414503340858508894e-02,-4.603328280618577267e-03,-8.478605239644959601e-02
1.189918366605717592e+00,3.149693279609356855e-01,1.886280800420660209e-01,1.238245726423867099e+00,4.874441462782180823e-02,-2.857894709619189857e-02,-8.477247147357601376e-02
1.189885328080955595e+00,3.008248778759254338e-01,1.882150838225446488e-01,1.238239918332463274e+00,-9.732708954222374365e-03,-3.071610560557731101e-02,-8.448752274007059748e-02
1.189856394576990217e+00,2.785014675001211693e-01,1.942490210325893418e-01,1.238220143155665864e+00,6.929217632082157984e-03,-5.971627255329424455e-03,-8.591779115597358851e-02
1.189851301603020106e+00,2.714126184009947318e-01,1.937183250049679950e-01,1.238206846656626725e+00,9.541807994133852736e-03,-2.201890055406823671e-02,-8.617533541901691019e-02
1.189875258290993276e+00,2.481243069362767395e-01,2.046462641439530106e-01,1.238156127781544047e+00,1.759762402230637471e-02,-2.605658625844287438e-02,-8.669721913068065278e-02
1.189924310712304312e+00,2.372203721511535190e-01,2.147698588454931834e-01,1.238121740625018008e+00,4.890533460347811640e-02,-1.077624068238773603e-02,-8.574735130481478396e-02
1.189908772169044227e+00,2.372000121493048619e-01,2.125696491929723042e-01,1.238122256293516354e+00,7.574773939889784848e-03,-4.258351307050384227e-02,-8.490241528102619728e-02
1.189928728194040941e+00,2.294839945736947273e-01,2.221200129730879491e-01,1.238092930078181553e+00,1.421942238484551896e-02,-1.353771009705455157e-02,-8.429856354586751088e-02
1.189954367030715332e+00,2.351352153363278907e-01,2.292576623768098620e-01,1.238108626285932878e+00,3.016394216193677563e-02,-4.412580980115966833e-02,-8.521056916994275421e-02
1.189991850093008230e+00,2.232134280028539308e-01,2.367748904320781667e-01,1.238056449312133322e+00,9.867848961911613107e-03,-1.779595973464984798e-02,-8.540374301036907090e-02
1.190058971480394412e+00,2.226381090190008294e-01,2.482337334966465137e-01,1.238036924505296010e+00,5.384762402020215610e-02,-1.428956943573746197e-02,-8.556179580912873228e-02
1.190030478980069306e+00,2.274550352296114963e-01,2.434151167737014787e-01,1.238063648848660048e+00,-1.912794262753612917e-02,-4.473694097621188498e-02,-8.545526020598775974e-02
1.190067351976239474e+00,2.282980098119692380e-01,2.498746747907772681e-01,1.238055959663076022e+00,2.196955519275241644e-02,-4.457236018958489476e-02,-8.553892134353840992e-02
1.190065490157125039e+00,2.285159659806139942e-01,2.500384273842500282e-01,1.238056606412102800e+00,1.270817578636329950e-02,-2.913683576791224750e-02,-8.528426112357939681e-02
1.190042056566036566e+00,2.353362003396425317e-01,2.473414733536172527e-01,1.238086374600389838e+00,-3.283180751687759386e-02,-5.223974462023168314e-02,-8.537056510565500800e-02
1.190083524440766150e+00,2.363935462427029788e-01,2.573714357133686792e-01,1.238071294062472960e+00,5.139971277100358060e-02,-3.709800397755344536e-02,-8.521943754003270810e-02
1.190110174783512109e+00,2.520357091039774344e-01,2.715366586226146683e-01,1.238087168676897276e+00,2.738253094299316140e-02,-3.516839960664806114e-02,-8.523002175353261434e-02
1.190069057238004824e+00,2.728166261612699484e-01,2.758329558282490712e-01,1.238126660018626701e+00,-1.186180114790507875e-02,-5.859723701918530953e-02,-8.551646563287484959e-02
1.190001313762848234e+00,2.929263013765331380e-01,2.712662757228855304e-01,1.238172191129813360e+00,5.295276222632866459e-02,-2.736341945134209905e-02,-8.565656206349814283e-02
1.189924376768943581e+00,3.197487468888912110e-01,2.799908039498505974e-01,1.238166669060936309e+00,1.743076881222752755e-02,-5.639287239581347588e-02,-8.557760456525888293e-02
1.189882925078077358e+00,3.304505513592716492e-01,2.882596817546914103e-01,1.238140521356424273e+00,-2.533092448387027403e-03,-4.652333365916976049e-02,-8.568417582228887719e-02
1.189842072127308414e+00,3.407440200997844393e-01,2.877123068037188980e-01,1.238137431988594273e+00,3.474196322580072605e-02,-2.668415454959412528e-02,-8.542333107873727183e-02
1.189738176944239667e+00,3.700332581315071145e-01,2.782398203509160450e-01,1.238128016372581408e+00,2.418881273459088169e-02,-2.357491620368875121e-02,-8.548221525917852615e-02
1.189677885870802143e+00,3.875785469273998474e-01,2.740527914481137861e-01,1.238099562527810837e+00,-1.929442222358733819e-02,-5.582285096602356694e-02,-8.530231714433562928e-02
1.189724916429422352e+00,3.750393109312562534e-01,2.708619191511949520e-01,1.238137446476578196e+00,1.751489769664834120e-02,-6.729231261276128785e-03,-8.485546623994053017e-02
1.189836387960549358e+00,3.511899668670744878e-01,2.462985169913274874e-01,1.238223029337264247e+00,-2.881918945785078359e-02,9.142368817789304700e-03,-8.518541945142345251e-02
1.189849008050046342e+00,3.449200460416267378e-01,2.369797949095871770e-01,1.238240923686579231e+00,2.046441727304576345e-03,-3.545201076214523489e-02,-8.503333422234157779e-02
1.189854241006201407e+00,3.424526151119294815e-01,2.303015108211317052e-01,1.238248715178059012e+00,1.232886645177114562e-02,-3.342744944589870482e-02,-8.571110021313506355e-02
1.189855509920919152e+00,3.384508909185890424e-01,2.404017339740285308e-01,1.238242851984477033e+00,1.936177222406686854e-02,-1.624901887132275749e-02,-8.604970484079313420e-02
1.189825477929315589e+00,3.377028559402522889e-01,2.599853261892813294e-01,1.238213862607298488e+00,2.806645482516115925e-02,-4.115670079859199554e-02,-8.357856498869979667e-02
1.189869269973572452e+00,3.093414374007684708e-01,2.702935574181709599e-01,1.238193187695851849e+00,4.180159957203827964e-02,-5.424932843079159801e-03,-8.406024082921308149e-02
1.189859013960118173e+00,3.116921077675600671e-01,2.534101327048635111e-01,1.238230039113956238e+00,-4.472066812966154353e-02,-3.327857748041981173e-02,-8.745932528734151612e-02
1.189917170141023606e+00,3.153575740705949482e-01,2.439604284256446931e-01,1.238242579224959838e+00,2.860473103820086044e-02,-3.341536707119678595e-02,-9.058637538538256984e-02
1.190002152493951915e+00,3.060461136688280570e-01,2.482792509478256304e-01,1.238229218673017051e+00,2.281701502912381746e-02,-2.659643926002984958e-03,-8.716537154021641864e-02
1.190032282494383642e+00,2.906380087761055164e-01,2.574423851859244383e-01,1.238198763095471833e+00,2.063363462076566596e-02,6.301417376794405702e-03,-8.365283667457219796e-02
1.189995846264284562e+00,2.824670016136348050e-01,2.643056521565980144e-01,1.238175185606728901e+00,1.734764156521375125e-02,-3.274373308210140610e-02,-8.127323265623195847e-02
1.189955774760792950e+00,2.665440515241727093e-01,2.616799988007448285e-01,1.238153115786501335e+00,-6.049168742345719350e-03,-2.012215384568742660e-02,-8.377467029188284675e-02
1.189942127772812608e+00,2.525634881463488801e-01,2.471014458316445894e-01,1.238144958101660364e+00,6.829472794256985328e-03,-2.298707813614671303e-02,-8.756317704398512702e-02
1.189941776717064137e+00,2.475701674527151785e-01,2.352558856941776577e-01,1.238144604929237946e+00,-9.858393137371091949e-03,-2.265474212172563506e-02,-8.809690899422084609e-02
1.189903684886036483e+00,2.597690607585310119e-01,2.188736136107083952e-01,1.238188345269611190e+00,-7.822158858357875291e-03,-3.961824823218514091e-02,-8.631537319899273974e-02
1.189859849727539887e+00,2.823857378597157686e-01,2.044131922951432090e-01,1.238233379774308363e+00,-2.804433624416500549e-03,-4.573276602185641360e-02,-8.388643774670129227e-02
1.189773411907735223e+00,2.694934972995143285e-01,1.933501865667890396e-01,1.238206182907843678e+00,-2.860974191293142854e-03,-1.992958572451728264e-02,-8.351542658621850801e-02
1.189734945248794862e+00,2.557011953305444174e-01,1.971897109048855734e-01,1.238178974666235499e+00,1.793603760959736754e-02,-2.229133141871541754e-02,-8.465668475584627040e-02
1.189878114393520203e+00,2.469193683084369151e-01,2.332082976715677269e-01,1.238147358520293340e+00,8.068115982744364367e-02,-2.408302909457781665e-02,-8.759322685474441039e-02
1.189947631843282005e+00,2.589745755232578106e-01,2.431414210507378548e-01,1.238166905958805186e+00,2.142285630133055133e-02,-5.469420804180276374e-02,-8.746212652426853251e-02
1.189961228783403158e+00,2.896116225654603027e-01,2.488550178647035982e-01,1.238215484952334799e+00,1.886797963400954972e-02,-4.920185297631355509e-02,-8.766700575930293227e-02
1.189955488474721434e+00,3.151437197391944167e-01,2.530523126235376119e-01,1.238227107068521127e+00,1.690597274729673666e-02,-4.549355234311434903e-02,-8.762786795049723465e-02
1.189941358163815188e+00,3.365977188930188158e-01,2.566871700207048468e-01,1.238215753513447925e+00,1.535694965457376666e-02,-4.349318583288868528e-02,-8.757852368114597830e-02
1.189928828840089992e+00,3.538315714305921844e-01,2.588652708595673979e-01,1.238194016450072876e+00,1.430035538661539318e-02,-4.084481253193627398e-02,-8.751347271492193602e-02
1.189916133542933352e+00,3.687181411966941047e-01,2.609443463388469997e-01,1.238164912268314932e+00,1.357309303806168536e-02,-3.991890919635911888e-02,-8.766324440771147697e-02
1.189910092128329433e+00,3.810922862609067985e-01,2.622108979308872545e-01,1.238134408972174416e+00,1.316687279400302092e-02,-3.833244773505948416e-02,-8.755736265232812177e-02
1.189906591697603488e+00,3.912363034466752598e-01,2.631524409007005572e-01,1.238104792863641945e+00,1.160986532251125775e-02,-3.659439842319407027e-02,-8.758026265501646368e-02
1.189910518452991672e+00,3.998731969590202939e-01,2.634303741828462608e-01,1.238077035707323414e+00,1.207410469744144010e-02,-3.570471754988307350e-02,-8.772340539848653973e-02
1.189902595143075059e+00,4.070524041926658065e-01,2.634280974536227227e-01,1.238052646489939290e+00,4.707555329734250523e-04,-3.554413313729638119e-02,-8.499105049263658285e-02
1.189817803017320319e+00,4.081685738354498549e-01,2.698390402610879035e-01,1.238037643023756962e+00,6.163415219747584925e-03,-1.908598048907850231e-02,-8.199722765782198330e-02
1.189953488351956246e+00,3.455812856549714818e-01,2.736934230188131645e-01,1.238168965950279921e+00,3.159829092470500811e-02,1.819419185580569212e-02,-8.070634865592266061e-02
1.190033515003864339e+00,2.722281108058076105e-01,2.623715917978545753e-01,1.238159835518358731e+00,-2.524144186923367103e-02,1.801540584956423663e-02,-7.897460361144222063e-02
1.190042353108204054e+00,1.999666784569847922e-01,2.591532714615980559e-01,1.237917665850013949e+00,-1.575725426960151651e-02,2.188593668780275045e-02,-8.183308000500065515e-02
1.189921004650980940e+00,1.622646748122998916e-01,2.416947541869912397e-01,1.237736107102650696e+00,-1.146713203416976565e-02,-2.387235648574636410e-02,-8.726120268711669292e-02
1.189917474541723585e+00,1.374254451135483723e-01,2.359826726948031361e-01,1.237568822175076688e+00,-2.071995471242317130e-02,-3.385025395085219241e-02,-8.935086045545974354e-02
1.190039850272652799e+00,1.391476595892020274e-01,2.445981160356674455e-01,1.237566265046808001e+00,4.160145057389261214e-02,-4.445438873845290045e-02,-8.626469083918586467e-02
1.189977602223911246e+00,1.651251731638466447e-01,2.390772780873230141e-01,1.237754847121287582e+00,3.219954508971204638e-02,-4.593516728088793688e-02,-8.448857346018055769e-02
1.189891886305131541e+00,2.149613166141001452e-01,2.309093511542655575e-01,1.238031866378609847e+00,-6.230771464885593962e-03,-7.123508883098718381e-02,-8.420993083002935309e-02
1.189877298967350283e+00,2.486228790981272752e-01,2.325902325764967749e-01,1.238152929571225913e+00,-3.605675518205437463e-04,-6.682711177035156880e-02,-8.546898802288419028e-02
1.189909232649721593e+00,2.516525803433638520e-01,2.419490623549291064e-01,1.238150767331566593e+00,4.897428774880709795e-02,-1.991658199890124215e-02,-8.586924999047290674e-02
1.189902818830615105e+00,2.528600983211208852e-01,2.386313750833688740e-01,1.238158176455033788e+00,-7.650033064210361514e-03,-2.418321550593968000e-02,-8.640706252273813726e-02
1.189847940558360184e+00,2.860617432324752407e-01,2.205532853345437971e-01,1.238241086049008288e+00,-2.266130915444791033e-02,-6.559743545471484472e-02,-8.620659318353680878e-02
1.189841235790320972e+00,3.018787012750071552e-01,2.125566622557563123e-01,1.238258663016858385e+00,2.491259299459227389e-02,-3.521635108569549921e-02,-8.588463749590406759e-02
1.189852274210727812e+00,3.283838712049749198e-01,1.941125810892838921e-01,1.238253443518621211e+00,-1.542267008064194221e-02,-4.581047701982761400e-02,-8.576963462892484014e-02
1.189850916697301253e+00,3.321275772222970213e-01,1.934823338041857799e-01,1.238251272414624182e+00,-2.101365291488493936e-02,-4.913795723261801113e-02,-8.576029384480512996e-02
1.189873154408474409e+00,3.527102813433266593e-01,1.910067708284250709e-01,1.238228441280735170e+00,4.329119156812670510e-02,-3.338471394592845698e-02,-8.606767654010179236e-02
1.189931704875399454e+00,3.647653183685638512e-01,1.744278441889139664e-01,1.238182376518359273e+00,-2.526290514739452583e-02,-5.268950104780600885e-02,-8.566927606205976264e-02
1.189883485719501310e+00,3.488591803596418628e-01,1.853775700650885649e-01,1.238226138720125435e+00,1.914317484971622338e-02,-1.411434237900509227e-03,-8.566187342334818933e-02
1.189839901954709900e+00,3.242119314542730169e-01,2.072639126293973899e-01,1.238263581078700160e+00,6.507017731510726655e-02,-1.071971420464019366e-02,-8.602406238552733064e-02
1.189835909749467069e+00,3.088676633488534051e-01,2.152500604504876125e-01,1.238263138809880815e+00,-8.344227725694380524e-03,-3.593903855085156529e-02,-8.560625264337061446e-02
1.189852996006134589e+00,2.941553126117145145e-01,2.293530938235971706e-01,1.238246748369701056e+00,4.710475550393947164e-02,-8.449285137052247111e-03,-8.618599397087546576e-02
1.189856477240786248e+00,2.930855068277456454e-01,2.316177002502511351e-01,1.238243868082771870e+00,2.313271462345979634e-02,-4.357623920186506905e-02,-8.582796973947488806e-02
1.189868420788859238e+00,2.812161798990878703e-01,2.390225200311808795e-01,1.238220699042113848e+00,1.485878788751588200e-02,-1.034871998595037965e-02,-8.533995089383225596e-02
1.189836830275301516e+00,3.013216709674661486e-01,2.381673677992783289e-01,1.238246520569429965e+00,2.343301803855651899e-02,-5.183942130878751997e-02,-8.560538946271699368e-02
1.189806894336588927e+00,3.274347425455666483e-01,2.248168066316396096e-01,1.238263437289870650e+00,-4.348283076961528826e-02,-7.488498252116870813e-02,-8.609910009520571617e-02
1.189807708979707224e+00,3.452480913218956005e-01,2.141104250408259191e-01,1.238253317296409417e+00,9.505004812239654932e-03,-3.314122741080360868e-02,-8.616572152610717239e-02
1.189809234834791729e+00,3.383712852830880191e-01,2.185242336384799755e-01,1.238259252948545219e+00,4.426665054218595352e-02,-1.248439830328272951e-02,-8.609219019324064470e-02
1.189816322156345585e+00,3.319017475459449251e-01,2.186603360109791172e-01,1.238263029682824978e+00,7.266123435404048952e-03,-3.339733155961813194e-02,-8.621058178410352657e-02
1.189803371930260090e+00,3.128068895914472569e-01,2.261643778757058687e-01,1.238263252254744762e+00,8.364930326638696581e-03,-2.005839682483968184e-02,-8.389133801721071482e-02
1.189748077676612281e+00,3.065792439307015727e-01,2.218532793883171983e-01,1.238264986646917976e+00,3.131497671855341253e-02,-1.724689162033727144e-02,-8.409717504940676658e-02
1.189734830138835964e+00,3.155961113689157993e-01,2.064651444013123061e-01,1.238268203381629018e+00,-2.154135189509941758e-03,-4.011688982064082892e-02,-8.720247930571500827e-02
1.189790277580207167e+00,3.224703047498356234e-01,2.117596419130910734e-01,1.238267224564465252e+00,8.576832682384073238e-04,-4.455059919886038972e-02,-8.930964019213002980e-02
1.189826143865032826e+00,3.197742961206198609e-01,2.126548658325732588e-01,1.238265854597117910e+00,-8.414122570021734249e-03,-3.704013651227719417e-02,-8.679559614352770625e-02
1.189791419357146829e+00,3.138546512147057932e-01,2.054401606501736199e-01,1.238264841306331299e+00,-2.455665344037356000e-03,-1.787167774770769338e-02,-8.354855332760179054e-02
1.189756220332420789e+00,3.153081064081444396e-01,2.081026150260627261e-01,1.238267737817768666e+00,2.114001960450132001e-02,-3.472670143516579794e-02,-8.510577258523963073e-02
1.189791415419396925e+00,3.301371332361958677e-01,1.953535721363891253e-01,1.238256668719231568e+00,-6.244919203834842919e-02,-5.344604613601452309e-02,-8.890309663323581191e-02
1.189830280991813094e+00,3.232333467080707456e-01,1.813521961723198461e-01,1.238240167790096935e+00,-5.322404779914724797e-04,-1.207373397421774783e-02,-8.796834428476957290e-02
1.189862325899770923e+00,3.263708397630565861e-01,1.580098117478988262e-01,1.238190609212290516e+00,3.524214535186449750e-03,-3.469739777493354577e-02,-8.667903805390862748e-02
1.189816181257970840e+00,3.208878353015149343e-01,1.566540121436685862e-01,1.238190121071412797e+00,7.198555533297561204e-03,-2.088664158761483966e-02,-8.371016563237360097e-02
1.189785780915165070e+00,3.249141856160469022e-01,1.373953686894895942e-01,1.238132277690585648e+00,1.951061660832400027e-02,-3.186918995421506723e-02,-8.423506503910692389e-02
1.189779201789512575e+00,3.203382495168245470e-01,1.187124292410981219e-01,1.238060297474175009e+00,2.865374467291373003e-02,-2.895207254096631225e-02,-8.822568819524019557e-02
1.189818102535759925e+00,3.160583081229057512e-01,9.589446380947007353e-02,1.237948047252103168e+00,-2.137551041175202865e-02,-2.938751980312563281e-02,-8.945681498934410225e-02
1.189818609950786366e+00,3.093647837285182223e-01,7.451794655924401378e-02,1.237821667429574557e+00,-1.590287263550779762e-02,-1.211727291068149040e-02,-8.738167272144105324e-02
1.189803510620184746e+00,3.097253292634546962e-01,5.671160719580910226e-02,1.237703187114450376e+00,-1.030371420232280462e-02,-4.203547690004238307e-02,-8.430907395581711816e-02
1.189789084769554917e+00,3.124456398141928770e-01,4.336972848369769623e-02,1.237606071595478419e+00,-1.758042205577660388e-03,-3.990142626412419152e-02,-8.460815517785953699e-02
1.189875503512789257e+00,3.258489193001118389e-01,7.342573301745618231e-02,1.237813525955290705e+00,5.392331957052370894e-02,-3.874111137238622771e-02,-8.641504471541604226e-02
1.189876762287772394e+00,3.309423722964733305e-01,1.246474574696071203e-01,1.238078040756768416e+00,9.719124510905775838e-02,-1.756243060993753491e-02,-8.827977943451985332e-02
1.189856813218847842e+00,3.204235625490069461e-01,1.827742940728654675e-01,1.238241302350743478e+00,8.260409053460919526e-02,-3.246674806196340329e-02,-8.873505316909399698e-02
1.189879433576964018e+00,3.068451519975777253e-01,2.380242207475413707e-01,1.238248248591441669e+00,6.808735959444886521e-02,-2.684791571539537833e-02,-8.593453083514651647e-02
1.189931370784151898e+00,2.822092190538271206e-01,2.499540292077295500e-01,1.238204887690010247e+00,-6.072663266578024258e-03,-1.625415161669126543e-02,-8.682062062776176037e-02
1.189944312705166318e+00,2.609107330578339656e-01,2.411563332527984493e-01,1.238174232953326070e+00,-2.439109023599261936e-03,-1.796729401191711484e-02,-8.692885932804736426e-02
1.189926972818630135e+00,2.566284741045049000e-01,2.328470462981883926e-01,1.238172515271362739e+00,-1.636656272312589150e-03,-2.945333006662374797e-02,-8.696307395871992474e-02
1.189918746347344181e+00,2.534033363478117029e-01,2.259353268556565375e-01,1.238168787992467657e+00,6.797327927332277517e-04,-2.988950038550147389e-02,-8.735671967868716137e-02
1.189913409220322071e+00,2.509713929595852600e-01,2.206086864374131318e-01,1.238164266842994632e+00,3.016565517010266761e-03,-3.052251093533346615e-02,-8.736287113329767318e-02
1.189917876978101141e+00,2.496078985082079149e-01,2.159316530899512421e-01,1.238160862836156451e+00,3.662398540471233609e-03,-3.100904211551173961e-02,-8.770125103003639788e-02
1.189817517441572825e+00,2.644173487342340589e-01,1.726565059674139424e-01,1.238163481722042603e+00,-3.965440210845343899e-02,-6.174828643141686002e-02,-8.772804002523895694e-02
1.189947709714662460e+00,3.114890393888035680e-01,1.262590458027015583e-01,1.238082514948958712e+00,-4.420538429018599363e-02,-7.391048225996060816e-02,-8.624606542582169411e-02
1.190263242466021332e+00,3.649494684543569401e-01,8.905363838522040165e-02,1.237848017977891457e+00,7.199308759299792929e-03,-6.635112593498868061e-02,-8.347322200814716320e-02
1.190633145975232177e+00,4.181981194804689772e-01,6.745841575699552950e-02,1.237540860304054302e+00,-1.835615436612281215e-02,-6.858645966344882605e-02,-8.088890726396559538e-02
1.190848099381365044e+00,4.706282474912108493e-01,7.273938314009806283e-02,1.237296001920690003e+00,5.243689498634210300e-02,-5.841409511552300704e-02,-8.214729059831760161e-02
1.190980098777910667e+00,5.022777964227801428e-01,7.537387340567525129e-02,1.237089222637313135e+00,2.905092187606054394e-02,-5.148720399822959148e-02,-8.659511405806104289e-02
1.190683514500536333e+00,4.886610725191606330e-01,1.010595197023591296e-01,1.237347631948734428e+00,5.397798872708534090e-02,-5.536179318822926840e-03,-8.910648968047302221e-02
1.190381671542378061e+00,4.633694899860194005e-01,1.273226680224588403e-01,1.237643114311110182e+00,1.044181150449737493e-02,-1.890468899406932274e-02,-8.816187313765413980e-02
1.190048862845683786e+00,4.218423304285772168e-01,1.609812651511375037e-01,1.237975504068314248e+00,6.757858107026050443e-02,-7.878756598185392493e-03,-8.712660141214143006e-02
1.189922395138031774e+00,3.940147580110235914e-01,1.746671329028207931e-01,1.238111341310163427e+00,4.061245351126274022e-02,-2.499297467856332819e-02,-8.573919405154170614e-02
1.189842339073371225e+00,3.854544712976130105e-01,1.882510844175174225e-01,1.238160123005568769e+00,1.638385726119793301e-02,-3.235235989905826948e-02,-8.586704622359145334e-02
1.189811575183718828e+00,3.795696950075868603e-01,1.926238110751185562e-01,1.238181568050957138e+00,2.502465384343360508e-02,-7.964404084415586949e-03,-8.633691723971359533e-02
1.189767930533905727e+00,3.476735103777102154e-01,2.011384503536810808e-01,1.238248189180530590e+00,9.040946334756737313e-03,-1.723091228963597246e-02,-8.656274808153510691e-02
1.189750272176894885e+00,3.230069838346165678e-01,2.072908795860618769e-01,1.238267898590578397e+00,1.831918189931090735e-02,-2.153430619531702603e-02,-8.651318168845513468e-02
1.189737160680145234e+00,2.947847961967002828e-01,2.120440269172630399e-01,1.238257157090926652e+00,1.478333991612123394e-02,-3.311624843535144330e-02,-8.654489903160474118e-02
1.189725626026155503e+00,2.843423033226323282e-01,2.102132070543028530e-01,1.238244449863799890e+00,5.033705416969557270e-03,-4.216139562898819915e-02,-8.657582984996216313e-02
1.189718480363980868e+00,2.897074368076167916e-01,2.061392329899459364e-01,1.238250733557221039e+00,-1.342179546684755739e-02,-4.982837776337637609e-02,-8.666260357202584808e-02
1.189737751732462101e+00,2.936107601482054741e-01,2.133652312110146387e-01,1.238256035755874951e+00,1.068518308810533293e-02,-2.026961006743630000e-02,-8.689378151672116912e-02
1.189741062154379136e+00,3.040124921834551630e-01,2.082383717325657913e-01,1.238263836851237087e+00,3.438139650430959739e-03,-2.589716904448390380e-02,-8.676750480089330531e-02
1.189744602124087836e+00,2.853426978623642696e-01,2.128123481116815929e-01,1.238245415494460433e+00,2.002040742563650222e-02,-1.168991714029651505e-02,-8.664994064766028126e-02
1.189748136814735346e+00,2.890077389135141672e-01,2.126711030965074967e-01,1.238250134012532255e+00,1.858899697685752195e-02,-4.229765306350737053e-02,-8.698098433333943669e-02
1.189756508962133141e+00,3.084677469186449805e-01,2.137222226525561652e-01,1.238266567073556201e+00,1.949541090002783819e-02,-3.995032683865530621e-02,-8.660824930732165250e-02
1.189754049379573964e+00,3.255540323854171914e-01,2.135524191157600615e-01,1.238268518045862354e+00,9.696433770897947002e-03,-4.644842794545402109e-02,-8.683547189870177707e-02
1.189750874433037842e+00,3.379899208237967523e-01,2.143286377071058624e-01,1.238262493677924736e+00,1.598346536139968674e-02,-4.263727973426270634e-02,-8.673759288154987701e-02
1.189791651124712191e+00,3.525738540534458232e-01,1.879366047469210599e-01,1.238228854464967554e+00,-4.833913654116147457e-02,-3.090152025189602664e-02,-8.676639658888726792e-02
1.189896675099178625e+00,3.732297819731640875e-01,1.623462906833702812e-01,1.238141551425515852e+00,-2.724650274623950218e-03,-5.855403255892125541e-02,-8.721153414564462858e-02
1.190038730512064324e+00,3.824251227938060826e-01,1.285068431736510197e-01,1.238007442646958056e+00,-5.119549208237136884e-02,-3.737460808787187311e-02,-8.652796664316154962e-02
1.190211658572503328e+00,4.083868468367749527e-01,1.160194954649109017e-01,1.237866618946484421e+00,-1.606967723093043893e-02,-4.521992614992864645e-02,-8.670599301796465264e-02
1.190315518256310545e+00,4.394781326194145410e-01,1.213115081546325830e-01,1.237751275735192502e+00,2.157793028419499951e-02,-5.169777449163141109e-02,-8.697341314086742825e-02
1.190358900414850041e+00,4.659658875133180223e-01,1.291758466540190442e-01,1.237635879559273899e+00,1.856967016997443723e-02,-4.772977852189532605e-02,-8.710901022896352930e-02
1.190567346355319911e+00,4.860500028365205005e-01,1.142281533333237287e-01,1.237434452061912715e+00,-5.530267286916035370e-03,-4.528470047166024276e-02,-8.643866238632336163e-02
1.190929358093514967e+00,5.015184021611278631e-01,8.364512239809568372e-02,1.237147562439975923e+00,-2.529811163668010260e-02,-4.296085540084536997e-02,-8.588170852891957585e-02
1.191028098269952151e+00,4.840246673012933987e-01,6.091922821373058766e-02,1.237122115763998442e+00,-1.738606853740927785e-02,-9.448367086890065505e-03,-8.609065564985643459e-02
1.190817786929749822e+00,4.382089340577767778e-01,4.349627884903555647e-02,1.237271396775733390e+00,-1.356898022316696886e-02,2.684038842991060122e-04,-8.692953853463353253e-02
1.190516896996890450e+00,3.985243452589123381e-01,3.611058348217659891e-02,1.237388506442516078e+00,2.568795358516206759e-02,-1.844589939705591417e-02,-8.714181786803992802e-02
1.190481320377744456e+00,3.959035210504200930e-01,4.038551715407990433e-02,1.237432419752336754e+00,2.416411544629135447e-02,-3.636056295219287221e-02,-8.764689932795546867e-02
1.190412303345259604e+00,3.933874644712052615e-01,5.117838672022446966e-02,1.237525313900116108e+00,-5.916822072082653615e-03,-3.772497344841170552e-02,-8.731038606829366611e-02
1.190142909638089108e+00,3.700507337197773139e-01,7.489661039199035919e-02,1.237759036900196286e+00,3.089950364915256334e-02,-8.331358385504541997e-03,-8.712205358032514002e-02
1.189895829939069616e+00,3.399006743247443563e-01,9.485757324481364217e-02,1.237930735704304785e+00,2.801238505268617909e-02,-1.305000834651267455e-02,-8.740118417851519550e-02
1.189897217035815302e+00,3.463995405151279461e-01,1.119090994848773307e-01,1.238009745573368070e+00,3.935860060842101549e-02,-3.010205490463273292e-02,-8.623293784214722257e-02
1.189882857329437549e+00,3.547667663008194361e-01,1.309245102254358306e-01,1.238079557217278914e+00,4.371657578639157743e-02,-4.596610555867673698e-02,-8.643006962079567701e-02
1.189862082063613657e+00,3.598395334010457969e-01,1.442501088528900244e-01,1.238118908321837575e+00,3.325403218961466012e-02,-4.278557214651079743e-02,-8.693800597674125608e-02
1.189877350038711201e+00,3.800076928587386993e-01,1.583338659381596791e-01,1.238116717596543070e+00,3.033822840272552487e-02,-4.142699301933563255e-02,-8.696097751004447374e-02
1.189847970129893850e+00,3.858814549037234420e-01,1.701472511382894903e-01,1.238129653015480169e+00,5.143733544414070408e-02,-1.375067278889839477e-02,-8.688132805895369681e-02
1.189911097088294678e+00,4.000889284286351377e-01,1.629068501817819425e-01,1.238068149957321396e+00,-1.856645826266108135e-02,-5.224551549070006323e-02,-8.755470443206350706e-02
1.189880136041847836e+00,3.863351474717575673e-01,1.650135732936166277e-01,1.238116022171011466e+00,9.431960870519239676e-03,-1.714934325513102487e-02,-8.748364248755177708e-02
1.189931518050062254e+00,3.969139891343202442e-01,1.584170326392559114e-01,1.238066574372977069e+00,3.239135598923000015e-02,-4.860325463987735795e-02,-8.714123564003192768e-02
1.189885218310456017e+00,4.001692499064474773e-01,1.693762647992900772e-01,1.238083243610527129e+00,1.579502233446642215e-02,-3.696561613980534067e-02,-8.689273712517651960e-02
1.189836783899093309e+00,3.866960023951147574e-01,1.757970022068379712e-01,1.238138577430195841e+00,-6.683973764594522415e-03,-2.580898215945652552e-02,-8.720796688491161408e-02
1.189906321091536379e+00,3.881623861160700684e-01,1.609165569790083627e-01,1.238100179436452564e+00,-7.094185573679160847e-03,-3.113477327960709889e-02,-8.774052164957876765e-02
1.189894352233419550e+00,3.837147954197180910e-01,1.617561238469029106e-01,1.238114879917270317e+00,1.111409784513619527e-02,-2.386796860500228074e-02,-8.709376828053437547e-02
1.189888544005048177e+00,3.803287679891367290e-01,1.588994438454125191e-01,1.238116833961638408e+00,9.056705807350736576e-03,-3.167800193270988579e-02,-8.676297738092848821e-02
1.189884693115744518e+00,3.755538186986687732e-01,1.542051386252074330e-01,1.238116161578981744e+00,9.345752456308888817e-03,-3.096320182480422414e-02,-8.693319261258634911e-02
1.189882441918467038e+00,3.689752242252129499e-01,1.475631025694476850e-01,1.238111412442411297e+00,2.613436419718685733e-02,-3.279072140070975888e-02,-8.720152939697629890e-02
1.189920426161448219e+00,3.745989884752768950e-01,1.385238431430039219e-01,1.238068437335323013e+00,1.109810960761578764e-02,-4.279434020117409143e-02,-8.661327721875383689e-02
1.189944213177919652e+00,3.816868534072384578e-01,1.386073686401322058e-01,1.238050571473496841e+00,3.645606851717509561e-02,-3.220226524581253774e-02,-8.749834820148980064e-02
1.189899665414200003e+00,3.744530899060826146e-01,1.439242811567250646e-01,1.238087586037453391e+00,3.339804021027479447e-02,-3.374300539051370423e-02,-8.730244969086317641e-02
1.189893214293064938e+00,3.661118206911443962e-01,1.375895163011399969e-01,1.238084171338012407e+00,-1.916662554452431416e-02,-2.385724956762121443e-02,-8.719373100009639166e-02
1.189918537983917002e+00,3.623534262422618557e-01,1.227987973593838433e-01,1.238033653799149425e+00,-2.425770873084927975e-02,-4.059083643014108761e-02,-8.742579757340863955e-02
1.189892574944944270e+00,3.627770473649755134e-01,1.357892839669772589e-01,1.238084025835073154e+00,3.369778952808252098e-02,-4.339537081154167669e-02,-8.834302760641202235e-02
1.189885859120527467e+00,3.604496704733664014e-01,1.480462779848615573e-01,1.238128519925125515e+00,1.379680374140603710e-02,-1.953499474941711167e-02,-8.901071736248966637e-02
1.189925645639523077e+00,3.647132082890086613e-01,1.459697354519944867e-01,1.238112830366850492e+00,6.790227122209661903e-03,-1.095435773622981460e-02,-8.768711985623654781e-02
1.189975540320371339e+00,3.819501907497861448e-01,1.491637281213365751e-01,1.238082121596816743e+00,1.302979981372108693e-02,-4.341314891516941804e-02,-8.752030596102558513e-02
1.189906488769339354e+00,3.830150302575864307e-01,1.635439834184810037e-01,1.238120353430850251e+00,2.689542481541365784e-02,-3.065649384499297136e-02,-8.554804499547387364e-02
1.189880338921081915e+00,3.903939541456363793e-01,1.671284790183749092e-01,1.238109176641188913e+00,-2.388702030843878332e-02,-5.361880694656664254e-02,-8.600398906772931118e-02
1.189983395950677370e+00,4.203979967176882937e-01,1.553734702176155780e-01,1.237970255268614261e+00,1.088945235236002743e-02,-5.776928049166057955e-02,-8.665960579303551292e-02
1.190049478916262338e+00,4.459821772048241373e-01,1.532293359111916164e-01,1.237841850738840455e+00,2.857163837679422766e-02,-5.371993127851611843e-02,-8.732201993228687342e-02
1.190175628848346268e+00,4.197633696184317476e-01,1.217918355642660516e-01,1.237848950483966481e+00,-1.702561493126960104e-02,-1.734861785530968786e-02,-8.777949605215427942e-02
1.190177444117358485e+00,3.999846211819996222e-01,1.052411246937864087e-01,1.237846967334947701e+00,-3.142902764797124437e-02,-1.959904385892771717e-02,-8.747530522670640685e-02
1.190144917942534297e+00,3.964568170184607498e-01,1.079179712425846899e-01,1.237872888054909692e+00,2.124755843339998576e-02,-2.038664205661571208e-02,-8.720792855698089596e-02
1.190017398380010860e+00,3.814815395986502766e-01,1.185757020937350109e-01,1.237970108177155470e+00,1.860082615479885168e-02,-2.319615504688725058e-02,-8.685084665786760305e-02
1.189971939213500640e+00,3.744389444062112826e-01,1.220143241774862414e-01,1.238003700555221798e+00,-7.881519194371078285e-03,-4.089685132555756497e-02,-8.734896718618939682e-02
1.189992147728904825e+00,3.820834817006922290e-01,1.259505941659197770e-01,1.238000401840971376e+00,3.084517547553800379e-02,-3.094116753080249430e-02,-8.735302473246403521e-02
1.190031577060767010e+00,3.854210026403875333e-01,1.199006803246141922e-01,1.237964804123938167e+00,-1.029854474592385976e-03,-3.489364474895902818e-02,-8.714900604860893740e-02
1.190091038300118198e+00,3.961157976972544681e-01,1.169447460601711064e-01,1.237917968097953292e+00,-1.110145446272371890e-02,-4.998196091090297000e-02,-8.687123399729333728e-02
1.189931664401467026e+00,3.866699364243004755e-01,1.376361727047247518e-01,1.238034568517113243e+00,3.102605494127997840e-02,-2.955684474256050492e-02,-8.442487600471913767e-02
1.189837228752052001e+00,3.801291637961753400e-01,1.387764503903455848e-01,1.238059988458690253e+00,2.527126842794153588e-02,-1.357996353512870395e-02,-8.416712869277774567e-02
1.189835522808078805e+00,3.768241038879867610e-01,1.304008687421318036e-01,1.238037865178902575e+00,-1.266046046390553216e-02,-2.447926509144812343e-02,-8.795621761717882514e-02
1.189833906474513592e+00,3.659664842044981770e-01,1.335631819286831334e-01,1.238072831073516733e+00,-2.397140149851562010e-03,-2.567392313620582567e-02,-9.187108269908934866e-02
1.189915982083616264e+00,3.680044514574586367e-01,1.371769955642276329e-01,1.238077997947753417e+00,3.818345882383904905e-02,-4.285139613779073015e-02,-9.087419318733888640e-02
1.189959701562948835e+00,3.675852081344475053e-01,1.273631667666976774e-01,1.238040411872673108e+00,-2.717666784032081537e-03,-4.263902918350992444e-02,-8.669620023166665912e-02
1.189898057104443740e+00,3.650900093139191616e-01,1.253248863862667928e-01,1.238039933096475975e+00,3.050190687714509144e-02,-1.653970335069263053e-02,-8.407241841501411628e-02
1.189871935363132627e+00,3.687303577440684821e-01,1.241947169974739057e-01,1.238029479071347083e+00,-1.581375620950368349e-02,-4.654152947270587259e-02,-8.549820798937610156e-02
1.189802680265636958e+00,3.661953091290259255e-01,1.390610473767348310e-01,1.238093226258809132e+00,6.586942535947727662e-02,-4.293644326236295550e-02,-8.699553432891708737e-02
1.189754960506435699e+00,3.633508558667569166e-01,1.547780640368933425e-01,1.238148675497749762e+00,1.329682933697275311e-02,-1.400432135063627709e-02,-8.786155345549230555e-02
1.189785215759879833e+00,3.813525458023560577e-01,1.632517911697694002e-01,1.238129520840730802e+00,-3.955769205041100890e-03,-5.060100391237457723e-02,-8.791248600532365620e-02
1.189799873341467640e+00,3.847433204506875981e-01,1.640198828909221751e-01,1.238121772145871269e+00,3.269366267914079749e-02,-5.439750761493340053e-02,-8.816803478704854369e-02
1.189862703947627276e+00,3.884538040629372802e-01,1.536343341273535834e-01,1.238082510780467160e+00,-9.293597508408425398e-03,-2.182449435516477590e-02,-8.826498177811546719e-02
1.189992008124011624e+00,3.982591869552544184e-01,1.333305989241372891e-01,1.237981719374421363e+00,-3.668492547455115549e-02,-5.382734900366067249e-02,-8.824101953465426917e-02
1.190053426246709511e+00,3.939032988986062023e-01,1.178652892382257844e-01,1.237930588095019768e+00,2.004781459599003571e-02,-2.364882927836025120e-02,-8.771384500869404410e-02
1.190132101885319038e+00,3.894945626143138662e-01,9.404912480484828308e-02,1.237823560760665798e+00,-4.120413763576162569e-02,-1.968059054364051930e-02,-8.728773123065981798e-02
1.190221525251596857e+00,3.931576494097727692e-01,7.758611260597939041e-02,1.237713240868002940e+00,4.085971286829767277e-03,-4.891349749942170561e-02,-8.704477636074153812e-02
1.190207027952524088e+00,3.884894908242910172e-01,7.093861304394395717e-02,1.237685614077449703e+00,2.081778539165614686e-02,-1.960671060831599422e-02,-8.748466646724495366e-02
1.190334828691717028e+00,3.938491623501041428e-01,5.244839093190794416e-02,1.237536778696060047e+00,-1.580505048863615689e-02,-4.066009072917405737e-02,-8.797881117469087686e-02
1.190254102026628624e+00,3.860442397020531491e-01,5.708943198078865466e-02,1.237596444017279085e+00,3.547086755376072098e-02,-2.542758835127682110e-02,-8.776815076182548081e-02
1.190281062332977147e+00,3.906984225119158882e-01,5.879273114432045921e-02,1.237594039343381302e+00,-8.563802096106274547e-03,-3.612528938766950554e-02,-8.730077199711447355e-02
1.190231768513695831e+00,3.899397423310949073e-01,6.765582901398739524e-02,1.237658865362092575e+00,3.745761002275637547e-02,-4.571506190374749479e-02,-8.729504963705854437e-02
1.190144225980943160e+00,3.804143847169309534e-01,6.755711053731662530e-02,1.237687931886854775e+00,-1.190721315023946132e-02,-1.928458151276286198e-02,-8.644460178942880990e-02
1.190087033423128604e+00,3.789973390228708050e-01,7.679447966048130736e-02,1.237753249106093856e+00,2.960738873014795436e-02,-2.208343596422862251e-02,-8.738922858274078553e-02
1.190104387792898510e+00,3.804211728515111690e-01,7.676067156870998442e-02,1.237748721773397342e+00,1.419937989671340821e-02,-4.533034028858563130e-02,-8.807480571041222117e-02
1.190015502030481453e+00,3.730001419119132744e-01,8.275505478119071778e-02,1.237806601738816070e+00,1.728462365430730868e-02,-1.268033353624191222e-02,-8.517177346020236850e-02
1.189985020115442049e+00,3.722165073142773006e-01,7.870444189189555739e-02,1.237785314328785136e+00,9.063812273323060232e-04,-2.202302910015518922e-02,-8.633435354682228446e-02
1.189899148904086656e+00,3.578177351544878926e-01,7.702598409339653229e-02,1.237805819387563622e+00,-2.771393585777298663e-02,-2.071225463701353853e-02,-9.003097300696027983e-02
1.189978990657449609e+00,3.601917077621861751e-01,7.313733446073933386e-02,1.237773899855836301e+00,2.100745259573351745e-03,-4.090342524717819478e-02,-9.028787906538982000e-02
1.190010349898405373e+00,3.599417343553063531e-01,7.144685701094566355e-02,1.237762052726246509e+00,-1.709623569632412812e-02,-2.512187980214923219e-02,-8.837084568427062969e-02
1.190064541809535914e+00,3.622507070728326894e-01,5.429778930221740296e-02,1.237638588920596749e+00,-1.015947308785119553e-02,-3.050973301968633658e-02,-8.595898583763790513e-02
1.190010435676216449e+00,3.581041848210382295e-01,4.132360006987742529e-02,1.237550678168366058e+00,-7.559193075965951053e-03,-2.750894376476476985e-02,-8.457426473017304325e-02
1.189932094067782886e+00,3.530205695285625889e-01,4.532982479808685822e-02,1.237592649962421909e+00,3.402416481898416778e-02,-2.910138890123471420e-02,-8.810741928718111848e-02
1.189925604828903527e+00,3.505495547043173121e-01,5.597616374012734375e-02,1.237674712510198782e+00,4.186267015064541047e-02,-3.125103275592783919e-02,-9.045799072250003403e-02
1.190121228959127642e+00,3.818015098993803869e-01,8.001308940281598447e-02,1.237764386753976265e+00,3.650700018096526833e-02,-4.504735492726852364e-02,-8.859940371434837925e-02
1.190177675200897900e+00,4.017672013656913288e-01,9.957733276671520972e-02,1.237812395278561350e+00,3.078011699480765265e-02,-4.475621882796081835e-02,-8.887233436863882508e-02
1.190204076495328556e+00,4.182356753239062641e-01,1.150993879185754770e-01,1.237824904053967279e+00,2.580360141477087629e-02,-4.207002428392138393e-02,-8.907127540388654063e-02
1.190201401516334023e+00,4.317242135882448650e-01,1.282790426567211872e-01,1.237821720631670397e+00,2.270515464096035940e-02,-4.022065296942840124e-02,-8.889486147621518397e-02
1.190198238178665324e+00,4.428477950509386862e-01,1.384786523176062545e-01,1.237805356693091108e+00,1.953490431749764500e-02,-3.844820732745159869e-02,-8.928912904457461663e-02
1.190189276546356645e+00,4.523194776958450181e-01,1.470091920223354498e-01,1.237783548399566946e+00,1.688854399002139711e-02,-3.762096213986306642e-02,-8.954840849326271834e-02
1.190244018430369977e+00,4.595998207968781113e-01,1.457720378459804456e-01,1.237736382367544685e+00,-2.743618659987483513e-02,-3.691342552173395436e-02,-8.868752065211422952e-02
1.190557798520534005e+00,4.633805095713371958e-01,1.094888200266487810e-01,1.237557646513981036e+00,-8.203385784976435086e-03,-3.606955517151938517e-02,-8.689977208315738388e-02
1.190668883490088259e+00,4.498400237982224104e-01,8.014100315814801090e-02,1.237470602654535901e+00,-1.674250584767210046e-02,4.008559907447551210e-03,-8.421314324543170693e-02
1.190310459253998587e+00,4.009279612663044778e-01,6.829792293149343496e-02,1.237625202263606283e+00,-3.716302618921980133e-02,-2.495140207624770966e-03,-8.136937550725714674e-02
1.189878822577548290e+00,3.563130356122157227e-01,7.101576864221294250e-02,1.237771061949851426e+00,3.936211176884687676e-03,-1.918151891435666140e-02,-8.483148079916777440e-02
1.189641461561954827e+00,3.270491077997009222e-01,7.718160270633869779e-02,1.237847460391374055e+00,1.443317373885554325e-02,-3.261750781419608253e-02,-8.895491902614469093e-02
1.189504452829630132e+00,3.045429106603743663e-01,7.824886472253327063e-02,1.237856747265299706e+00,-1.700504673334481825e-02,-4.978319258689935939e-03,-8.963388637472931297e-02
1.189459352881843124e+00,2.946604971312434817e-01,8.496190163848946209e-02,1.237890829125442682e+00,3.224026990848877228e-02,-2.891667528697393005e-02,-8.895156756057508163e-02
1.189456350806471274e+00,2.938801671544862271e-01,8.472660698736048102e-02,1.237888778277763446e+00,6.531887918984408646e-03,-4.967333802594790099e-02,-8.717747781823938225e-02
1.189623128350459469e+00,3.194836345951515555e-01,9.699495979731170836e-02,1.237963102584341835e+00,1.436651173919780387e-02,-3.004630688844931591e-02,-8.676303104003149635e-02
1.189744829723636377e+00,3.400128119347849975e-01,9.939734192436948390e-02,1.237961571852786546e+00,2.030762229022759977e-02,-2.724683985278300580e-02,-8.781912924946448651e-02
1.189946626007483133e+00,3.746840488200556818e-01,1.032326905349299773e-01,1.237918073709517008e+00,-1.110801305659637854e-02,-7.125566605341047965e-02,-8.804371403243148320e-02
1.189954707001368295e+00,3.812814567735477445e-01,1.128835289500303984e-01,1.237948154711302928e+00,4.642109801469887498e-02,-3.859351951051950835e-02,-8.825988240291944564e-02
1.189958375809895941e+00,3.822864033039336529e-01,1.143356357834912213e-01,1.237952019824878347e+00,-1.433881582442242224e-02,-2.348595632412614487e-02,-8.813458109950278452e-02
1.189962444160108213e+00,3.893470276056429369e-01,1.230682003381018408e-01,1.237970322933967138e+00,2.191006632215174166e-02,-5.665627317375152711e-02,-8.815884976585658395e-02
1.189952276877286774e+00,3.901653353733590679e-01,1.273217220623945878e-01,1.237985560428185972e+00,3.607312335617478966e-02,-2.480652808839349521e-02,-8.809407713812388019e-02
1.189962779985477281e+00,3.854440606025572591e-01,1.194447650718896969e-01,1.237965954164523597e+00,-1.724709667504169958e-02,-2.153636545892433085e-02,-8.779978122090423276e-02
1.189984382835412191e+00,3.958765775667894005e-01,1.239442698565253326e-01,1.237953305779451840e+00,-8.984517778318410614e-03,-5.744799529343154465e-02,-8.725792654038767859e-02
1.189954198174659528e+00,3.947856392802392422e-01,1.287293101674554241e-01,1.237977116857023274e+00,2.943182380330766970e-02,-3.823261737900696816e-02,-8.774244700415420595e-02
1.190011273035831874e+00,3.974329470401151698e-01,1.173220382706285786e-01,1.237919111299733643e+00,-1.166325583518237549e-02,-2.678721656998845832e-02,-8.743912437318809849e-02
1.190157482591422955e+00,4.160594696517938562e-01,1.058242312200898538e-01,1.237792289611782337e+00,-1.228513147669967574e-02,-3.546214176878813990e-02,-8.775453282575833291e-02
1.190195705968508211e+00,4.200795800192203000e-01,1.022861692737299377e-01,1.237756640774875461e+00,1.513964961377957733e-02,-2.882746185287285087e-02,-8.881383569587281146e-02
1.190249691655756337e+00,4.172369743197125724e-01,9.385082855118354050e-02,1.237721492511592025e+00,-2.007462850150659034e-02,-7.150466271343281464e-03,-8.874078199141731405e-02
1.190300174907815700e+00,4.253128431850545232e-01,9.270205532983760710e-02,1.237679118174721982e+00,-1.748989251693530700e-02,-5.535709362863828337e-02,-8.698308327778712934e-02
1.190248955728824720e+00,4.315548735927230428e-01,9.925295481157452027e-02,1.237688508574059876e+00,1.546588121899601133e-02,-6.556361790715176108e-02,-8.444622591001418876e-02
1.190145284987325969e+00,4.210257958204924322e-01,9.676491025753207464e-02,1.237726433319341401e+00,3.285515673155565974e-02,-1.942168284460613417e-02,-8.600520201303439582e-02
1.190095776664507943e+00,4.035507134819163455e-01,9.005168269188347507e-02,1.237758718120731682e+00,2.591608183247286895e-02,-2.188681636522030530e-02,-9.059738245400647538e-02
1.190086253433404240e+00,3.970053637576169137e-01,9.557942037465391727e-02,1.237811170312137277e+00,3.692208032079819652e-02,-1.646350443176242129e-02,-9.031757269379761532e-02
1.190093501567373480e+00,4.155017195818926368e-01,1.142345773502322498e-01,1.237837038173666970e+00,3.000256265848069703e-02,-4.319541107463138740e-02,-8.769259205969351378e-02
1.190165460400998132e+00,4.217194750591433117e-01,1.013919165325476990e-01,1.237746660729567516e+00,-2.113181416176379904e-02,-4.845315343583048162e-02,-8.557875885991649001e-02
1.190256640623327700e+00,4.174179019077373098e-01,7.519132758311804221e-02,1.237611226111669849e+00,-3.429475222843789833e-02,-3.036184068798470151e-02,-8.634251703952594559e-02
1.190328853929730091e+00,4.132931607224462067e-01,5.997355768481469479e-02,1.237523500885744809e+00,-2.512281177080258332e-02,-3.025931402699725756e-02,-8.991400507588670488e-02
1.190287400381370597e+00,4.116241134035525384e-01,7.254336921935171378e-02,1.237615666147268367e+00,2.159732368930993712e-02,-3.077173770629780189e-02,-9.010575418690704164e-02
1.190259630466984353e+00,4.098997694410825288e-01,8.230206633325698462e-02,1.237683640410291552e+00,1.806764437350457178e-02,-3.093012278373503607e-02,-9.023284300919248713e-02
1.190247532267946662e+00,4.089198679330985908e-01,9.072891710276194399e-02,1.237736386623880858e+00,1.674748360710297951e-02,-3.156786918949625043e-02,-9.026996869077030805e-02
1.190241314660974936e+00,4.081488417491756504e-01,9.765205637611516776e-02,1.237777010553665624e+00,1.528627161503984949e-02,-3.223993100370765169e-02,-8.993717832106716548e-02
1.190251426534329582e+00,4.079725371541328416e-01,1.029970499959130814e-01,1.237804679827225085e+00,1.373412922763257195e-02,-3.248253144664219050e-02,-9.010395776570784276e-02
1.190262528203021031e+00,4.073259116546181779e-01,1.071030319209836379e-01,1.237826759664115261e+00,1.093083466218070302e-02,-3.193396543197039167e-02,-9.018407829380753471e-02
1.190296061932779814e+00,4.073924107474069523e-01,1.068056823812059825e-01,1.237823533895262340e+00,-4.518474981488292304e-03,-3.295088386463439906e-02,-8.987232906672035226e-02
1.190455477093763870e+00,4.049607102509639178e-01,7.654483071231957259e-02,1.237657440182260871e+00,-6.056192068844504228e-02,-3.271604669906972435e-02,-8.792456926430450292e-02
1.190522877734925267e+00,4.036095019817990126e-01,5.238827849335626202e-02,1.237495896212045920e+00,-8.792154113476094782e-03,-3.242883664902531521e-02,-8.393315717674154630e-02
1.190226097353110690e+00,3.764659680665792818e-01,4.125839934840844908e-02,1.237504242414504185e+00,2.569782743901625685e-02,-5.169126370375537113e-03,-8.140971360423732150e-02
1.189840001329099950e+00,3.449417294340863527e-01,3.875476363512580374e-02,1.237555614153100336e+00,-3.915574508189904879e-03,-4.980731494876637459e-03,-8.367550933915056388e-02
1.189619888883465704e+00,3.265782748366197752e-01,4.394355065967568003e-02,1.237618316257089068e+00,1.092989013275747975e-02,-3.748401802724729559e-02,-8.814623026124275562e-02
1.189592124565397313e+00,3.206525235198026680e-01,5.268893860196965928e-02,1.237685953795069738e+00,1.077579880680398609e-02,-2.290068539995085070e-02,-9.022348938967272858e-02
1.189715453432408143e+00,3.335345402159861083e-01,7.286158121778907315e-02,1.237814101432346048e+00,4.276317148279201730e-02,-4.759813978752532732e-02,-8.983972572442815163e-02
1.189827139796502342e+00,3.492296537939045820e-01,8.207601840348958955e-02,1.237851781072351720e+00,2.086680835012147753e-02,-1.586678501923139209e-02,-8.806566665697160290e-02
1.189793876870844480e+00,3.486675778682950533e-01,9.548484271333559925e-02,1.237929897370828813e+00,-6.819181494897896649e-03,-1.469852747377453465e-02,-8.817441858245533837e-02
1.189800531788791860e+00,3.531090608099258232e-01,1.032752532870681444e-01,1.237964280087398450e+00,4.112062199564735926e-02,-4.743656620396558693e-02,-8.792043511787762944e-02
1.189831135508523374e+00,3.575611609794354107e-01,9.756055023236899493e-02,1.237926968804798245e+00,-2.451123221592940715e-02,-6.058419211275890143e-02,-8.739518594649282879e-02
1.189795236964665603e+00,3.535433184624430236e-01,9.932765461846249089e-02,1.237943790641552910e+00,-3.398748253664689994e-03,-4.181604278734878111e-02,-8.761232463757097355e-02
1.189922749508318889e+00,3.774371754506080090e-01,1.004125551151538315e-01,1.237898463690718431e+00,4.251720290113303324e-02,-5.601644024148999534e-02,-8.815430704814500307e-02
1.190222269837904800e+00,4.229820496781451222e-01,9.343271975019962206e-02,1.237696726953157800e+00,-8.664887556338601513e-03,-6.716767327896455697e-02,-8.859033871306037922e-02
1.190402476373606078e+00,4.700097578707641555e-01,1.030352703378357299e-01,1.237493211657440639e+00,2.770777939181189725e-02,-5.035451190821806783e-02,-8.857522445012133705e-02
1.190592182153072498e+00,5.262406872505741573e-01,1.089328296989047762e-01,1.237100191359625789e+00,2.486860752638413510e-02,-7.471041677223023980e-02,-8.880673562497708173e-02
1.190662251936476457e+00,5.631497229401124516e-01,1.138673353108846237e-01,1.236777908810098747e+00,-1.217572656534455199e-02,-5.418522312367879401e-02,-8.832540322054996396e-02
1.190744430301507339e+00,6.088950691758882039e-01,1.173443688781497379e-01,1.236287797561421709e+00,4.009413545634406273e-02,-7.308686621620696933e-02,-8.807116438873498210e-02
1.190867754802352518e+00,6.300634567794010099e-01,1.131063744116700132e-01,1.236001655233909036e+00,-1.531729036641987785e-02,-3.302272707881438729e-02,-8.806477292399908507e-02
1.191018511673961777e+00,6.537013764895662771e-01,1.073527587635981217e-01,1.235653770524867134e+00,1.660374441195105457e-03,-4.543770406595604161e-02,-8.651458609514435516e-02
1.190922922245074123e+00,6.569490405624461848e-01,1.098098051348821436e-01,1.235625028064360587e+00,4.079100337085457550e-02,-1.923784116124494653e-02,-8.546663112254931916e-02
1.190952283046646354e+00,6.549836855688609960e-01,1.070318864193636615e-01,1.235637604692757074e+00,-1.880505042416027311e-02,-2.588160935039719029e-02,-8.879988709226852017e-02
1.190815350956670127e+00,6.451818672207717542e-01,1.155529826612440303e-01,1.235817091931372458e+00,1.670919195472691729e-02,-2.701404480314028786e-02,-9.193338109594489937e-02
1.190870172709025843e+00,6.356104505263876492e-01,1.141540059693880865e-01,1.235934742517467155e+00,-2.184165664216077603e-03,-3.401716412529844774e-02,-9.013320197684430990e-02
1.190843541321385590e+00,6.063903380580014657e-01,1.100297054593259438e-01,1.236279648639237116e+00,5.231989766266094454e-04,-5.705686307911704558e-03,-8.658497649865605494e-02
1.190798330219553280e+00,5.879906598182437216e-01,1.059694244856926731e-01,1.236472564086662951e+00,1.247065814329407834e-03,-1.341928240188980034e-02,-8.547035677568437517e-02
1.190691910967730305e+00,5.657261475121971861e-01,1.029905767441839093e-01,1.236698540151023984e+00,1.574623889828728751e-03,-2.424508474003364555e-02,-8.445410363679720089e-02
1.190684215832327864e+00,5.455310525759958784e-01,9.538515659269294900e-02,1.236855593580858503e+00,-2.927533673137215284e-02,-2.018700908908023506e-02,-8.835303741347586004e-02
1.190540008315851717e+00,5.282431272502154940e-01,1.033408945626910908e-01,1.237058170150749703e+00,1.976333691872800627e-02,-2.194875688744439210e-02,-9.051155338173286213e-02
1.190402557081421397e+00,5.154041853284336838e-01,1.137941648332834177e-01,1.237221296408381521e+00,1.791170228268794754e-02,-2.426817862612073995e-02,-8.998555226982823951e-02
1.190290984996333012e+00,5.036122092689895302e-01,1.231795110004136051e-01,1.237359239091368135e+00,1.630623435804662291e-02,-2.546852199559068025e-02,-9.006926688821244309e-02
1.190220034515965919e+00,4.951320903949108510e-01,1.303996374418692483e-01,1.237453812127533803e+00,1.339796703519319059e-02,-2.677474789068954447e-02,-9.017769072131688601e-02
1.190163953073178904e+00,4.872197791153062840e-01,1.367077251153477335e-01,1.237535300725900012e+00,1.314947275721516790e-02,-2.824889663702359263e-02,-9.025878798770678446e-02
1.190137002261364430e+00,4.817279999081413022e-01,1.411102730000410588e-01,1.237588822088461882e+00,1.257012023241819813e-02,-2.903298996342785696e-02,-8.989552923058703737e-02
1.190114478378428986e+00,4.761423997740390490e-01,1.451436779751401063e-01,1.237639477745296368e+00,1.043358845431518502e-02,-2.964835430471473784e-02,-9.020860870427424572e-02
1.190229093057520560e+00,4.708797951902162771e-01,1.336764084171777611e-01,1.237628645363195723e+00,-4.227623064423630811e-02,-3.011749876754991895e-02,-8.967427420888469947e-02
1.190697281391720708e+00,4.639773919742273822e-01,7.670078423719460525e-02,1.237368336468732233e+00,-8.823851019303868837e-02,-3.123231856208339569e-02,-8.873558940358514113e-02
1.191033678213581082e+00,4.591744467157150567e-01,2.806785138779369082e-02,1.237025931383690658e+00,-1.533563951125939406e-02,-3.168427220543033884e-02,-8.515893431649022849e-02
1.190979940926817138e+00,4.411518061625447906e-01,1.262988034036185373e-03,1.236884251269681378e+00,-3.866232820751205890e-02,-2.110069710722633010e-02,-8.353424363923625529e-02
1.190290666720173363e+00,3.841323151898040633e-01,4.970489096153190905e-04,1.237127064066481541e+00,-1.303029376501906728e-02,1.749909790644153113e-02,-8.608642442457481447e-02
1.189719000909161828e+00,3.352435070262531625e-01,7.333530257184913553e-03,1.237298701496766906e+00,1.667448728311833606e-02,-9.742456441490878610e-03,-8.997255482284877148e-02
1.189196827008048629e+00,2.859465072862480417e-01,2.228231017980328646e-02,1.237438531466099167e+00,6.514152266892432597e-02,-9.307324484804363821e-03,-8.982170803160263728e-02
1.188780755459070582e+00,2.434520468580338992e-01,3.375911291372155759e-02,1.237457696458648115e+00,-2.376329534362842544e-03,3.327828396925360758e-03,-8.933518566881765155e-02
1.188608155709028891e+00,2.181374590126535506e-01,5.307284757909887241e-02,1.237521667964882610e+00,5.096906196456395255e-02,-2.605332973959082615e-02,-8.844277838588740503e-02
1.188381704828012309e+00,1.945055155356430476e-01,5.760817193148349419e-02,1.237454224311433260e+00,-1.388305215671651466e-02,-6.689898709830601961e-03,-8.733269617738786961e-02
1.188327557348363150e+00,1.863219891033890685e-01,6.434780510113759233e-02,1.237459729629709626e+00,2.826787185364126528e-02,-2.130839449631376920e-02,-8.739971078155069073e-02
1.188313634359066340e+00,1.882907081834347685e-01,6.107517754356367456e-02,1.237448722662204403e+00,-9.771578346259740880e-03,-3.362776408209461332e-02,-8.825634832258692775e-02
1.188594003883598260e+00,2.054951630372554572e-01,8.065615971032975839e-02,1.237649526128800970e+00,2.376166299719964514e-02,-6.429569107828232710e-02,-8.856686931776409921e-02
1.188856352941831673e+00,2.291529070152783787e-01,9.353483191206719838e-02,1.237811091085836868e+00,5.014378999511594215e-02,-7.090725591434210440e-02,-8.890615315200835200e-02
1.189041424285569359e+00,2.488845672730632952e-01,1.022982138222867238e-01,1.237914135698660489e+00,2.159568337485945344e-02,-3.868016117715891711e-02,-8.874674960566246440e-02
1.189294524119022922e+00,2.827673099516858635e-01,1.156639836137738492e-01,1.238041155883045086e+00,-8.558913785888428577e-03,-3.802852447191479995e-02,-8.894063081924730163e-02
1.189412587370926033e+00,3.012253942454766187e-01,1.274992774690066610e-01,1.238106333734686704e+00,5.000771115993996041e-02,-3.719949592504958463e-02,-8.899293846158598531e-02
1.189419815043375683e+00,3.026455669222002376e-01,1.250857964697718039e-01,1.238097436906462123e+00,-1.721082461404651112e-02,-2.384128680659339944e-02,-8.849147658448559828e-02
1.189433789892140325e+00,3.048762111073206049e-01,1.326266154992367663e-01,1.238127384670055120e+00,3.630448561362425997e-02,-4.225883378659869849e-02,-8.835749842807233412e-02
1.189534875173595907e+00,3.278820143518827446e-01,1.235015612343012409e-01,1.238090272088580246e+00,-1.277492950481058653e-02,-3.857762572557434794e-02,-8.819180806489784752e-02
1.189703251218291236e+00,3.633585007031255865e-01,1.204355253486126820e-01,1.238031848058527506e+00,9.263417062271819130e-03,-6.808941261706032144e-02,-8.796815788178094508e-02
1.189833699413872958e+00,3.899040925809903468e-01,1.130196240561902876e-01,1.237930935789321119e+00,-5.293525224297658885e-03,-4.953976025443868753e-02,-8.731411421720094990e-02
1.189927488180050119e+00,4.071810238422570727e-01,1.064757947224585916e-01,1.237839648085174549e+00,2.635243744345283287e-02,-5.016393445991382261e-02,-8.776857718233838090e-02
1.190069827874165931e+00,4.193569306475299907e-01,9.474223021170773140e-02,1.237725990392034126e+00,-2.597627343982837275e-02,-4.297832214874805490e-02,-9.060996738548977858e-02
1.190164792928854576e+00,4.276448045906668938e-01,9.433213910092094756e-02,1.237683983399153753e+00,2.275036218672295968e-02,-4.572636319174806785e-02,-9.052172793204772694e-02
1.190171345668666003e+00,4.388989454174923033e-01,1.026674317646382728e-01,1.237674616767257429e+00,-4.554973476471772115e-03,-5.196585022954024191e-02,-8.760244253828095018e-02
1.190192151737126780e+00,4.410501479889300525e-01,9.532551083579211826e-02,1.237624800085333598e+00,-2.522641853845008966e-03,-1.770332986508051099e-02,-8.563109841248586762e-02
1.190244323358008449e+00,4.495486264881912164e-01,8.539782957041622269e-02,1.237522937727440819e+00,-9.060834024160812489e-03,-4.681217158329895045e-02,-8.563001827791744125e-02
1.190442846179926795e+00,4.669198729269045112e-01,7.419577294640650189e-02,1.237346743530674198e+00,3.010507332087463198e-02,-4.361581991307166006e-02,-9.053451591242910046e-02
1.190664169177042542e+00,4.682188687691490325e-01,5.661766992280448108e-02,1.237210619022320213e+00,-5.358599688603654480e-03,-2.139027796927372646e-02,-9.261077789071739397e-02
1.190521361279198720e+00,4.454262744821758102e-01,6.361986052738116681e-02,1.237394579962969976e+00,2.410500818355918590e-02,-5.869608931694144695e-03,-9.274800792693145557e-02
1.190286269204083647e+00,4.173506472001243250e-01,7.826072190212006452e-02,1.237629171777211878e+00,1.993898775728738040e-02,-2.834866909555421727e-02,-9.060038023299682441e-02
1.190144998593618997e+00,4.044913616643750487e-01,8.935309519560487301e-02,1.237749261008053603e+00,1.853862806812648853e-02,-3.271193742004496752e-02,-8.815926854306702087e-02
1.190091320788297935e+00,4.040318523435408871e-01,9.848589660110088073e-02,1.237802932610575501e+00,1.584250987069643624e-02,-3.240322301654447595e-02,-8.866764405464896970e-02
1.190062587144844253e+00,4.041502660552019344e-01,1.054317576301682241e-01,1.237839060643630695e+00,1.345527077618294612e-02,-3.273096884606843671e-02,-8.904911588790616339e-02
1.190035404161348120e+00,4.040733412338657349e-01,1.118402201775856031e-01,1.237871150693480304e+00,1.267730598662831706e-02,-3.284826884008296838e-02,-8.898583968314373316e-02
1.190026548083302105e+00,4.047315053080911551e-01,1.167345301738509644e-01,1.237891370408907843e+00,1.230929139997883649e-02,-3.259677626260460565e-02,-8.948267956833862169e-02
1.190112545303959157e+00,4.030523699200668220e-01,9.973453033526265277e-02,1.237811828520958501e+00,-3.888129253812019903e-02,-3.267332218132493193e-02,-8.919814834187385355e-02
1.190299758808728514e+00,4.003591025736733533e-01,5.566626204610987394e-02,1.237540876439478410e+00,-3.738496346489775940e-02,-3.299491661590217562e-02,-8.660999340643868449e-02
1.190287905898425924e+00,3.929068961400868920e-01,2.987278924370044206e-02,1.237365714858687404e+00,-2.866731618600908138e-02,-3.627211403511965138e-02,-8.467074950199411643e-02
1.190061907366651406e+00,3.719258655093976018e-01,1.924342200807018649e-02,1.237339499350180283e+00,1.129288695887595458e-02,-5.767647638562959332e-03,-8.646433799970597300e-02
1.190001307138395692e+00,3.616321771362998039e-01,4.765574726461120278e-03,1.237230378088519434e+00,-7.313666706566462374e-03,-4.126229354760552887e-02,-9.067001726983313359e-02
1.189898226746127108e+00,3.482242236829435345e-01,-7.854340604831224187e-04,1.237201529332431882e+00,-3.089692498938141890e-03,-2.863984218762133035e-02,-9.004291705978811899e-02
1.189905916737586056e+00,3.524576244456482654e-01,1.740799445300118820e-02,1.237364568906171192e+00,2.387430524860503431e-02,-2.891445639575634594e-02,-8.857327863912707600e-02
1.189912363232005665e+00,3.619562524789804447e-01,3.501552860385170191e-02,1.237498735698057128e+00,4.329723868757875266e-02,-2.168731826712018765e-02,-8.617804475804492770e-02
1.189941290485478476e+00,3.744559957034260811e-01,5.019727374231606337e-02,1.237589846610827049e+00,-2.155240863519396546e-02,-2.498257855714463432e-02,-8.753592838101814655e-02
1.189966722842315416e+00,3.882874740500369959e-01,6.849915919177164414e-02,1.237681340192322121e+00,5.557166843169792508e-02,-6.220802936266763006e-02,-8.822646445839743556e-02
1.189881869466261621e+00,3.838888325575112725e-01,8.302197492634948162e-02,1.237787975711534427e+00,-3.103053436212037559e-03,-1.174189042590634800e-02,-9.003060541536429817e-02
1.189948474793061095e+00,4.017899547105722169e-01,9.743660980242947744e-02,1.237811672230432203e+00,3.165536560940109684e-02,-5.873941560725797623e-02,-8.943724225214817747e-02
1.189963394664706575e+00,4.054004824948353458e-01,1.010547791317570332e-01,1.237817299885301203e+00,-9.766851102120284456e-04,-1.845694096505811135e-02,-8.965330330443013751e-02
1.189978015788405452e+00,4.181271609815891965e-01,1.113974962567599175e-01,1.237818846708364617e+00,3.045922673428122507e-02,-5.604333706031296158e-02,-8.887547387183809822e-02
1.189943304618893194e+00,4.128567357577164754e-01,1.129371896027807493e-01,1.237848329901954925e+00,-4.319800468195798479e-03,-2.298000712432148041e-02,-8.886740352491954986e-02
1.189886942684703630e+00,4.058738248289764927e-01,1.167683202072391652e-01,1.237893906883724693e+00,1.287918501711289359e-03,-2.225899512289381335e-02,-8.866557443552501583e-02
1.189922061879424620e+00,4.113308459415919160e-01,1.146007567672529398e-01,1.237862663708559463e+00,3.381423786843817947e-02,-3.772843458346425427e-02,-8.908456770852835049e-02
1.190058012496199469e+00,4.256599817449429612e-01,1.024674291870613096e-01,1.237740187071660447e+00,-3.654944890128615162e-04,-2.904675579768898480e-02,-8.882608369810469917e-02
1.190283402929930068e+00,4.498819575858349351e-01,8.885366114954815209e-02,1.237539178735332035e+00,-5.175956312257149611e-02,-6.335777665613337439e-02,-8.908046546119033349e-02
1.190426265515894588e+00,4.518036055172791610e-01,7.112763597468885202e-02,1.237414844589821872e+00,6.089402042405272488e-04,-4.018332342176857835e-02,-8.861628761350247296e-02
1.190522921644994403e+00,4.397943499993603456e-01,4.478958722112637986e-02,1.237287153472779400e+00,-1.343245384787295112e-02,-1.247257295119047829e-02,-8.875482891062064228e-02
1.190666347283240611e+00,4.343744174385057444e-01,1.695705416271042765e-02,1.237076753044421773e+00,-4.208623920841251392e-02,-3.843446682937724790e-02,-8.905537590860877761e-02
1.190804512106921287e+00,4.287032204466988405e-01,-1.168625904175709003e-02,1.236823470305733474e+00,-1.727694600255720234e-02,-2.545836863915562978e-02,-8.917691965980154012e-02
1.190993329564931091e+00,4.277540578289726336e-01,-4.131582961852876129e-02,1.236497737180042522e+00,-1.089240261294424292e-02,-1.902622485170722688e-02,-8.909404130338473282e-02
1.191167907940705595e+00,4.331686374234218762e-01,-5.997102977657408490e-02,1.236242410497050637e+00,-1.453553900952168909e-02,-3.944468128775081850e-02,-8.667970709913642990e-02
1.191144944372246606e+00,4.263704554682395398e-01,-7.648361966466422912e-02,1.236064292733796588e+00,1.471390193566437729e-02,-2.205206225083423607e-02,-8.790096196645053039e-02
1.191147223169680469e+00,4.183099702421589905e-01,-9.227419184798225926e-02,1.235885971269393480e+00,-2.424404543760278266e-02,-3.351525253104718077e-02,-9.233812689661907713e-02
1.191279202855381802e+00,4.188785149779615802e-01,-9.984913451712053301e-02,1.235771683953329703e+00,-2.043453333821581425e-02,-4.492625450523620584e-02,-9.246337865227183261e-02
1.191422206599534128e+00,4.182848202754593236e-01,-1.203677611219054616e-01,1.235467780162794016e+00,-1.639119484680089459e-02,-3.039665010390954145e-02,-8.911820144821376577e-02
1.191429776496683246e+00,4.194818927901312056e-01,-1.236854045118882389e-01,1.235412296347522476e+00,4.494312607810376642e-02,-1.883383629955673322e-02,-8.689557160935505731e-02
1.190974888241588037e+00,4.054510962334090807e-01,-9.515175184909382966e-02,1.235902934722794111e+00,3.625212341981393777e-02,-3.000796769856286031e-02,-8.738916730261900301e-02
1.190848935991819735e+00,4.091183974794309064e-01,-6.801929097276381009e-02,1.236256923662274021e+00,6.163335691294486579e-02,-4.180423284890628921e-02,-8.821845406572167980e-02
1.190715327801452617e+00,4.098537004595276811e-01,-4.381985955866363885e-02,1.236554756386966991e+00,4.314246173282835356e-02,-3.204174942396725845e-02,-8.935202098954793393e-02
1.190565357061647012e+00,4.095846780977098200e-01,-1.768995406395363484e-02,1.236850958174842363e+00,3.574770308391787832e-02,-3.219919908553496579e-02,-8.930209966200258753e-02
1.190446367428440011e+00,4.097968050249473082e-01,4.419843118680133118e-03,1.237075607580954584e+00,3.100258705634041309e-02,-3.177147647028581712e-02,-8.971187854392287386e-02
1.190364993127805526e+00,4.102116394140161715e-01,2.161827914667852762e-02,1.237233711292700988e+00,2.507379135085771940e-02,-3.267516565383565830e-02,-8.979536729492001990e-02
1.190289021520241741e+00,4.098317427337014873e-01,3.644053341113336064e-02,1.237362318759178237e+00,2.136579094038692367e-02,-3.251066771557610535e-02,-8.995580248654522215e-02
1.190238396920848762e+00,4.102768523646014853e-01,4.828482659765411661e-02,1.237454741808092562e+00,2.030651609359655774e-02,-3.308704149577140763e-02,-8.967815941317321127e-02
1.190191709151279253e+00,4.097551566283022528e-01,5.844900083152126252e-02,1.237532541738864955e+00,1.696249400068614022e-02,-3.315310015986885905e-02,-9.023143093691711469e-02
1.190219908368997270e+00,4.093553367142451216e-01,5.551116312728580221e-02,1.237511894623728459e+00,-2.711255116023152112e-02,-3.297609192545605111e-02,-8.993054937174771446e-02
1.190340171113078105e+00,4.071692087303448448e-01,2.527876735086635046e-02,1.237277472375279741e+00,-5.335284979597346849e-03,-3.286934546475833718e-02,-8.659830080266328611e-02
1.190380068283479753e+00,4.096617196385041182e-01,8.646277442006597078e-03,1.237118709059405575e+00,-3.685084031759626455e-02,-4.472872704225729773e-02,-8.554043306843363281e-02
1.190382963764305080e+00,4.101279592902617455e-01,1.513967371391416062e-03,1.237049648940882207e+00,-3.823627657332135353e-03,-1.931212647555803630e-02,-8.814456792095001769e-02
1.190439964444388377e+00,4.146413032429177026e-01,5.144731808443886098e-04,1.237020187652432490e+00,4.064068050585035313e-02,-4.718391182263691891e-02,-8.987238023005113263e-02
1.190664541163718004e+00,4.303293115177314054e-01,-4.244590329212330482e-03,1.236897066136207757e+00,-1.184623314522764877e-02,-4.861640248311861062e-02,-9.079478502394218442e-02
1.190821389705649658e+00,4.487796029004601506e-01,5.007562798680023283e-03,1.236887846632011900e+00,6.118226987472220359e-03,-3.315000644769235116e-02,-9.073051157990334736e-02
1.191045615935018231e+00,4.824029335854303491e-01,1.974817798530279986e-02,1.236809470810560141e+00,5.434499293530985903e-02,-8.019196995197094835e-02,-9.067427790957321987e-02
1.191261100331695522e+00,5.108893055234186020e-01,2.532665630124593739e-02,1.236640042114445892e+00,7.926448686203003979e-05,-4.131064000142794373e-02,-8.998557651447278150e-02
1.191426248467891247e+00,5.526878304898146244e-01,3.971510991350143960e-02,1.236385060548850223e+00,4.112435149663099671e-02,-6.960798080460038617e-02,-8.911289650606375734e-02
1.191294528529479591e+00,5.809405339921979161e-01,6.247751110119860452e-02,1.236271080725365401e+00,2.055129922672859280e-02,-4.707148311995692364e-02,-8.941091033980309855e-02
1.190824476318504965e+00,6.070291126838174289e-01,1.006982958913557186e-01,1.236227045366554478e+00,6.802697364566516469e-02,-4.459305917984126427e-02,-8.925786504062413473e-02
1.190437435668987520e+00,6.253395987843526349e-01,1.267654199512349700e-01,1.236139809677339718e+00,3.138390455655429290e-02,-4.819127552648825447e-02,-8.893181352335340073e-02
1.189764683061225181e+00,6.188457233251782874e-01,1.654505325413620775e-01,1.236371325207223038e+00,2.756556019965927806e-02,-1.578108512659202878e-02,-8.893388956017737879e-02
1.189117104987331475e+00,6.193583389157901742e-01,2.038033026685179272e-01,1.236446923465065462e+00,7.773903109146854118e-02,-3.543205740719578001e-02,-8.870571576760506727e-02
1.188782377090131792e+00,6.060870012934765905e-01,2.263643485423657287e-01,1.236622257350265208e+00,1.719681754851485819e-02,-1.936726187141516592e-02,-8.926015936838375964e-02
1.188575614798068170e+00,5.995889117354382680e-01,2.414474433058366176e-01,1.236694623446022989e+00,-3.643823087052231336e-03,-1.949674654823186845e-02,-8.960203372507080655e-02
1.188432058383988243e+00,5.898925299707820091e-01,2.540796316503259877e-01,1.236792386509024011e+00,3.878114332361888572e-02,-4.161387581579353845e-02,-8.950178381343258660e-02
1.188564941600930513e+00,5.746782850814254884e-01,2.487525725650898412e-01,1.236959586276679346e+00,-4.316042995954780422e-03,-9.867145161186226601e-03,-8.759599996966643820e-02
1.188730386896466040e+00,5.596746835597578018e-01,2.364555502662694098e-01,1.237120207314988063e+00,9.855305619576374115e-04,-1.870756999280893257e-02,-8.659097990049231808e-02
1.189001942293658187e+00,5.408828535719517605e-01,2.188626016532124741e-01,1.237296259465500370e+00,-4.654636009046646261e-02,-1.865355208655906233e-02,-9.041170056528378962e-02
1.189204963089822042e+00,5.265398533080494214e-01,2.084364586350383186e-01,1.237412751264396871e+00,-6.893708912232786833e-03,-2.260788077305713947e-02,-9.254279555087134568e-02
1.189656127470981595e+00,5.171706594329236184e-01,1.720164729968709505e-01,1.237429635277182749e+00,-3.856739642390274309e-02,-4.056554263089267448e-02,-8.959283341727392047e-02
1.189937698901582852e+00,5.014550420088461635e-01,1.412779793869124445e-01,1.237458939028813987e+00,-2.064011408815123044e-02,-1.445720829047590118e-02,-8.724416556537445411e-02
1.189927050780729800e+00,5.036216732304231725e-01,1.391774193411774441e-01,1.237436072882111437e+00,4.694767701593900028e-03,-2.240276979439863661e-02,-8.740465441610265063e-02
1.189870105211601636e+00,4.899963300230735230e-01,1.415772666383431355e-01,1.237546072585869128e+00,3.141597693304896965e-02,-2.487143034341805781e-02,-9.116170187007725800e-02
1.190082908613135482e+00,4.773597702589018610e-01,1.216211725713026298e-01,1.237546940620936287e+00,-2.685948054312798164e-02,-2.578552682328267079e-02,-9.273256943643896910e-02
1.190289438438479008e+00,4.664668362013979497e-01,9.937049010732014465e-02,1.237501380210916935e+00,-1.587344420881759213e-02,-2.556464305682958765e-02,-9.249842678173539334e-02
1.190222553218024615e+00,4.592688599870886623e-01,1.052459358834296199e-01,1.237576593803509040e+00,1.309304189011355202e-02,-4.349134544310790523e-02,-8.895456792447238581e-02
1.190129785915545746e+00,4.607888652064459079e-01,1.144511129479680867e-01,1.237615503828875863e+00,2.464055120516373334e-02,-3.381198378521604875e-02,-8.786605531607540043e-02
1.189942892591846713e+00,4.507593406545020165e-01,1.288592406149718650e-01,1.237740611398758128e+00,2.452426403252915346e-02,-2.449869939174206812e-02,-8.739135310885384755e-02
1.189993466371077835e+00,4.534371107067963758e-01,1.192085561861144782e-01,1.237684314264964724e+00,-3.673322784014786124e-02,-3.968959724621985014e-02,-8.786967111066486258e-02
1.190105434346722779e+00,4.460601827268069197e-01,9.768354484909588797e-02,1.237615777236158454e+00,-1.559802588903421577e-02,-1.722906033961787292e-02,-8.895367934042282265e-02
1.190106233794115287e+00,4.307860975559484884e-01,8.439599399928210399e-02,1.237616512830955751e+00,-2.257269088321804326e-02,-2.546352103692757843e-02,-8.935919900875857746e-02
1.190106207281210082e+00,4.210934239128122369e-01,7.548439738644419084e-02,1.237604919711029705e+00,-1.472650011560122998e-02,-2.782369935561622085e-02,-8.966321223327167189e-02
1.190088206395703230e+00,4.052965880224542738e-01,5.930113268829618339e-02,1.237559400033455326e+00,-8.511469205517960962e-03,-1.719432259716439579e-02,-8.989778772618817193e-02
1.190052160043384655e+00,3.966295381513972873e-01,5.334940736327856842e-02,1.237547695328602204e+00,6.387827285721115605e-03,-2.676086886243802393e-02,-8.965583651324630921e-02
1.190061092130338061e+00,3.920859190981643705e-01,4.413737339267605198e-02,1.237492541525740730e+00,-2.148184114872492279e-02,-2.734929187798827363e-02,-8.947949790441556139e-02
1.189918050246720593e+00,3.713212294746241482e-01,3.366392260940983400e-02,1.237469404173942911e+00,-3.441306798321465410e-02,-2.006224715454854937e-02,-8.910471884093920658e-02
1.189533020987072698e+00,3.317183658779734312e-01,2.819249686731326379e-02,1.237493837685176956e+00,-2.060555226974996809e-02,1.124593125449155177e-02,-8.905295509867780512e-02
1.189195892258871012e+00,2.989485217568843001e-01,2.672706664374063096e-02,1.237491116051991025e+00,6.895018108062165273e-03,1.309571263428742621e-03,-8.929791701514477875e-02
1.189011956027270278e+00,2.816623486928732101e-01,2.754584722664662338e-02,1.237485541661330624e+00,5.142710062786988445e-02,-3.238444244767077485e-02,-8.906333136086989899e-02
1.188870570251340020e+00,2.617349066596254548e-01,5.301322609805354802e-02,1.237652301405009148e+00,4.754406408051969901e-02,-5.342155378433397807e-03,-9.004993927150366229e-02
1.188758266727593105e+00,2.433461757056140651e-01,6.875318907831867721e-02,1.237715460441678017e+00,-1.216573949449621488e-02,-4.953891250370214688e-02,-8.942848235901562637e-02
1.188901439965717621e+00,2.621039262723960372e-01,5.785713791050253046e-02,1.237686445928076306e+00,1.446174454681509007e-02,-4.043776655715134588e-02,-8.986969905759545352e-02
1.188927821830049192e+00,2.661878235038322993e-01,5.386993186667647648e-02,1.237666105508158143e+00,-1.982588410554407196e-02,-3.684674376084514508e-02,-8.930320154544332811e-02
1.189073790334373770e+00,2.806043037669524454e-01,5.957246869403957229e-02,1.237727375825282916e+00,-3.519862466143810088e-03,-5.378096470745210439e-02,-8.955866094732513327e-02
1.189128273519418633e+00,2.872918639104388716e-01,6.454230011388088772e-02,1.237768809246319712e+00,-7.356894286896140632e-03,-3.004729765497594907e-02,-8.865072187213152155e-02
1.189242409314109405e+00,2.998737598343957922e-01,7.959769654980060338e-02,1.237873613319994570e+00,5.447124453539394645e-02,-3.219988614897281026e-02,-8.939635784845320621e-02
1.189430313597404254e+00,3.243399737879399392e-01,6.255520733145561452e-02,1.237762583584275822e+00,-1.132561878327476360e-02,-4.867045507008043587e-02,-8.919525779195479342e-02
1.189632507205859113e+00,3.453848567385939261e-01,4.791546406136373143e-02,1.237635217977263835e+00,-8.314459648021736704e-03,-4.605246977962055427e-02,-8.941005232896338806e-02
1.189703482109554233e+00,3.563861388513251405e-01,5.893495338474868256e-02,1.237697693717066949e+00,1.498258184634909500e-02,-5.272880431331700146e-02,-8.930079606668463177e-02
1.189736631591250759e+00,3.793711789727440276e-01,1.003365954222678741e-01,1.237901938922394862e+00,6.603267094538980975e-02,-5.236400484046383613e-02,-8.945448875135379729e-02
1.189670904299221288e+00,4.080979272831573024e-01,1.438053153646844662e-01,1.237998542590828421e+00,5.562356177395602619e-02,-4.817662639376082967e-02,-8.951769480708954285e-02
1.189627900272594685e+00,4.044909812879677324e-01,1.507020187954018486e-01,1.238034324035884426e+00,-3.233823470098538128e-02,-5.599225708197546605e-04,-8.915330849572897232e-02
1.189659440921030820e+00,3.900347804424841303e-01,1.324707242364814019e-01,1.238019026624997521e+00,-1.334275402135782530e-02,-3.498663067383771252e-02,-8.977457519471897240e-02
1.189760228359685534e+00,3.899676125414581751e-01,1.071410933234389629e-01,1.237906460425471256e+00,-1.720796089007693014e-02,-4.134513960299270041e-02,-8.848408161136016303e-02
1.189916570964762776e+00,3.991284614343593717e-01,8.026765017266139501e-02,1.237724837077877282e+00,-1.650851162809988809e-02,-3.968506023841437969e-02,-8.844170335428185037e-02
1.190056375623901541e+00,4.074939784401919729e-01,6.199950058014458421e-02,1.237571704182631294e+00,-1.310014731844267102e-02,-3.853479119290442734e-02,-8.910074557154477881e-02
1.190177030547240555e+00,4.137267238021263283e-01,4.779359341499338221e-02,1.237440773569658203e+00,-9.933334795708093426e-03,-3.727775873168202858e-02,-8.927536049310996757e-02
1.190300414711359167e+00,4.197829560468210319e-01,3.569141672320338965e-02,1.237316799232563769e+00,-6.302508416305937708e-03,-3.740974581453649500e-02,-8.962662421234053600e-02
1.190406258787447991e+00,4.245731473910163700e-01,2.647270205860887890e-02,1.237215618451855015e+00,-4.547599720241257519e-03,-3.626839896018738824e-02,-8.995866888095445379e-02
1.190510240101832373e+00,4.290596150290276189e-01,1.790420700353167333e-02,1.237116884882730083e+00,-2.057000336390999058e-03,-3.632029440686595362e-02,-8.974441432209534497e-02
1.190244497496907750e+00,4.080574079333961213e-01,2.909434712318778593e-02,1.237310821988529597e+00,3.210740776791118356e-02,-3.547701356653511304e-03,-8.990489925089575896e-02
1.190178281928572668e+00,4.029421140940082080e-01,3.400448940233204848e-02,1.237372367630916070e+00,4.892544993342631127e-02,-2.955393038264919961e-02,-9.012091956860948661e-02
1.189909261457611889e+00,3.878447084297551029e-01,6.553223626381869671e-02,1.237665530402945357e+00,4.015114354280829856e-02,-1.406163084179138864e-02,-9.018211732991043839e-02
1.189761697015251363e+00,3.819685182532571721e-01,9.023459235005529266e-02,1.237840023406080459e+00,3.248854012504051592e-02,-3.291947450717495199e-02,-8.917271018339223421e-02
1.189674435493264903e+00,3.828491724284857622e-01,1.115522100291196222e-01,1.237950852267549084e+00,2.839197632673048227e-02,-3.325930849151949309e-02,-8.956974698931326195e-02
1.189610974372006913e+00,3.840793737782353112e-01,1.286321687034160388e-01,1.238023228750088300e+00,2.446247286105339772e-02,-3.286176695851491386e-02,-8.958544218780682689e-02
1.189661949699731602e+00,3.822131022955266300e-01,1.133221148632694020e-01,1.237961211765462366e+00,-2.467110793131029392e-02,-3.256673313252534535e-02,-8.996714773230665707e-02
1.189744857544666301e+00,3.805403298463216344e-01,9.171473326545048765e-02,1.237852650725868475e+00,-1.898703408858633257e-02,-3.273751521579012363e-02,-9.053876246888301060e-02
1.189818654146999943e+00,3.788533272382836881e-01,7.039816825075559392e-02,1.237725358544653709e+00,-3.712514511494309499e-02,-3.342848986725718841e-02,-8.999010259741675732e-02
1.190017011567194638e+00,3.751750190013951602e-01,9.878054381051378646e-03,1.237250118599043214e+00,-8.672388525356219957e-02,-3.262103773266065987e-02,-8.963084260222210775e-02
1.190857359291031647e+00,4.059639039356994772e-01,-8.046443361818624018e-02,1.236106306688976142e+00,-1.145625428873292551e-01,-6.539050412402024059e-02,-8.941314084710133558e-02
1.191956370287674982e+00,4.406052330268662165e-01,-1.528507010199689209e-01,1.234828600235153839e+00,-3.371379720449897005e-02,-4.753527675836338728e-02,-8.984185533122041045e-02
1.192802944267262522e+00,4.622310262093474731e-01,-1.999038183083513553e-01,1.233843374472079812e+00,-5.216951519855191760e-02,-4.462263026689677198e-02,-8.984847661495372340e-02
1.193088097574062312e+00,4.712469586677286992e-01,-2.094952232097451461e-01,1.233594151001633055e+00,-9.484081771147914730e-03,-4.506425137013025939e-02,-8.968339786082016318e-02
1.192925560464778156e+00,4.688886514180318210e-01,-1.984457016543999808e-01,1.233824679662784307e+00,4.289734294460779279e-02,-2.928547879252461905e-02,-8.972563185334996028e-02
1.192794660960970310e+00,4.675841464541258263e-01,-1.876763644414438381e-01,1.234036475427499502e+00,3.400288135604931372e-02,-4.589770902925265073e-02,-8.955108716994616969e-02
1.192384738799582067e+00,4.624867848832125428e-01,-1.556844159056263444e-01,1.234642497265107774e+00,3.085144769701370429e-02,-1.617750878464810360e-02,-8.943052140492972757e-02
1.192007015090102096e+00,4.635901394963248823e-01,-1.125371199855517146e-01,1.235330631373774635e+00,8.473135527280990786e-02,-3.026567813031059290e-02,-9.010260826600774431e-02
1.191570992820274677e+00,4.507959451613229862e-01,-8.614842984395164327e-02,1.235796160213856520e+00,1.049731713485105647e-02,-3.068125755919277192e-02,-9.009369140662870645e-02
1.191149727270815584e+00,4.387630013928339734e-01,-5.391193084782101852e-02,1.236290439985552547e+00,6.807892026650874673e-02,-1.809730814760291198e-02,-9.006373857444760489e-02
1.190959105481068425e+00,4.350268243446785976e-01,-3.475439361125429866e-02,1.236540394717797531e+00,8.603703635328519700e-03,-4.304004302646313035e-02,-8.970291569102696594e-02
1.190707535169957643e+00,4.280602410347026932e-01,-1.154465355429855691e-02,1.236832276748452086e+00,3.916020590934498474e-03,-9.018623742157996434e-03,-8.944117853063272838e-02
1.190574248632002785e+00,4.315660334941972542e-01,1.331543551878266139e-02,1.237061447011559956e+00,3.956079550424913827e-02,-3.325238699209687870e-02,-9.005530678622893082e-02
1.190540233357591404e+00,4.362295118668349514e-01,2.552576053559065666e-02,1.237148257188710465e+00,1.957303380317915176e-02,-5.093384472382514461e-02,-9.038332452634541270e-02
1.190310863461494728e+00,4.231368535225676908e-01,4.330125407557959549e-02,1.237362189808126844e+00,3.096871253169185267e-02,-1.229361585343673700e-02,-9.027799170715115895e-02
1.190224154280143942e+00,4.165653663688574371e-01,4.824870303625519719e-02,1.237430855264078478e+00,2.730539953479290544e-02,-2.798494077502372904e-02,-8.959335949040667102e-02
1.190285069334956924e+00,4.240978621806290594e-01,4.812003568715666341e-02,1.237395869251704417e+00,-3.137867938469209028e-02,-6.011767025834575950e-02,-8.963401526353818871e-02
1.190127158771027593e+00,4.133614224250589109e-01,6.103037894782885331e-02,1.237539851988678441e+00,3.864847698184294134e-02,-6.347186997076753080e-03,-9.012444859054651036e-02
1.190157688877265141e+00,4.172773566514801913e-01,6.081470821133277277e-02,1.237521536316287252e+00,-1.701299856222779697e-02,-5.435258915681655950e-02,-8.993654261222561175e-02
1.190085925006553635e+00,4.139419787304818854e-01,6.985756319907270029e-02,1.237598730091606702e+00,6.696520746066395371e-03,-1.450913841786641810e-02,-8.993212616499042522e-02
1.190031634616720790e+00,4.139280689133587043e-01,7.892769228418540506e-02,1.237658493917940916e+00,4.089116977548735987e-02,-4.465115168440394328e-02,-9.006261494213456398e-02
1.190064124600352269e+00,4.103217696103861334e-01,6.861835647833472440e-02,1.237605409049329142e+00,-3.968466434500641377e-02,-4.209254979167374733e-02,-8.964406859063032973e-02
1.190115886167365300e+00,4.045217146281447351e-01,5.114441727267591414e-02,1.237502374830211638e+00,-5.782928335057963692e-02,-2.361593770580621213e-02,-9.035357474306239534e-02
1.190124822952147943e+00,4.022286295651771315e-01,4.614859308936468396e-02,1.237472578536664480e+00,3.457197923078953600e-02,-4.223570637582338416e-02,-8.980110881894129427e-02
1.190106063012867921e+00,3.971793914878339882e-01,4.021612014990131462e-02,1.237444346052699151e+00,-2.481614556063483842e-02,-2.649475200674247105e-02,-8.985037518454501437e-02
1.190246150017888027e+00,4.172917505487980794e-01,4.604043410851674234e-02,1.237410302078777669e+00,4.082456355184879704e-02,-3.869337221636417329e-02,-8.954231836334136663e-02
1.190588022037833982e+00,4.503620551737384514e-01,3.564812342287921459e-02,1.237157882643372009e+00,-4.276592477910553386e-02,-8.244868241264166620e-02,-8.951080790188289948e-02
1.190877351491905767e+00,4.846175663251943155e-01,3.530450004119553564e-02,1.236933229726770556e+00,3.549063657290329327e-02,-4.439007528484899268e-02,-8.968217867608449523e-02
1.191351740984328611e+00,5.333647373949851334e-01,2.913998688655579372e-02,1.236480562162900476e+00,-2.930292438293400498e-02,-8.015130257845660966e-02,-9.003650649053902832e-02
1.191539471873878320e+00,5.636156667234397677e-01,3.369372131126673747e-02,1.236224233810483186e+00,2.388562428409038429e-02,-4.695299068746320442e-02,-9.021913301924057438e-02
1.191810678900976139e+00,5.934932629152576133e-01,3.083701814410035394e-02,1.235869478654194387e+00,1.900514801625860853e-02,-3.453690122015046216e-02,-8.989745061866731557e-02
1.192034316702641705e+00,6.135674673305543392e-01,2.647944689367273327e-02,1.235587748516766782e+00,-1.787781123389023050e-02,-5.717706032349311601e-02,-8.993178656169734109e-02
1.191909103707099682e+00,6.207338554475938519e-01,3.674038405310245392e-02,1.235590280304195598e+00,2.316360354937448823e-02,-3.828670156395078128e-02,-8.945547948379545256e-02
1.191930963436242052e+00,6.298813288510644037e-01,3.914915247146408261e-02,1.235493199160989208e+00,3.717854211986757612e-02,-3.658031728346013839e-02,-9.042967725613691721e-02
1.191988545523681386e+00,6.250419973901581994e-01,3.571554005034371926e-02,1.235524502315313855e+00,-2.021055549271395108e-02,-1.357309367143277531e-02,-9.146285779192281362e-02
1.191812428385982781e+00,6.281470313648754855e-01,4.773866400952283401e-02,1.235587043462235579e+00,2.632378022428745815e-02,-3.353359978369213623e-02,-8.981902561126084428e-02
1.191485163091004384e+00,6.258390576545834749e-01,6.312578664257478822e-02,1.235741821489780845e+00,2.679938616919097863e-02,-4.792185109422583689e-02,-8.622427876038593619e-02
1.190949270684277028e+00,6.193564486137415059e-01,8.947174993249379371e-02,1.236011750685726218e+00,2.872979852172264162e-02,-3.824779057582606417e-02,-8.821041047036175253e-02
1.190348898434829605e+00,6.257957095298659622e-01,1.262293080950833701e-01,1.236136018149873950e+00,5.518671999588355137e-02,-3.622225511691500033e-02,-9.177915984237074165e-02
1.189883888217285968e+00,6.076297601703346540e-01,1.566963268125341480e-01,1.236480278849492187e+00,5.078785083962736313e-02,-7.537282601506892221e-03,-9.400508632894465089e-02
1.189436792011211219e+00,5.721774757416574486e-01,1.896896868049977869e-01,1.236957204388523968e+00,4.520681778122286748e-02,9.553503263171822524e-03,-9.040866445836273635e-02
1.189059266942021909e+00,5.443598386083069451e-01,2.191663858563018819e-01,1.237261676656492337e+00,3.785401868230763023e-02,-1.959853058439086845e-02,-8.676368983476619168e-02
1.188995465868385892e+00,5.173543260254531706e-01,2.247367012758967608e-01,1.237497615608882384e+00,-9.808915978964539290e-03,-3.610450562233948058e-02,-8.730330894958900079e-02
1.188966546316021500e+00,5.187685186820110150e-01,2.267328840041719917e-01,1.237486421603604114e+00,3.334818610587596266e-02,-3.442920296658035645e-02,-9.073022046589934719e-02
1.188992959505557279e+00,5.195813532327832052e-01,2.274393443547824967e-01,1.237478158341934531e+00,1.217252368934214866e-02,-3.406404512637038057e-02,-9.189179582592615914e-02
1.189265289067262144e+00,4.888941860445857324e-01,2.096261191553526748e-01,1.237701698379687798e+00,-1.796801720696742169e-02,-6.718027079269014643e-03,-9.134721119397699873e-02
1.189427136049540756e+00,4.557663910948172581e-01,1.930195264038118974e-01,1.237892267334391061e+00,-1.317977749230196498e-02,-7.291132780374953541e-03,-8.856906916271775621e-02
1.189468533552899165e+00,4.365696883790189942e-01,1.787613807896959450e-01,1.237971707086464646e+00,-1.002169466579838283e-02,-1.290516319703234605e-02,-8.697149415942466433e-02
1.189549009343656261e+00,4.087728487028397528e-01,1.500751390298546151e-01,1.238020796207120355e+00,-4.084322316985754958e-02,-1.709845586114645127e-02,-8.867017204908386740e-02
1.189583775521609210e+00,3.868778010420108604e-01,1.303512462012406947e-01,1.238023486429679076e+00,-7.467840179693600606e-04,-2.017905795785397347e-02,-9.195238961034679637e-02
1.189595650276248140e+00,3.790674281728366735e-01,1.269757759512263051e-01,1.238030224419174763e+00,2.441348596727595591e-03,-4.249482447117693129e-02,-9.122384552905438149e-02
1.189721788022520599e+00,4.034214134444377708e-01,1.222605923887872953e-01,1.237933583409305260e+00,2.739352374878513234e-03,-4.606722680789625962e-02,-8.872521189350691950e-02
1.189835419900101776e+00,4.333969530960595784e-01,1.178027200548001224e-01,1.237787561359006805e+00,2.810440659520631237e-03,-6.474676537291072786e-02,-8.783617018171611945e-02
1.190181740907803043e+00,4.744770171444711027e-01,9.631821192140195553e-02,1.237440572298295960e+00,1.038660173678869134e-02,-5.882932650901048083e-02,-9.013484009477616687e-02
1.190639200145857224e+00,5.071721478965813823e-01,6.967983450497601539e-02,1.237031301593088495e+00,-2.120302099125860942e-02,-5.408050586997135978e-02,-9.044066899358853273e-02
1.190923679560430770e+00,5.149406804661543768e-01,4.919412247721337283e-02,1.236813882617445515e+00,-1.480870897299778333e-02,-1.058249110496385127e-02,-8.990373622103532691e-02
1.190850310293785963e+00,4.858083468430233198e-01,3.448261250545131551e-02,1.236919720744938278e+00,-1.289194792603088648e-02,-1.619484914062279540e-02,-9.050455684081741559e-02
1.190768890992327300e+00,4.626713002650407747e-01,2.162894431596965386e-02,1.236962905484847219e+00,-9.841437227541893068e-03,-1.902360298988385254e-02,-9.011432502529295729e-02
1.190675232299096331e+00,4.442640040015588543e-01,1.191656768275971973e-02,1.236982244918149787e+00,-5.499020728496304376e-03,-2.243117098543771781e-02,-9.009824048633111038e-02
1.190603376838142102e+00,4.300783154975051925e-01,3.101804413806764135e-03,1.236972117248053227e+00,-4.246995281136568823e-03,-2.420551713042935413e-02,-9.032557788323393455e-02
1.190537181428615421e+00,4.187558608195041110e-01,-3.833794855356890095e-03,1.236956974968844936e+00,-1.617410715272362071e-03,-2.562267621884070992e-02,-9.056456197953002829e-02
1.190480187479379115e+00,4.097399820899020328e-01,-9.775241735837051499e-03,1.236935574253789527e+00,-8.198329545571636122e-04,-2.748884147542455386e-02,-9.066083229320852366e-02
1.190415588163851845e+00,4.025018063794643108e-01,-1.130606794606735938e-02,1.236948830051582293e+00,1.128238408472193380e-02,-2.801298051597604991e-02,-9.061235120451088809e-02
1.189989731833647646e+00,3.832184788110178375e-01,3.749190516286549091e-02,1.237468708006120188e+00,5.861003161269734418e-02,-7.147107637061606358e-03,-9.058893283884328351e-02
1.189447391641368590e+00,3.293061440458611155e-01,8.294758430515657144e-02,1.237890452337339076e+00,6.902855777411483207e-02,1.554984460016935709e-02,-9.114285914625938623e-02
1.189044299664473447e+00,2.514693917585563709e-01,1.404826735512501035e-01,1.238081694832246837e+00,6.782779165384597575e-02,2.437872460812536002e-02,-8.790374146564707003e-02
1.188901937161703781e+00,1.933900308297199222e-01,1.714100261697995287e-01,1.237937786084678082e+00,-1.125634719675484494e-03,-2.147163429541205232e-02,-8.667643728097272626e-02
1.188941022280177728e+00,1.630813634091101694e-01,1.917390055632557655e-01,1.237790120908514258e+00,4.248284354135660468e-02,-8.294260813273531333e-03,-9.018110226368951376e-02
1.189052174148030883e+00,1.614107139430424331e-01,2.000681932632311366e-01,1.237781360378574780e+00,-1.524863148363298426e-03,-2.607526760194627674e-02,-9.287150658086018584e-02
1.188963651150994449e+00,1.953543005181923309e-01,1.690645166640706853e-01,1.237940391119337624e+00,-2.772718091412346153e-02,-6.528290451780857651e-02,-9.164614195660766849e-02
1.188935545389098847e+00,2.361015881085591350e-01,1.334736571040879560e-01,1.238014168544891769e+00,-4.838920775579613753e-02,-5.974975876960700316e-02,-8.801807923160998026e-02
1.188933667926032056e+00,2.629647941181126880e-01,1.087373013189601306e-01,1.237987577280619034e+00,9.162288979171106379e-03,-3.840631071536927676e-02,-8.578176247755067707e-02
1.189030876549037163e+00,2.905625909906325854e-01,7.854590347928720739e-02,1.237867497746731660e+00,-4.019984162731100180e-02,-4.570345080138684540e-02,-8.945836245726308811e-02
1.189260106663854177e+00,3.152990688443504386e-01,5.554102687341011535e-02,1.237721361671425546e+00,2.765724608709088130e-03,-5.380581151085761515e-02,-9.238974766678544059e-02
1.189420270858515982e+00,3.278207748340463690e-01,5.185566538257321140e-02,1.237686382701892907e+00,-2.699723765374660231e-02,-5.413743156124756900e-02,-9.243434105542235046e-02
1.189594360141396301e+00,3.455622574766283317e-01,5.071441187823744201e-02,1.237657581947012586e+00,2.861293460840023256e-02,-4.450787718583367608e-02,-8.915680177464221923e-02
1.189823326912359258e+00,3.748307180006008599e-01,4.544351932916645964e-02,1.237558760716870987e+00,1.389162147554331289e-02,-7.384870435174144265e-02,-8.786060994216994546e-02
1.189983588784052193e+00,3.970101283452778240e-01,4.974471210897157825e-02,1.237523204537215316e+00,2.003613326612341608e-02,-2.756432192560554287e-02,-9.112369910282908103e-02
1.190264122949230785e+00,4.183401335816984146e-01,4.184692863836096677e-02,1.237373051657234102e+00,1.163560762031631314e-02,-3.817336730934766525e-02,-9.345043838681442450e-02
1.190553219213165370e+00,4.308874667599189023e-01,2.125793882876723245e-02,1.237136010382723583e+00,-8.202956892363316016e-03,-4.750396392888553421e-02,-9.142190680459005847e-02
1.190727184630948177e+00,4.328461044867576990e-01,-4.337583499973696015e-03,1.236881653637488032e+00,-3.285799926949985184e-02,-3.660222470385731536e-02,-8.747199971008630393e-02
1.190908249332177649e+00,4.346766162463349126e-01,-3.435182138570247456e-02,1.236548923590532034e+00,5.441829371485674277e-03,-2.675741350750413319e-02,-8.776589344725942154e-02
1.191167875587261893e+00,4.416870288076254480e-01,-5.933725604562297556e-02,1.236208901065677823e+00,-5.919398091690639650e-03,-2.763102102685032965e-02,-9.004995977248986261e-02
1.191601008668356831e+00,4.547855273718329205e-01,-8.619875306740319709e-02,1.235772194031287796e+00,-3.860562913684361525e-02,-5.574528023226513890e-02,-9.147587181796068556e-02
1.191702039353874865e+00,4.506087209066541033e-01,-1.030675096298691307e-01,1.235555750785817475e+00,-3.161802400456849987e-03,-2.696888338736917745e-02,-9.149678745888724374e-02
1.191825396964231842e+00,4.521622665413616571e-01,-1.124467579990477972e-01,1.235405554270344819e+00,-1.776679464532431724e-02,-2.925243293897006325e-02,-9.081873195851476732e-02
1.191817049571075815e+00,4.515176618670504460e-01,-1.126493380583837300e-01,1.235406474732022586e+00,3.611327143426368985e-02,-4.668723007974762140e-02,-9.006470889503778721e-02
1.191573188904665681e+00,4.395432059633150312e-01,-1.078319376183478062e-01,1.235550365854048760e+00,4.394246100525364684e-02,-8.706566696037450551e-03,-8.984425323352768222e-02
1.191417465532696562e+00,4.344017489034918689e-01,-9.882446492315898057e-02,1.235711284356899142e+00,-2.543178760765090959e-02,-3.432619046253586326e-02,-9.029824240304715199e-02
1.191194950601283775e+00,4.240270487743334482e-01,-9.094816376470039876e-02,1.235878102426978264e+00,2.815223467974954999e-02,-2.853192005078853538e-02,-9.031409091326357552e-02
1.191068040316278775e+00,4.198564249442024443e-01,-8.210824481336921610e-02,1.236021288130305651e+00,8.094528518669477299e-03,-2.871199723920293129e-02,-8.994896674466934527e-02
1.191063645950239946e+00,4.260890282574555377e-01,-6.702701291787645232e-02,1.236191080880258530e+00,7.188244118895842361e-02,-5.047112079271169616e-02,-9.019685611283054238e-02
1.190846126692804985e+00,4.172930356512736805e-01,-5.296419691512563310e-02,1.236411785486640325e+00,-9.609875175396867530e-03,-2.702353864803642980e-02,-9.022213347227259206e-02
1.190843302880474353e+00,4.241832893476010224e-01,-3.772455783753545649e-02,1.236561362261233921e+00,1.059356107012341536e-02,-2.275699010874226644e-02,-9.019549252984426779e-02
1.190869830957153708e+00,4.338204682013286906e-01,-2.491109583334042560e-02,1.236658426337886807e+00,4.464610062797873952e-02,-5.635308360033519648e-02,-8.997273237921617206e-02
1.190766747835358963e+00,4.278544362634350007e-01,-2.081236640736376653e-02,1.236734281609820796e+00,8.291795811322964782e-03,-2.674386278999240155e-02,-9.014063153424210773e-02
1.190597934298057048e+00,4.222563341144306981e-01,-6.775156885553091854e-03,1.236910547205830824e+00,3.031102169304986105e-02,-1.959582625954130186e-02,-8.960439187329180544e-02
1.190542263593820316e+00,4.204159003150081952e-01,-1.666651500042716548e-03,1.236971089759802078e+00,3.187840841572777556e-02,-4.733587037147931470e-02,-9.022178370762112820e-02
1.190461452324337976e+00,4.203282468970171437e-01,1.087190265450408734e-02,1.237093584014682168e+00,-1.188797158909314471e-02,-4.754153315879905417e-02,-9.042262705611847640e-02
1.190413252104240094e+00,4.255604521689418940e-01,2.568849644543255706e-02,1.237204362845919947e+00,5.066903959400563540e-02,-1.278655516216545794e-02,-8.962584660102061729e-02
1.190552633485510992e+00,4.356516106093272778e-01,1.785153089617177308e-02,1.237083873773215714e+00,-1.975273260767921799e-02,-5.418936323000306254e-02,-8.977903371354321871e-02
1.190455268933530819e+00,4.293699247032136679e-01,2.128423908145883961e-02,1.237147663447933033e+00,2.628965262635786504e-02,-1.279375641933112526e-02,-8.928166766608085225e-02
1.190319740622875377e+00,4.179281588865882413e-01,2.447592301921954622e-02,1.237230418906200669e+00,-1.481691121123252138e-02,-2.435215951147114838e-02,-9.055632058307881704e-02
1.190258444486083977e+00,4.142453291103040391e-01,2.994205194584399765e-02,1.237293926931788191e+00,4.959706379841901519e-02,-3.179950773373076828e-02,-9.053174934890917402e-02
1.190309610644540106e+00,4.155538097802372044e-01,2.525049127149110381e-02,1.237246984822742757e+00,-5.862351378251932400e-03,-2.034252664965112076e-02,-9.096267259145417172e-02
1.190330638785722206e+00,4.196471006505632650e-01,3.036686595521560089e-02,1.237272487897756124e+00,-5.108603245882343755e-03,-4.157840977838912766e-02,-9.073763326596931411e-02
1.190185270460888622e+00,4.089700060597379339e-01,4.088919496542921250e-02,1.237405479919690299e+00,4.022725733002587706e-02,-1.514340856393126510e-02,-9.078177723733488191e-02
1.190153738376442893e+00,4.066805225389536482e-01,4.340046839551935792e-02,1.237434718236708253e+00,-9.659056637654003449e-03,-4.798902994531925592e-02,-9.022639268585710970e-02
1.190081867430871077e+00,4.023746115093346232e-01,4.858406188741486859e-02,1.237492375918333831e+00,-4.474683980117155971e-03,-3.771913090447196609e-02,-8.966990500305249689e-02
1.190027278466406324e+00,3.994729583819889296e-01,5.335668307496775620e-02,1.237539716554258096e+00,3.808131045582638374e-02,-1.506597963575058603e-02,-8.991656769916132885e-02
1.190049279407204175e+00,4.008496634942098624e-01,4.932895149665927209e-02,1.237504568670464433e+00,3.944933137556519420e-02,-4.213908282960245749e-02,-8.999667414397485854e-02
1.190112152853221472e+00,4.019349978965873760e-01,3.994239563454623360e-02,1.237426275434260869e+00,-1.180145515806048546e-02,-2.728641536188279940e-02,-9.096583509141187296e-02
1.190105819272248011e+00,4.022289465696078370e-01,4.076827751276775047e-02,1.237432041134920890e+00,8.435884184495165070e-04,-2.751461251980351699e-02,-8.893416659089520282e-02
1.190122050817032706e+00,4.081872647225335271e-01,4.332928963228858954e-02,1.237430184018578183e+00,2.356971890121798904e-02,-5.298682726885543121e-02,-8.949408747581004409e-02
1.190202962030256106e+00,4.173546572868089832e-01,4.429092508803963296e-02,1.237398706405963278e+00,-1.371935903068594205e-02,-4.422648251317131546e-02,-9.215343475985610100e-02
1.190394532361453317e+00,4.259258903226244564e-01,3.546221170324933419e-02,1.237284516812671153e+00,8.880325385161438878e-03,-5.197221452552419629e-02,-9.368345616131884546e-02
1.190561500928375205e+00,4.188366355950966513e-01,1.542815854905978589e-03,1.237007681312186191e+00,-2.962643994575998516e-02,-4.154727343520096816e-02,-9.001312395702991409e-02
1.190659090785259888e+00,4.171893677268379563e-01,-2.495978831470261824e-02,1.236740152197782328e+00,-2.381342926224371340e-02,-2.694076927555678902e-02,-8.654625102707708129e-02
1.190658516132815148e+00,4.194718468453967897e-01,-2.913262866571893206e-02,1.236685562867655408e+00,-1.198576709667204671e-02,-3.192798493586534309e-02,-8.889474782944388476e-02
1.190551887102819562e+00,4.188449622317967913e-01,-9.321649612885824984e-03,1.236901353388113245e+00,6.682750219502349431e-02,-3.268820309681054470e-02,-9.286953135540745863e-02
1.190868310596303159e+00,4.592892019875926546e-01,1.148142988846534776e-02,1.236887600637853080e+00,3.754370288903446234e-02,-7.909842699097285879e-02,-9.176874034983818762e-02
1.191090662344920892e+00,5.056602209703300321e-01,3.171232914633151379e-02,1.236742027398268551e+00,3.139789950899540133e-02,-4.698891836367778685e-02,-8.886435966327763114e-02
1.191262015844654965e+00,5.589096897994567659e-01,4.626656754597782001e-02,1.236382779077209948e+00,1.629771078334320625e-02,-7.396824028832360565e-02,-8.667340625473085591e-02
1.191707932242467738e+00,6.274184659275359177e-01,4.444751905261553476e-02,1.235576200975991856e+00,1.057995771528558344e-02,-7.613868255131400753e-02,-8.899093132590256416e-02
1.192183406654760303e+00,6.814452750171564599e-01,3.876161792120427774e-02,1.234764152735038811e+00,1.487473316917674489e-02,-6.742875892670936733e-02,-9.271770283432666238e-02
1.192580219794217022e+00,6.994011648179744300e-01,2.727513395821236364e-02,1.234377051871941244e+00,-4.748133656167023361e-03,-2.980112597174937664e-02,-9.187353283434405993e-02
1.192541133061981284e+00,6.749952558346916653e-01,2.119857100469594788e-02,1.234696667483963228e+00,-1.499674365112711218e-03,-1.423020838779992352e-02,-9.078687663481459225e-02
1.192456832221524321e+00,6.488796378034548118e-01,1.573632528823613527e-02,1.235020901910931945e+00,-1.488383300884736637e-03,-1.758078055997119860e-02,-9.088859236696590627e-02
1.192275129597324623e+00,6.269539428535589876e-01,1.632079589598625993e-02,1.235322279711483562e+00,1.693188678529217867e-02,-2.019237997533746345e-02,-9.084923243443149277e-02
1.191942602511668170e+00,6.027870433385665860e-01,2.461685221190427000e-02,1.235704354422058504e+00,1.405338267011568484e-02,-2.678603549907596082e-02,-8.949241236696829638e-02
1.191605573553706332e+00,5.761865995107341432e-01,3.187473849384155761e-02,1.236076682389295467e+00,1.324782015601663754e-02,-1.729361501684045441e-02,-8.964088041987251787e-02
1.191171364935922128e+00,5.554550668594367968e-01,5.137898272605624650e-02,1.236458929561005116e+00,4.468750608068498137e-02,-1.941072373963012923e-02,-9.006221668819400228e-02
1.190700388258433273e+00,5.387754558668919058e-01,7.928603846553627932e-02,1.236824490156330336e+00,3.631157699335173239e-02,-2.327889397740862468e-02,-9.042714547347630027e-02
1.190376031375145249e+00,5.257458599870173943e-01,1.010955288567353533e-01,1.237075691321920745e+00,3.238558458645781485e-02,-2.455528906545360879e-02,-9.063189969706225702e-02
1.190126882503687034e+00,5.144183135154034581e-01,1.196727589478198961e-01,1.237267842153376485e+00,2.645609359543460090e-02,-2.605534160622513529e-02,-9.076271648998554542e-02
1.189949410521537576e+00,5.057235259866041943e-01,1.341134753692995174e-01,1.237401238454155283e+00,2.139906941086042180e-02,-2.683859045729343126e-02,-9.070697448678526065e-02
1.189802938282007227e+00,4.977155462052875179e-01,1.467784644996144305e-01,1.237510333451882438e+00,1.954063775927767505e-02,-2.804294908252462012e-02,-9.062910229292830966e-02
1.189707494051549741e+00,4.916580498977505265e-01,1.562553733647664145e-01,1.237585335798190744e+00,1.843625060219625592e-02,-2.955741049575800680e-02,-9.033448083759625102e-02
1.189622375979885405e+00,4.862669520307507653e-01,1.648603886927901274e-01,1.237647814433164628e+00,1.580902627766883964e-02,-2.986521687874303319e-02,-9.056793768974417957e-02
1.189448589202622975e+00,4.826539908892584219e-01,1.841727627484613661e-01,1.237715335319898413e+00,6.508250597978747221e-02,-3.061656502614019254e-02,-9.041348807301072266e-02
1.189067453220313819e+00,4.808453759754046097e-01,2.268789004670404841e-01,1.237762918814159674e+00,5.311954018245856890e-02,-3.076855016352841171e-02,-9.047210413620640490e-02
1.188753373145501335e+00,4.805420119120200062e-01,2.638463959108524604e-01,1.237728837739319632e+00,5.671956887552366544e-02,-2.500728432565488962e-02,-9.043605734131088258e-02
1.188624411077910059e+00,4.911589312288499043e-01,2.696824531726917384e-01,1.237648524478625944e+00,1.461585035788401030e-02,-3.934268454322519676e-02,-8.744056456746844563e-02
1.188701573264537181e+00,4.933622109926567578e-01,2.554518533550818593e-01,1.237659752554751691e+00,-4.140500323088201068e-02,-3.765986465048042076e-02,-8.848319935587591056e-02
1.188949495804586087e+00,4.869611872427158650e-01,2.323360202264519170e-01,1.237723375316540420e+00,-2.033177493039939679e-02,-1.808544965616368932e-02,-9.266448120454247317e-02
1.189231772958050160e+00,4.861860542651156303e-01,2.093797011743825376e-01,1.237721879996353191e+00,-1.413609613452731541e-02,-4.160385463140514606e-02,-9.417625387597873543e-02
1.189631684177778759e+00,4.707303449392679084e-01,1.688149786736722890e-01,1.237757494125936830e+00,-4.349498894282195771e-02,-2.130178204056875496e-02,-9.124552380666746398e-02
1.189738583527828020e+00,4.539366746904517913e-01,1.487552146909378870e-01,1.237800629738656344e+00,-2.847696511973329264e-02,-2.394364500120578498e-02,-8.738438580412742629e-02
1.189893589919401862e+00,4.483587274482740415e-01,1.175602986091272284e-01,1.237709189984328662e+00,-1.616354077890087143e-02,-2.638379954636778726e-02,-8.812441808099265306e-02
1.190045439108033287e+00,4.598831672212914112e-01,1.050666948605704781e-01,1.237580323214274580e+00,-6.382892482149782158e-03,-5.141229520178389883e-02,-9.223703314656203633e-02
1.190248991750650909e+00,4.626334544932485526e-01,9.006100188823133734e-02,1.237475867553824216e+00,-4.241176070998183695e-02,-2.736488490409258109e-02,-9.407868415631423509e-02
1.190322150712495919e+00,4.547659888139930495e-01,7.958109232180951564e-02,1.237456315753924230e+00,-4.718650762287433104e-02,-2.306588119120307756e-02,-9.028031669725535002e-02
1.190306495275016418e+00,4.400432695248975845e-01,6.316477041429788275e-02,1.237428667596878862e+00,-2.787787672922604348e-02,-2.526153671712193585e-02,-8.694332500217742676e-02
1.190418380147309163e+00,4.441848536080742482e-01,4.342375181474145834e-02,1.237259393211054714e+00,1.057176330234308945e-02,-2.517052951953058226e-02,-8.779965866066065383e-02
1.190662555583121618e+00,4.524431725472861099e-01,1.923678548632867108e-02,1.237005008917871240e+00,-2.126334300573973560e-02,-4.583839422226437810e-02,-9.111521098146573017e-02
1.190759922313702646e+00,4.442735290162364015e-01,3.412420100768765938e-03,1.236899139668417469e+00,2.596565765790525074e-03,-4.730101086119276738e-02,-9.451423776942864674e-02
1.190470364138564996e+00,4.163617641946334436e-01,1.192988377305458439e-02,1.237118956757106591e+00,2.697228050693404808e-02,-8.301773426164255065e-03,-9.234106085514805218e-02
1.190102601343348665e+00,3.844866238918764889e-01,1.730852229314762750e-02,1.237290267634901575e+00,-3.432387963112013690e-02,-1.259489259291843820e-02,-8.809168193492743215e-02
1.189698274879852580e+00,3.552292501583964590e-01,2.262296803316729554e-02,1.237415823905023249e+00,-1.704063416451657986e-02,-5.596417403431541010e-03,-8.500111130704542106e-02
1.190065866475612744e+00,3.945078023994613159e-01,2.655417825847885757e-02,1.237343242696148149e+00,1.262080833398732463e-02,-6.406752590368484934e-02,-9.107610757866295426e-02
1.190318097299095879e+00,4.208928653774223205e-01,2.845088500565050652e-02,1.237251949269679407e+00,8.007323128928321362e-03,-4.448890606571487966e-02,-9.109637253611455043e-02
1.190428270798024046e+00,4.315370049400472086e-01,2.852458299531224553e-02,1.237200789995309469e+00,5.731972560331249390e-03,-3.782847995993085521e-02,-9.097929229529050366e-02
1.190463168340019529e+00,4.357427798172707756e-01,2.994058239675330413e-02,1.237191247741429967e+00,6.020494748213576532e-03,-3.476540202697135651e-02,-9.085588812416772742e-02
1.190497045783934116e+00,4.382056272950844988e-01,3.011545171810760257e-02,1.237179240140033665e+00,5.605503184029011175e-03,-3.443248684466072157e-02,-9.104057295188346111e-02
1.190504685433311893e+00,4.387920425799030633e-01,3.116666176209986067e-02,1.237184715255636558e+00,5.358349153843089407e-03,-3.365619841248066596e-02,-9.114675076824792221e-02
1.190525997267377623e+00,4.393857824078392649e-01,3.086532482209724745e-02,1.237178323853631356e+00,5.760476603563366438e-03,-3.312442576188786431e-02,-9.107620990532448724e-02
1.190533371982645860e+00,4.395650828077822259e-01,3.128487830793710150e-02,1.237180561761015873e+00,5.521531471435366968e-03,-3.349454043918852209e-02,-9.092973980722725280e-02
1.190555221364202776e+00,4.405888903835458170e-01,3.106575850504970926e-02,1.237172669378285850e+00,6.053945042125248414e-03,-3.361033317092760458e-02,-9.094565980349120227e-02
1.190564568169510951e+00,4.409208440854768263e-01,3.169920555596265899e-02,1.237175802317114881e+00,6.165223361742332327e-03,-3.363585856026359705e-02,-9.098158662305011468e-02
1.190578840057974652e+00,4.413502571328125623e-01,3.185429491595891810e-02,1.237174270648427665e+00,5.687561529421582794e-03,-3.309747904137382013e-02,-9.106818171912972604e-02
1.190586926130825063e+00,4.415913077815380450e-01,3.257997883820171192e-02,1.237178640699249321e+00,5.438962317604500302e-03,-3.301189475110762050e-02,-9.121874630984412591e-02
1.190602114794922839e+00,4.419078963734172083e-01,3.250828306517666161e-02,1.237175760582108097e+00,4.934328201384200092e-03,-3.321798025777190216e-02,-9.101225823763423040e-02
1.190607108593275010e+00,4.424530986127029331e-01,3.352892789820638431e-02,1.237181114894037481e+00,6.777429605977223874e-03,-3.337376293311857672e-02,-9.102047164578254412e-02
1.190617757489168316e+00,4.430078303410776019e-01,3.375711772908916025e-02,1.237179669193323450e+00,5.763229108485757625e-03,-3.342801782423343582e-02,-9.102139205092805996e-02
1.190623241189564752e+00,4.428228228212604534e-01,3.416754832531648800e-02,1.237183689050114221e+00,5.717935651004068739e-03,-3.348176791831880550e-02,-9.088736551664410024e-02
1.190640879450687528e+00,4.433522847336978656e-01,3.416338154121887488e-02,1.237180149567793430e+00,6.166978225151599664e-03,-3.337231674743028342e-02,-9.098567345008114204e-02
1.190639612816937642e+00,4.432876027755284221e-01,3.525106980667291195e-02,1.237189337669439393e+00,6.945377027058421450e-03,-3.291592262425947074e-02,-9.080330220322510582e-02
1.190655578274660620e+00,4.438799621411683716e-01,3.550228678293416984e-02,1.237187602501426564e+00,5.935426162741351368e-03,-3.325023987068596865e-02,-9.120114469790367717e-02
1.190663867393310982e+00,4.442068061897862519e-01,3.620752555792790955e-02,1.237191215183730986e+00,4.643783425200565147e-03,-3.296191483575238584e-02,-9.116608230688449943e-02
1.190676578653999673e+00,4.446892181010780876e-01,3.642876248466803135e-02,1.237189923103409361e+00,5.694482417675511207e-03,-3.383592773408714699e-02,-9.090932831229170397e-02
1.190673543290585945e+00,4.440542119674440458e-01,3.723378872776745424e-02,1.237199760338331567e+00,6.016731282131691262e-03,-3.278549154934779636e-02,-9.128261989551739175e-02
1.190686703699733284e+00,4.440748439774857004e-01,3.785011393757047038e-02,1.237203954323773614e+00,6.576199052546299363e-03,-3.312057581752023833e-02,-9.166713960147901408e-02
1.190709292139263686e+00,4.446154762189550858e-01,3.879358844569071735e-02,1.237207614927188004e+00,6.911030320946039140e-03,-3.394085576945497784e-02,-9.113228384623173195e-02
1.190727144839604401e+00,4.445975305971114899e-01,3.972728799270049821e-02,1.237214245061239781e+00,5.185541393801423871e-03,-3.293162316057082067e-02,-9.084587062923407674e-02
1.190746441187688687e+00,4.444905379045893667e-01,4.088176734153636110e-02,1.237222953081191568e+00,5.018895968152907450e-03,-3.347749024517047284e-02,-9.082739852759276478e-02
1.190754027479062005e+00,4.440734014916561390e-01,4.266764008580743034e-02,1.237238624561252331e+00,6.309312632245321281e-03,-3.274505229784983873e-02,-9.058508079267157953e-02
1.190765037412526040e+00,4.437413150601845491e-01,4.399043995669615903e-02,1.237250004148034099e+00,4.821847783682210037e-03,-3.302808659750491871e-02,-9.118172010261671456e-02
1.190771452762187765e+00,4.431136843561125915e-01,4.568665016855180672e-02,1.237265857150264159e+00,6.832658853668724386e-03,-3.385901352800811670e-02,-9.095812743367957809e-02
1.190781112074714487e+00,4.420386802201174414e-01,4.680217490878995495e-02,1.237279297448601545e+00,4.772156844951416614e-03,-3.321582234680615919e-02,-9.097397059581263656e-02
1.190798353078448280e+00,4.420079287765149578e-01,4.846386690344293285e-02,1.237291134210952048e+00,5.165884925670678057e-03,-3.387242918341386994e-02,-9.142681848434398850e-02
1.190793562357115976e+00,4.409876481708536189e-01,5.074862027193510067e-02,1.237313429793263753e+00,5.327436252564931272e-03,-3.322871316743774422e-02,-9.083884716963241956e-02
1.190802622048963366e+00,4.408180916605460298e-01,5.268441083301615702e-02,1.237328039928229373e+00,7.311025961264774019e-03,-3.371807342669329299e-02,-9.140708120445015239e-02
1.190796053330567261e+00,4.396807947977852127e-01,5.518627956908134929e-02,1.237352070966179385e+00,4.960346798603647647e-03,-3.309424737703200309e-02,-9.134825300061469311e-02
1.190794066735173740e+00,4.389738144996075397e-01,5.762527131093792693e-02,1.237373001806808315e+00,5.251416368854265777e-03,-3.318395192854840803e-02,-9.051714319845628742e-02
1.190776247580787262e+00,4.373328470221926056e-01,6.033844711391447152e-02,1.237400823970168151e+00,4.894290676360171788e-03,-3.312737053967361456e-02,-9.071333656674525348e-02
1.190773630021071394e+00,4.363919059636801601e-01,6.262269117767191307e-02,1.237421219033336239e+00,7.264277998399465072e-03,-3.378612160763290462e-02,-9.071840654976649765e-02
1.190762419902952729e+00,4.350147665566214128e-01,6.521445904678507821e-02,1.237445884751151581e+00,5.881991071415909253e-03,-3.373491091234471356e-02,-9.087722537233215714e-02
1.190772847377983501e+00,4.344408918567692068e-01,6.678007917672676430e-02,1.237458587311004887e+00,5.042386496491301461e-03,-3.420400029546584453e-02,-9.102880110733967134e-02
1.190764811275212942e+00,4.330244654743526378e-01,6.931838326981287768e-02,1.237482345520959814e+00,4.956845729555254404e-03,-3.350538085906140662e-02,-9.111695623933416255e-02
1.190770487883608730e+00,4.321985563608172209e-01,7.076523679698251690e-02,1.237495332823671301e+00,6.156494331493656512e-03,-3.342574122816457938e-02,-9.120007222892140275e-02
1.190765809625201843e+00,4.304408744843435941e-01,7.262588206211623154e-02,1.237515590780897901e+00,5.213759064636582646e-03,-3.315773658571524729e-02,-9.100489000492556491e-02
1.190776700146590317e+00,4.294101623841650173e-01,7.396012184654855715e-02,1.237528247860009589e+00,5.000498872586458740e-03,-3.311618234932812294e-02,-9.129421418369375318e-02
1.190772407159462309e+00,4.282242306810816190e-01,7.597079047930732631e-02,1.237546407115173164e+00,6.209104936708786070e-03,-3.412692164247585480e-02,-9.079822081095935415e-02
1.190782932329259136e+00,4.276829691474665629e-01,7.774489535746187396e-02,1.237559328061802244e+00,6.913892046968665543e-03,-3.294180965635284258e-02,-9.152130129029553696e-02
1.190790158797931708e+00,4.267114226378586617e-01,7.910112771033440959e-02,1.237571604236647138e+00,4.960037116825541902e-03,-3.395991474737738297e-02,-9.122634165782594895e-02
1.190805186221874479e+00,4.259274069371852267e-01,8.004766591334577797e-02,1.237580101793174459e+00,5.069187622934994558e-03,-3.362521158169513857e-02,-9.113297089667349304e-02
1.190813745987455707e+00,4.246624997253680700e-01,8.106432324399322209e-02,1.237591337618691556e+00,5.106983451474927591e-03,-3.258390721375330201e-02,-9.103619608046510658e-02
1.190827697175171229e+00,4.236027833525254360e-01,8.175433882883181846e-02,1.237599384450440487e+00,6.142795741184277521e-03,-3.311230755045026231e-02,-9.113822200145106633e-02
1.190845664715055596e+00,4.232807129648619715e-01,8.247451374171990701e-02,1.237604222068277915e+00,6.999084505152132832e-03,-3.402827775211324929e-02,-9.095106439826107503e-02
1.190873061581675163e+00,4.233143032557728502e-01,8.261584011699397989e-02,1.237603650444297765e+00,5.309201656684197843e-03,-3.278142369450675470e-02,-9.147794901353606400e-02
1.190883817591951388e+00,4.224557749077417212e-01,8.396449987685732086e-02,1.237614769099373069e+00,5.848645336728243785e-03,-3.296789802924614265e-02,-9.111316195246270400e-02
1.190904455028509723e+00,4.220327483674373159e-01,8.442951096685127887e-02,1.237618328489471509e+00,7.125397375609522112e-03,-3.344657470251505976e-02,-9.124300699864024145e-02
1.190923595372700872e+00,4.211940433515908300e-01,8.449182525868075000e-02,1.237621326699348767e+00,4.016161688239183389e-03,-3.328527548192097146e-02,-9.094794004796465103e-02
1.190956914123589394e+00,4.217879797471265069e-01,8.473365649973371716e-02,1.237618708583435367e+00,6.544117352299159800e-03,-3.374633628022581655e-02,-9.129157401321047471e-02
1.190970721833549240e+00,4.211629246466319088e-01,8.612353854222148941e-02,1.237628767390828832e+00,7.298572424899844174e-03,-3.289200622728730844e-02,-9.109507152570353594e-02
1.190994024307286070e+00,4.208454326338111895e-01,8.690559556720293954e-02,1.237633519861823350e+00,8.535586963791582521e-03,-3.364719337295238311e-02,-9.088506477118445115e-02
1.191018839229015525e+00,4.207461360550496243e-01,8.766144941757134101e-02,1.237637113884706874e+00,5.682119121914739820e-03,-3.333436949775651220e-02,-9.110430766565892624e-02
1.191059278310453218e+00,4.205908902418227235e-01,8.682039606051665526e-02,1.237631064492821675e+00,5.149205398503660207e-03,-3.355223681295248922e-02,-9.177975882770658678e-02
1.191093173856893062e+00,4.211249055830361687e-01,8.698687210198673136e-02,1.237628225144612237e+00,6.206858578348460262e-03,-3.329324279747947202e-02,-9.153995861389040145e-02
1.191130330057827980e+00,4.213302617211745482e-01,8.669192193163893778e-02,1.237623947538708524e+00,4.772123545835491032e-03,-3.328202435784633623e-02,-9.109986697377919773e-02
1.191158891007680021e+00,4.206703257309206134e-01,8.657709310980632456e-02,1.237624714029217587e+00,5.839654575428393848e-03,-3.265584984597420803e-02,-9.085844165570064468e-02
1.191206200990959418e+00,4.209208218141413660e-01,8.546817408300293184e-02,1.237615059481639079e+00,6.079224398971152382e-03,-3.336978043136305111e-02,-9.133612889564721171e-02
1.191238585577547360e+00,4.201114060794605698e-01,8.542433200866404730e-02,1.237616661490567482e+00,6.427721624546665208e-03,-3.268662435373435871e-02,-9.148035814681838851e-02
1.191289764150911701e+00,4.209530234447849129e-01,8.446721503302151435e-02,1.237605206267802904e+00,5.723401367892059187e-03,-3.407098589285518370e-02,-9.126804957722298162e-02
1.191338188732379955e+00,4.216673559558819506e-01,8.375397052308432289e-02,1.237595779716841538e+00,5.409671749254225948e-03,-3.373784991001180233e-02,-9.135489353744807861e-02
1.191383329273405733e+00,4.220533908752432395e-01,8.297760598071231286e-02,1.237587473192486520e+00,5.560671918276366074e-03,-3.273382807809804146e-02,-9.129941430341000086e-02
1.191424760988661902e+00,4.223769685787328032e-01,8.265611432698338756e-02,1.237582274636068957e+00,6.426972394438344380e-03,-3.333274143100111581e-02,-9.103612851634539094e-02
1.191476869749662493e+00,4.234816433968023874e-01,8.181351676498931080e-02,1.237570136799893472e+00,7.096807420658318190e-03,-3.375008141177510829e-02,-9.110738210051069763e-02
1.191520091137984849e+00,4.237123878619122874e-01,8.146967078040297239e-02,1.237565081532305378e+00,6.355397942703715913e-03,-3.334936081350850512e-02,-9.175185395491185225e-02
1.191576123987159397e+00,4.248767600678480250e-01,8.025873066142846790e-02,1.237550171421474943e+00,5.544569797779493568e-03,-3.397465212324965456e-02,-9.135021182527845729e-02
1.191630415686864675e+00,4.253948062073317216e-01,7.881265486749298999e-02,1.237536605712237670e+00,4.923114391105172689e-03,-3.376152103728223552e-02,-9.131710790238416198e-02
1.191685795050870800e+00,4.257793313599028684e-01,7.780686024650892985e-02,1.237526181152786675e+00,6.437299116269119825e-03,-3.401443745065674262e-02,-9.141628418628872099e-02
1.191738053190742441e+00,4.271852143952112879e-01,7.718899386042853139e-02,1.237513752134641765e+00,6.857695126968373772e-03,-3.349876840331639238e-02,-9.141083484588810593e-02
1.191794538845577289e+00,4.286529546965818227e-01,7.646133549317533917e-02,1.237500066776294538e+00,5.237083097395349614e-03,-3.369718985798110522e-02,-9.137885437703739677e-02
1.191838573413039448e+00,4.287612624165088593e-01,7.635682072184908631e-02,1.237496876703698234e+00,6.190731816505803606e-03,-3.314416120636390350e-02,-9.166582325989572344e-02
1.191896692870409336e+00,4.300371487898556611e-01,7.512130766647004410e-02,1.237480681524219639e+00,5.874845747120643197e-03,-3.396939182992941841e-02,-9.146790994799954000e-02
1.191947642178061706e+00,4.305249774663246765e-01,7.431620732855226397e-02,1.237471014352355958e+00,5.598496384055994153e-03,-3.439501163801070294e-02,-9.135777900668795581e-02
1.192004353005294837e+00,4.307539674162398358e-01,7.292541176091109356e-02,1.237458497452784023e+00,5.789013945911409068e-03,-3.333030145024485497e-02,-9.135217136302001273e-02
1.192055868758446158e+00,4.315132720162818680e-01,7.216221972380390537e-02,1.237447728054089646e+00,6.329674375651367195e-03,-3.366101440734670103e-02,-9.108241867356162147e-02
1.192110561508749056e+00,4.317302359943921419e-01,7.066647847585287578e-02,1.237434535417642589e+00,4.951346713551338374e-03,-3.300453993545626741e-02,-9.096995008501523872e-02
1.192167718112184138e+00,4.322290771599001102e-01,6.955265379716504826e-02,1.237422315017409735e+00,7.005519226313552082e-03,-3.404343746198881110e-02,-9.140647330564204143e-02
1.192226144454514358e+00,4.334513838380485429e-01,6.908756793117798445e-02,1.237410846431503675e+00,7.177411260667269748e-03,-3.348454160459227169e-02,-9.153795023032088030e-02
1.192282041706115958e+00,4.341929021552019541e-01,6.802645993983870432e-02,1.237397772829095244e+00,6.362447365545116987e-03,-3.343440138727958588e-02,-9.109814203862752480e-02
1.192340781911462200e+00,4.346886868890757483e-01,6.707136688176344730e-02,1.237386360393528451e+00,5.652203862149705535e-03,-3.345558012738458070e-02,-9.183444476271357404e-02
1.192389554321069634e+00,4.349336522711145792e-01,6.651245677487362118e-02,1.237379197295425115e+00,6.172425294534671439e-03,-3.389071285475358380e-02,-9.141310992054764439e-02
1.192454004342986096e+00,4.352371366626635041e-01,6.494297303169051239e-02,1.237364222156003501e+00,5.405950906040724729e-03,-3.437320363565444375e-02,-9.140729833663439885e-02
1.192514857009359552e+00,4.359312927784174674e-01,6.438532635612841115e-02,1.237354293962711127e+00,6.487161878438087864e-03,-3.442595723728313767e-02,-9.160099414999622880e-02
1.192577117535337683e+00,4.367993490140052448e-01,6.318424546028043876e-02,1.237339052702921549e+00,6.554801706634974350e-03,-3.411106639165508575e-02,-9.175213098562967629e-02
1.192639563857153195e+00,4.370454960139792400e-01,6.202899952698652519e-02,1.237327033341235394e+00,5.816750111530286614e-03,-3.317847931220279517e-02,-9.180612880057822944e-02
1.192700076133518472e+00,4.382599412028943542e-01,6.149911430207387342e-02,1.237314648611961720e+00,7.336329626465303184e-03,-3.289042767688174496e-02,-9.103114018073003855e-02
1.192767035552163124e+00,4.386213733357740008e-01,5.976997745441908760e-02,1.237297757583378344e+00,4.421547123461599081e-03,-3.346447765670582108e-02,-9.201736133580244725e-02
1.192833883447936838e+00,4.392371474121738451e-01,5.821927813136255209e-02,1.237280735682359412e+00,4.726896686585653311e-03,-3.334222660571926899e-02,-9.178301188854244563e-02
1.192893398092635948e+00,4.401395470571655699e-01,5.765780997514168005e-02,1.237269519783786409e+00,5.669980262195305210e-03,-3.442674102137319864e-02,-9.138774217849687798e-02
1.192957112009453979e+00,4.405331149928193857e-01,5.637216969741108002e-02,1.237255451564062803e+00,5.289288119378508443e-03,-3.385395207076973001e-02,-9.130127472334001459e-02
1.193012530674616212e+00,4.408222760870078027e-01,5.589912024543326058e-02,1.237248029097469670e+00,4.412527058939734459e-03,-3.331824951750119584e-02,-9.179484220546424433e-02
1.193078884677443607e+00,4.412682081462101502e-01,5.462107428308986962e-02,1.237233513463741774e+00,5.005454447018472912e-03,-3.359210190599706131e-02,-9.150637478964965266e-02
1.193140501985164859e+00,4.419199781931955617e-01,5.406570432791753950e-02,1.237223333413011161e+00,6.973022619081982454e-03,-3.458598174904246869e-02,-9.135032520464560213e-02
1.193203175408319661e+00,4.429244784792063516e-01,5.374168862405092478e-02,1.237212958622935455e+00,6.650197013937975826e-03,-3.349596157769595822e-02,-9.163871988652656786e-02
1.193266736162473585e+00,4.434976760074782476e-01,5.259302103085307378e-02,1.237198702206700807e+00,5.416430137822439081e-03,-3.352052669665218920e-02,-9.141473787712113552e-02
1.193327780311801201e+00,4.439992607609004605e-01,5.186404711975834553e-02,1.237187933370017978e+00,6.409219303773892179e-03,-3.319960025112121682e-02,-9.125655476339702976e-02
1.193389080870232544e+00,4.445400282927967628e-01,5.107374466327583434e-02,1.237176464265329567e+00,4.764691849143266704e-03,-3.409069378543228696e-02,-9.158825858083173566e-02
1.193448656561013399e+00,4.445047639445360854e-01,5.009640615800156627e-02,1.237166619455389416e+00,6.174314686372277781e-03,-3.236168515716021654e-02,-9.116571328913294914e-02
1.193511962214599764e+00,4.450164051271361942e-01,4.920184225148913765e-02,1.237154353512071037e+00,5.070885877847188840e-03,-3.302329834720844209e-02,-9.128166864975784112e-02
1.193571669014293679e+00,4.452439268297858077e-01,4.801572666826400132e-02,1.237141497370985554e+00,5.611650866811152515e-03,-3.309657946223997643e-02,-9.127722047056142929e-02
1.193634700606580834e+00,4.454657489283542771e-01,4.718889119325469367e-02,1.237131155252412684e+00,4.965889769440584404e-03,-3.250128716100566389e-02,-9.174715798118661392e-02
1.193691423431952447e+00,4.462525065397111024e-01,4.721794895690126226e-02,1.237124600659629703e+00,7.132384862095301689e-03,-3.440279976989080862e-02,-9.159213736742020939e-02
1.193752054455413880e+00,4.468639329139952876e-01,4.669328735723893981e-02,1.237114577610078259e+00,4.706028796617542018e-03,-3.368397034126848627e-02,-9.142513704693694399e-02
1.193815283449720432e+00,4.475020198080532641e-01,4.586236255876248447e-02,1.237101939332077905e+00,4.973840932341244345e-03,-3.409636215512978907e-02,-9.165616319519967470e-02
1.193877531542222536e+00,4.482760939800740640e-01,4.548759465103088817e-02,1.237092053327757180e+00,5.493070717053952744e-03,-3.378755392103641869e-02,-9.146350134461996018e-02
1.193940098298523100e+00,4.489059126927616994e-01,4.478187943231996815e-02,1.237080362120759558e+00,6.798421368656577292e-03,-3.316823771262290138e-02,-9.164198613930137072e-02
1.193997447708751825e+00,4.488988572438847302e-01,4.457873056059492162e-02,1.237076125080850630e+00,5.984330576353987484e-03,-3.346542713753074272e-02,-9.180589918953281636e-02
1.194056693742175934e+00,4.493931316476474924e-01,4.395174692792615939e-02,1.237065872656304633e+00,3.926261401046187045e-03,-3.417474056413539324e-02,-9.130344640172134707e-02
1.194125288408040886e+00,4.500958784199107221e-01,4.340773961162550099e-02,1.237054667373668426e+00,3.679588876076546507e-03,-3.376203970659649722e-02,-9.182194522229451816e-02
1.194183725696313481e+00,4.496784743592363021e-01,4.266950667958912397e-02,1.237048430667146537e+00,5.995854068411121500e-03,-3.312762158949400515e-02,-9.169498671497350317e-02
1.194243086034489920e+00,4.503361861878975025e-01,4.284186726565396980e-02,1.237043410486204253e+00,6.636655595455764542e-03,-3.471372468343682238e-02,-9.152844490350325879e-02
1.194298824454121055e+00,4.503252876011786809e-01,4.277200094004844633e-02,1.237040277549188438e+00,4.970740118666274257e-03,-3.331810039043981569e-02,-9.170730869902515847e-02
1.194357581457775153e+00,4.505383018942130668e-01,4.227295078543212570e-02,1.237032471051856097e+00,4.085971286829767277e-03,-3.277147456893095973e-02,-9.156838581615955874e-02
1.194413727327283903e+00,4.504773251860852423e-01,4.227358105838800728e-02,1.237030131005544265e+00,5.273819348066536433e-03,-3.269225438197809891e-02,-9.186892385610807843e-02
1.194468796723850756e+00,4.499612468828476652e-01,4.186021133562491808e-02,1.237027073698106605e+00,5.309831009975187442e-03,-3.289217462141088427e-02,-9.187058354464280874e-02
1.194528504965432170e+00,4.503762993598251496e-01,4.173488529023212240e-02,1.237021023550799459e+00,6.049237213115719360e-03,-3.309650220132057813e-02,-9.190648487167106528e-02
1.194590846390810146e+00,4.505606768405620577e-01,4.127622704444985219e-02,1.237013486634710002e+00,5.692436519993056797e-03,-3.335964094721278334e-02,-9.186253753150352974e-02
1.194646790923706181e+00,4.503959208711851292e-01,4.098192539449192762e-02,1.237009408773347641e+00,6.060989803090419820e-03,-3.285835033037603353e-02,-9.156023355443093648e-02
1.194710111531186891e+00,4.504234141247814294e-01,4.051279645049984945e-02,1.237002569871099578e+00,4.587352745406477264e-03,-3.314469105057424314e-02,-9.173878858727375907e-02
1.194765429786770028e+00,4.508308808167120763e-01,4.048679171335658328e-02,1.236997527562039068e+00,7.094279351777263778e-03,-3.432554463061111838e-02,-9.153707457080609289e-02
1.194825224602960478e+00,4.510693030254593339e-01,4.048096355011408104e-02,1.236993336644444108e+00,6.194943488688044522e-03,-3.310498568147526161e-02,-9.178113364166790022e-02
1.194877567656562611e+00,4.512204439435095749e-01,4.118656515918398681e-02,1.236995532385559926e+00,4.308146318195431486e-03,-3.450675057986415245e-02,-9.194592128179746027e-02
1.194926770166206964e+00,4.506960709605359328e-01,4.164872952385856308e-02,1.236999615432906818e+00,7.268289209903834591e-03,-3.343925861365871360e-02,-9.146566517914568595e-02
1.194988985677943649e+00,4.509861073791759378e-01,4.103953008487242621e-02,1.236990325038870298e+00,6.538351277385522943e-03,-3.295898662764012998e-02,-9.177215420971360227e-02
1.195044703328212776e+00,4.507457176946080279e-01,4.093907363837765573e-02,1.236988172971717814e+00,4.428210276558265136e-03,-3.434935602209431699e-02,-9.144559061346155260e-02
1.195098323120175277e+00,4.509810920517404176e-01,4.171205337802515178e-02,1.236990359618353574e+00,6.002694372804510611e-03,-3.368094579784525894e-02,-9.176184060923148200e-02
1.195160231387038863e+00,4.513963614428134208e-01,4.183064341748416598e-02,1.236986067573770276e+00,5.597131786285372730e-03,-3.332419417687056823e-02,-9.137689483929585521e-02
1.195214489540019853e+00,4.510126514213101401e-01,4.159197683049623007e-02,1.236983689870451153e+00,6.583124602676457444e-03,-3.339939313527290343e-02,-9.171010253777019117e-02
1.195272361708462849e+00,4.509834705061423477e-01,4.151138834442232722e-02,1.236980446119073651e+00,4.230203743531234933e-03,-3.346906745626170021e-02,-9.196771971301660742e-02
1.195322681211628213e+00,4.510181367498092286e-01,4.217653536012069132e-02,1.236983014638391332e+00,7.003439363532853318e-03,-3.350150317012422219e-02,-9.145518436192398570e-02
1.195376719927661924e+00,4.510691837134485627e-01,4.245682323476700909e-02,1.236982318199794983e+00,6.046890291425299768e-03,-3.413365548071269767e-02,-9.189531450823536229e-02
1.195429445027832216e+00,4.509053216393695274e-01,4.236501245604588906e-02,1.236979962501576269e+00,4.900138667098985490e-03,-3.269319557796628029e-02,-9.184388912138093108e-02
1.195477647582708025e+00,4.506547112271736544e-01,4.237224909012776014e-02,1.236979057152332695e+00,4.105260132720697612e-03,-3.361526515350805183e-02,-9.157764620075947715e-02
1.195535855266788738e+00,4.502359965534026287e-01,4.201390193871610418e-02,1.236975736726048991e+00,4.935730094164657994e-03,-3.438643124453318739e-02,-9.191340350883894783e-02
1.195586096635004258e+00,4.497827760653131945e-01,4.214304779900361619e-02,1.236976757206860400e+00,4.112805712389385956e-03,-3.269601049575283913e-02,-9.170787203047195413e-02
1.195634587111144453e+00,4.493075128634907989e-01,4.222707746349245450e-02,1.236977619613342183e+00,5.152448732394791092e-03,-3.356959605064813168e-02,-9.150258299855042188e-02
1.195688288251203213e+00,4.488841862376812264e-01,4.236864393802728529e-02,1.236978390457809107e+00,6.184445609401412365e-03,-3.370902407292196423e-02,-9.202767244051232587e-02
1.195737147073947071e+00,4.486661266610152965e-01,4.221929887000099024e-02,1.236976041457323428e+00,4.476585234227688399e-03,-3.355792483505343204e-02,-9.119735540257668804e-02
1.195783861314435148e+00,4.481649258809326519e-01,4.275484180957331987e-02,1.236980596806722010e+00,5.724226519984689648e-03,-3.258987133285548565e-02,-9.167918954635730089e-02
1.195839066387384131e+00,4.483913194315543027e-01,4.339660434236331660e-02,1.236981691760034918e+00,7.099717097407877084e-03,-3.350477086387234488e-02,-9.209070102901538435e-02
1.195895514065378640e+00,4.480325023516917859e-01,4.346892524742413527e-02,1.236981428907343972e+00,5.135787852732691047e-03,-3.327210027945139842e-02,-9.188197995373502402e-02
1.195948033448405390e+00,4.476887915425125097e-01,4.363918380807683267e-02,1.236982022488505084e+00,7.039675461482841103e-03,-3.395941534512531002e-02,-9.154717888295955952e-02
1.196004070703932554e+00,4.479325152546239086e-01,4.422807760697965163e-02,1.236982556228269026e+00,6.206357759644942455e-03,-3.333800711909876147e-02,-9.192737912026419100e-02
1.196057480077925561e+00,4.477077337444717031e-01,4.476816292137082015e-02,1.236985299397302951e+00,5.436873131071342201e-03,-3.311282641243515346e-02,-9.244842006312579963e-02
1.196110265629707348e+00,4.474944396683446790e-01,4.493809764155685255e-02,1.236985173847658492e+00,4.597350471971910386e-03,-3.286756538088222990e-02,-9.171342583676746207e-02
1.196153786198037361e+00,4.471482087680498929e-01,4.578173356839811831e-02,1.236991316316335299e+00,5.307579989738632834e-03,-3.369738021655558496e-02,-9.146279147568919798e-02
1.196206030980996093e+00,4.466280569150280488e-01,4.580779926829663118e-02,1.236991716529292296e+00,4.951141590997238176e-03,-3.335512898658817005e-02,-9.168413046230022845e-02
1.196251611653980307e+00,4.459714168467886486e-01,4.602247579694301871e-02,1.236994567966694270e+00,5.499509434109282890e-03,-3.361115279175334175e-02,-9.153711806855072131e-02
1.196301502947357154e+00,4.458386921284735460e-01,4.633725517188498622e-02,1.236995232111555598e+00,4.602320032032612696e-03,-3.354154783218844804e-02,-9.174213755707112672e-02
1.196352874571956271e+00,4.455769418169980844e-01,4.682836779512150605e-02,1.236997819486227002e+00,6.373422754154118609e-03,-3.326140590390994078e-02,-9.175575698614488185e-02
1.196406521844252779e+00,4.459026151917485081e-01,4.724354655375292283e-02,1.236996664196073681e+00,5.309282906527055916e-03,-3.363286715618733769e-02,-9.194146811105657902e-02
1.196459249721917528e+00,4.458452575396747442e-01,4.759165224831217456e-02,1.236997029524121938e+00,5.310594225712197275e-03,-3.314224317032248707e-02,-9.200060899949889792e-02
1.196516641753715859e+00,4.460925937113544015e-01,4.771859293187011991e-02,1.236993918805842085e+00,4.197206317596148366e-03,-3.350386299990176092e-02,-9.175387481734254003e-02
1.196568362609700120e+00,4.455692804437793031e-01,4.807200272862848650e-02,1.236996783669497946e+00,4.868963368787335329e-03,-3.276483456128700955e-02,-9.200944652897483089e-02
1.196625964725879010e+00,4.453660384478275724e-01,4.751367067629339025e-02,1.236990856298151531e+00,4.918578385533818251e-03,-3.354066771278741560e-02,-9.181899878490439038e-02
1.196684487030260424e+00,4.457364461726932015e-01,4.740430771494870410e-02,1.236985277765008551e+00,6.429691600244809985e-03,-3.437980799923334024e-02,-9.170398290425565979e-02
1.196742307174635922e+00,4.459456788832805718e-01,4.721770304005214886e-02,1.236979982920623389e+00,6.051383674128268421e-03,-3.271346626143006864e-02,-9.219674746079874195e-02
1.196792015968396017e+00,4.455105096604434767e-01,4.720178149221527369e-02,1.236979710892511575e+00,5.131113322839087575e-03,-3.376067906666434942e-02,-9.168678881626692034e-02
1.196837838818754829e+00,4.452579894874056365e-01,4.767556999044488680e-02,1.236982357782673958e+00,6.149201825105999990e-03,-3.274591873763670752e-02,-9.196920576711171968e-02
1.196889604242657335e+00,4.452711033601189361e-01,4.757193907411484679e-02,1.236978998784843631e+00,4.573167322022269471e-03,-3.432561900147118594e-02,-9.176324002437624694e-02
1.196941503491577352e+00,4.450417531696880813e-01,4.759422467344660845e-02,1.236977831193866617e+00,5.891835622048086432e-03,-3.318995747183430683e-02,-9.189358565115589295e-02
1.196988960563793114e+00,4.449938970372034897e-01,4.803363329014228439e-02,1.236979069955903343e+00,5.417732133255121103e-03,-3.324237698260455731e-02,-9.191985365390487051e-02
1.197045675722836933e+00,4.448290515610954787e-01,4.806982736647316679e-02,1.236977435116943580e+00,5.903664799989414430e-03,-3.329279040685915320e-02,-9.190928227580501264e-02
1.197100356230007767e+00,4.451590345026189555e-01,4.882571241582316784e-02,1.236978723980165507e+00,5.192576165031818035e-03,-3.294480395048842575e-02,-9.193975066322160328e-02
1.197149654362359650e+00,4.445233173292611473e-01,4.891364425964023210e-02,1.236980258660084209e+00,6.491240354156627319e-03,-3.251919820736254296e-02,-9.166714566264015651e-02
1.197197282078817038e+00,4.442124752328259762e-01,4.861448754638173636e-02,1.236977305517631409e+00,6.414962069306381562e-03,-3.284932583111493942e-02,-9.178354919265024892e-02
