time,target_x,target_y,target_z,x,y,z,qx,qy,qz,qw,vx,vy,vz,wx,wy,wz,rpm1,rpm2,rpm3,rpm4
0.0,0.0,0.0,0.3,0.0,0.0,0.10241268685819709,0.0,0.0,0.0,1.0,0.0,0.0,0.19299019170164786,0.0,0.0,0.0,20181.30505789114,20181.30505789114,20181.30505789114,20181.30505789114
0.020833333333333332,0.0,0.0,0.3,0.0,0.0,0.10788592201652776,0.0,0.0,0.0,1.0,0.0,0.0,0.3091795893551989,0.0,0.0,0.0,18130.66146908768,18130.66146908768,18130.66146908768,18130.66146908768
0.041666666666666664,0.0,0.0,0.3,0.0,0.0,0.11515373046368316,0.0,0.0,0.0,1.0,0.0,0.0,0.3752926709072466,0.0,0.0,0.0,16658.499253435504,16658.499253435504,16658.499253435504,16658.499253435504
0.0625,0.0,0.0,0.3,0.0,0.0,0.1233932744293938,0.0,0.0,0.0,1.0,0.0,0.0,0.4089617525884915,0.0,0.0,0.0,15630.684331765347,15630.684331765347,15630.684331765347,15630.684331765347
0.08333333333333333,0.0,0.0,0.3,0.0,0.0,0.13207379764306584,0.0,0.0,0.0,1.0,0.0,0.0,0.4217980808250445,0.0,0.0,0.0,14933.086949091168,14933.086949091168,14933.086949091168,14933.086949091168
0.10416666666666667,0.0,0.0,0.3,0.0,0.0,0.14085669483892546,0.0,0.0,0.0,1.0,0.0,0.0,0.42143312987639536,0.0,0.0,0.0,14473.197114503175,14473.197114503175,14473.197114503175,14473.197114503175
0.125,0.0,0.0,0.3,0.0,0.0,0.1495295071794988,0.0,0.0,0.0,1.0,0.0,0.0,0.41287131422019147,0.0,0.0,0.0,14179.680196929163,14179.680196929163,14179.680196929163,14179.680196929163
0.14583333333333334,0.0,0.0,0.3,0.0,0.0,0.15796237550664136,0.0,0.0,0.0,1.0,0.0,0.0,0.3993846435071055,0.0,0.0,0.0,13999.906256322538,13999.906256322538,13999.906256322538,13999.906256322538
0.16666666666666666,0.0,0.0,0.3,0.0,0.0,0.1660793364740557,0.0,0.0,0.0,1.0,0.0,0.0,0.38310367926798156,0.0,0.0,0.0,13896.398086538076,13896.398086538076,13896.398086538076,13896.398086538076
0.1875,0.0,0.0,0.3,0.0,0.0,0.17383941859796875,0.0,0.0,0.0,1.0,0.0,0.0,0.3654075625071807,0.0,0.0,0.0,13843.173089039396,13843.173089039396,13843.173089039396,13843.173089039396
0.20833333333333334,0.0,0.0,0.3,0.0,0.0,0.18122420422416807,0.0,0.0,0.0,1.0,0.0,0.0,0.3471812845322611,0.0,0.0,0.0,13822.565784755665,13822.565784755665,13822.565784755665,13822.565784755665
0.22916666666666666,0.0,0.0,0.3,0.0,0.0,0.18822965561470917,0.0,0.0,0.0,1.0,0.0,0.0,0.3289853182113694,0.0,0.0,0.0,13822.734105479227,13822.734105479227,13822.734105479227,13822.734105479227
0.25,0.0,0.0,0.3,0.0,0.0,0.19486075205800735,0.0,0.0,0.0,1.0,0.0,0.0,0.3111674246024959,0.0,0.0,0.0,13835.823090474925,13835.823090474925,13835.823090474925,13835.823090474925
0.2708333333333333,0.0,0.0,0.3,0.0,0.0,0.20112797942155408,0.0,0.0,0.0,1.0,0.0,0.0,0.2939363194327027,0.0,0.0,0.0,13856.666729548557,13856.666729548557,13856.666729548557,13856.666729548557
0.2916666666666667,0.0,0.0,0.3,0.0,0.0,0.20704503995475154,0.0,0.0,0.0,1.0,0.0,0.0,0.2774101881748773,0.0,0.0,0.0,13881.894088259109,13881.894088259109,13881.894088259109,13881.894088259109
0.3125,0.0,0.0,0.3,0.0,0.0,0.21262736547579789,0.0,0.0,0.0,1.0,0.0,0.0,0.26164861742832335,0.0,0.0,0.0,13909.324209664926,13909.324209664926,13909.324209664926,13909.324209664926
0.3333333333333333,0.0,0.0,0.3,0.0,0.0,0.21789115909645398,0.0,0.0,0.0,1.0,0.0,0.0,0.24667359301412214,0.0,0.0,0.0,13937.561000447455,13937.561000447455,13937.561000447455,13937.561000447455
0.3541666666666667,0.0,0.0,0.3,0.0,0.0,0.22285278429573283,0.0,0.0,0.0,1.0,0.0,0.0,0.2324832908795387,0.0,0.0,0.0,13965.723949223531,13965.723949223531,13965.723949223531,13965.723949223531
0.375,0.0,0.0,0.3,0.0,0.0,0.22752838191319585,0.0,0.0,0.0,1.0,0.0,0.0,0.219061117838155,0.0,0.0,0.0,13993.269976801414,13993.269976801414,13993.269976801414,13993.269976801414
0.3958333333333333,0.0,0.0,0.3,0.0,0.0,0.23193363635721545,0.0,0.0,0.0,1.0,0.0,0.0,0.20638162231586443,0.0,0.0,0.0,14019.875951901584,14019.875951901584,14019.875951901584,14019.875951901584
0.4166666666666667,0.0,0.0,0.3,0.0,0.0,0.23608363917748149,0.0,0.0,0.0,1.0,0.0,0.0,0.19441434344405645,0.0,0.0,0.0,14045.361390389782,14045.361390389782,14045.361390389782,14045.361390389782
0.4375,0.0,0.0,0.3,0.0,0.0,0.23999281585844584,0.0,0.0,0.0,1.0,0.0,0.0,0.1831263029577418,0.0,0.0,0.0,14069.637686699203,14069.637686699203,14069.637686699203,14069.637686699203
0.4583333333333333,0.0,0.0,0.3,0.0,0.0,0.24367489336637962,0.0,0.0,0.0,1.0,0.0,0.0,0.1724836043982806,0.0,0.0,0.0,14092.674828029925,14092.674828029925,14092.674828029925,14092.674828029925
0.4791666666666667,0.0,0.0,0.3,0.0,0.0,0.24714289368126274,0.0,0.0,0.0,1.0,0.0,0.0,0.16245244587612487,0.0,0.0,0.0,14114.479612895291,14114.479612895291,14114.479612895291,14114.479612895291
0.5,0.0,0.0,0.3,0.0,0.0,0.2504091436202165,0.0,0.0,0.0,1.0,0.0,0.0,0.15299974828734642,0.0,0.0,0.0,14135.081432764819,14135.081432764819,14135.081432764819,14135.081432764819
0.5208333333333334,0.0,0.0,0.3,0.0,0.0,0.25348529460475006,0.0,0.0,0.0,1.0,0.0,0.0,0.14409353204866593,0.0,0.0,0.0,14154.523021938323,14154.523021938323,14154.523021938323,14154.523021938323
0.5416666666666666,0.0,0.0,0.3,0.0,0.0,0.2563823482287018,0.0,0.0,0.0,1.0,0.0,0.0,0.13570313001995146,0.0,0.0,0.0,14172.854468587262,14172.854468587262,14172.854468587262,14172.854468587262
0.5625,0.0,0.0,0.3,0.0,0.0,0.2591106849358505,0.0,0.0,0.0,1.0,0.0,0.0,0.12779929434246431,0.0,0.0,0.0,14190.129364504824,14190.129364504824,14190.129364504824,14190.129364504824
0.5833333333333334,0.0,0.0,0.3,0.0,0.0,0.26168009407196086,0.0,0.0,0.0,1.0,0.0,0.0,0.12035423517425523,0.0,0.0,0.0,14206.402355751881,14206.402355751881,14206.402355751881,14206.402355751881
0.6041666666666666,0.0,0.0,0.3,0.0,0.0,0.26409980420448625,0.0,0.0,0.0,1.0,0.0,0.0,0.11334161628128102,0.0,0.0,0.0,14221.727609353693,14221.727609353693,14221.727609353693,14221.727609353693
0.625,0.0,0.0,0.3,0.0,0.0,0.2663785130157613,0.0,0.0,0.0,1.0,0.0,0.0,0.10673652385553387,0.0,0.0,0.0,14236.157877533169,14236.157877533169,14236.157877533169,14236.157877533169
0.6458333333333334,0.0,0.0,0.3,0.0,0.0,0.26852441634580687,0.0,0.0,0.0,1.0,0.0,0.0,0.10051541927026644,0.0,0.0,0.0,14249.743950320459,14249.743950320459,14249.743950320459,14249.743950320459
0.6666666666666666,0.0,0.0,0.3,0.0,0.0,0.2705452361373525,0.0,0.0,0.0,1.0,0.0,0.0,0.09465608275153148,0.0,0.0,0.0,14262.534359270267,14262.534359270267,14262.534359270267,14262.534359270267
0.6875,0.0,0.0,0.3,0.0,0.0,0.27244824715036153,0.0,0.0,0.0,1.0,0.0,0.0,0.08913755248784876,0.0,0.0,0.0,14274.575242279065,14274.575242279065,14274.575242279065,14274.575242279065
0.7083333333333334,0.0,0.0,0.3,0.0,0.0,0.27424030238732505,0.0,0.0,0.0,1.0,0.0,0.0,0.08394006208250325,0.0,0.0,0.0,14285.910310560826,14285.910310560826,14285.910310560826,14285.910310560826
0.7291666666666666,0.0,0.0,0.3,0.0,0.0,0.2759278572178145,0.0,0.0,0.0,1.0,0.0,0.0,0.07904497818983452,0.0,0.0,0.0,14296.580879257785,14296.580879257785,14296.580879257785,14296.580879257785
0.75,0.0,0.0,0.3,0.0,0.0,0.2775169922204192,0.0,0.0,0.0,1.0,0.0,0.0,0.07443473947925325,0.0,0.0,0.0,14306.625936578475,14306.625936578475,14306.625936578475,14306.625936578475
0.7708333333333334,0.0,0.0,0.3,0.0,0.0,0.279013434778319,0.0,0.0,0.0,1.0,0.0,0.0,0.07009279761411626,0.0,0.0,0.0,14316.08223516566,14316.08223516566,14316.08223516566,14316.08223516566
0.7916666666666666,0.0,0.0,0.3,0.0,0.0,0.2804225794753312,0.0,0.0,0.0,1.0,0.0,0.0,0.06600356063488623,0.0,0.0,0.0,14324.984395178988,14324.984395178988,14324.984395178988,14324.984395178988
0.8125,0.0,0.0,0.3,0.0,0.0,0.2817495073449759,0.0,0.0,0.0,1.0,0.0,0.0,0.062152338942977656,0.0,0.0,0.0,14333.365012367543,14333.365012367543,14333.365012367543,14333.365012367543
0.8333333333333334,0.0,0.0,0.3,0.0,0.0,0.28299900402764055,0.0,0.0,0.0,1.0,0.0,0.0,0.058525293957593524,0.0,0.0,0.0,14341.254766888298,14341.254766888298,14341.254766888298,14341.254766888298
0.8541666666666666,0.0,0.0,0.3,0.0,0.0,0.2841755768914489,0.0,0.0,0.0,1.0,0.0,0.0,0.0551093894390877,0.0,0.0,0.0,14348.682530246493,14348.682530246493,14348.682530246493,14348.682530246493
0.875,0.0,0.0,0.3,0.0,0.0,0.28528347117169073,0.0,0.0,0.0,1.0,0.0,0.0,0.05189234542337307,0.0,0.0,0.0,14355.675468788111,14355.675468788111,14355.675468788111,14355.675468788111
0.8958333333333334,0.0,0.0,0.3,0.0,0.0,0.28632668518214566,0.0,0.0,0.0,1.0,0.0,0.0,0.04886259468237471,0.0,0.0,0.0,14362.259142857449,14362.259142857449,14362.259142857449,14362.259142857449
0.9166666666666666,0.0,0.0,0.3,0.0,0.0,0.28730898464965143,0.0,0.0,0.0,1.0,0.0,0.0,0.046009241608719095,0.0,0.0,0.0,14368.457601171769,14368.457601171769,14368.457601171769,14368.457601171769
0.9375,0.0,0.0,0.3,0.0,0.0,0.2882339162210416,0.0,0.0,0.0,1.0,0.0,0.0,0.043322023414300755,0.0,0.0,0.0,14374.293470244502,14374.293470244502,14374.293470244502,14374.293470244502
0.9583333333333334,0.0,0.0,0.3,0.0,0.0,0.2891048201892363,0.0,0.0,0.0,1.0,0.0,0.0,0.04079127352912924,0.0,0.0,0.0,14379.788038863393,14379.788038863393,14379.788038863393,14379.788038863393
0.9791666666666666,0.0,0.0,0.3,0.0,0.0,0.2899248424829061,0.0,0.0,0.0,1.0,0.0,0.0,0.0384078870870046,0.0,0.0,0.0,14384.96133773711,14384.96133773711,14384.96133773711,14384.96133773711
1.0,0.0,0.0,0.3,0.0,0.0,0.29069694596179385,0.0,0.0,0.0,1.0,0.0,0.0,0.03616328838681926,0.0,0.0,0.0,14389.832214486476,14389.832214486476,14389.832214486476,14389.832214486476
1.0208333333333333,0.0,0.0,0.3,0.0,0.0,0.2914239210575053,0.0,0.0,0.0,1.0,0.0,0.0,0.03404940022181409,0.0,0.0,0.0,14394.41840419098,14394.41840419098,14394.41840419098,14394.41840419098
1.0416666666666667,0.0,0.0,0.3,0.0,0.0,0.2921083957973919,0.0,0.0,0.0,1.0,0.0,0.0,0.03205861497337704,0.0,0.0,0.0,14398.7365957172,14398.7365957172,14398.7365957172,14398.7365957172
1.0625,0.0,0.0,0.3,0.0,0.0,0.29275284524705053,0.0,0.0,0.0,1.0,0.0,0.0,0.030183767370609547,0.0,0.0,0.0,14402.802494060412,14402.802494060412,14402.802494060412,14402.802494060412
1.0833333333333333,0.0,0.0,0.3,0.0,0.0,0.2933596004049689,0.0,0.0,0.0,1.0,0.0,0.0,0.02841810882167534,0.0,0.0,0.0,14406.630878928023,14406.630878928023,14406.630878928023,14406.630878928023
1.1041666666666667,0.0,0.0,0.3,0.0,0.0,0.2939308565809458,0.0,0.0,0.0,1.0,0.0,0.0,0.0267552832277376,0.0,0.0,0.0,14410.235659786802,14410.235659786802,14410.235659786802,14410.235659786802
1.125,0.0,0.0,0.3,0.0,0.0,0.29446868128811743,0.0,0.0,0.0,1.0,0.0,0.0,0.025189304194995692,0.0,0.0,0.0,14413.6299275864,14413.6299275864,14413.6299275864,14413.6299275864
1.1458333333333333,0.0,0.0,0.3,0.0,0.0,0.29497502167671663,0.0,0.0,0.0,1.0,0.0,0.0,0.023714533564894183,0.0,0.0,0.0,14416.826003361333,14416.826003361333,14416.826003361333,14416.826003361333
1.1666666666666667,0.0,0.0,0.3,0.0,0.0,0.2954517115360826,0.0,0.0,0.0,1.0,0.0,0.0,0.022325661186964305,0.0,0.0,0.0,14419.835483902403,14419.835483902403,14419.835483902403,14419.835483902403
1.1875,0.0,0.0,0.3,0.0,0.0,0.2959004778899164,0.0,0.0,0.0,1.0,0.0,0.0,0.021017685862953585,0.0,0.0,0.0,14422.669284677675,14422.669284677675,14422.669284677675,14422.669284677675
1.2083333333333333,0.0,0.0,0.3,0.0,0.0,0.2963229472083434,0.0,0.0,0.0,1.0,0.0,0.0,0.019785897394893334,0.0,0.0,0.0,14425.33768017207,14425.33768017207,14425.33768017207,14425.33768017207
1.2291666666666667,0.0,0.0,0.3,0.0,0.0,0.29672065125898406,0.0,0.0,0.0,1.0,0.0,0.0,0.018625859673550692,0.0,0.0,0.0,14427.85034180441,14427.85034180441,14427.85034180441,14427.85034180441
1.25,0.0,0.0,0.3,0.0,0.0,0.2970950326179606,0.0,0.0,0.0,1.0,0.0,0.0,0.017533394747308126,0.0,0.0,0.0,14430.216373570798,14430.216373570798,14430.216373570798,14430.216373570798
1.2708333333333333,0.0,0.0,0.3,0.0,0.0,0.29744744986055616,0.0,0.0,0.0,1.0,0.0,0.0,0.01650456781492341,0.0,0.0,0.0,14432.44434555385,14432.44434555385,14432.44434555385,14432.44434555385
1.2916666666666667,0.0,0.0,0.3,0.0,0.0,0.29777918245010765,0.0,0.0,0.0,1.0,0.0,0.0,0.01553567308884016,0.0,0.0,0.0,14434.542325428421,14434.542325428421,14434.542325428421,14434.542325428421
1.3125,0.0,0.0,0.3,0.0,0.0,0.2980914353426406,0.0,0.0,0.0,1.0,0.0,0.0,0.014623220478770314,0.0,0.0,0.0,14436.517908086415,14436.517908086415,14436.517908086415,14436.517908086415
1.3333333333333333,0.0,0.0,0.3,0.0,0.0,0.2983853433237407,0.0,0.0,0.0,1.0,0.0,0.0,0.013763923048139668,0.0,0.0,0.0,14438.378243495183,14438.378243495183,14438.378243495183,14438.378243495183
1.3541666666666667,0.0,0.0,0.3,0.0,0.0,0.298661975093207,0.0,0.0,0.0,1.0,0.0,0.0,0.012954685198711659,0.0,0.0,0.0,14440.130062897235,14440.130062897235,14440.130062897235,14440.130062897235
1.375,0.0,0.0,0.3,0.0,0.0,0.29892233711212723,0.0,0.0,0.0,1.0,0.0,0.0,0.012192591541259934,0.0,0.0,0.0,14441.779703451688,14441.779703451688,14441.779703451688,14441.779703451688
1.3958333333333333,0.0,0.0,0.3,0.0,0.0,0.2991673772261745,0.0,0.0,0.0,1.0,0.0,0.0,0.011474896412587567,0.0,0.0,0.0,14443.333131412106,14443.333131412106,14443.333131412106,14443.333131412106
1.4166666666666667,0.0,0.0,0.3,0.0,0.0,0.2993979880781211,0.0,0.0,0.0,1.0,0.0,0.0,0.010799014001467811,0.0,0.0,0.0,14444.795963929031,14444.795963929031,14444.795963929031,14444.795963929031
1.4375,0.0,0.0,0.3,0.0,0.0,0.2996150103218151,0.0,0.0,0.0,1.0,0.0,0.0,0.010162509048237914,0.0,0.0,0.0,14446.173489560231,14446.173489560231,14446.173489560231,14446.173489560231
1.4583333333333333,0.0,0.0,0.3,0.0,0.0,0.299819235649154,0.0,0.0,0.0,1.0,0.0,0.0,0.009563088084807237,0.0,0.0,0.0,14447.4706875665,14447.4706875665,14447.4706875665,14447.4706875665
1.4791666666666667,0.0,0.0,0.3,0.0,0.0,0.3000114096409252,0.0,0.0,0.0,1.0,0.0,0.0,0.008998591183758465,0.0,0.0,0.0,14448.69224606598,14448.69224606598,14448.69224606598,14448.69224606598
1.5,0.0,0.0,0.3,0.0,0.0,0.30019223445174686,0.0,0.0,0.0,1.0,0.0,0.0,0.008466984187022897,0.0,0.0,0.0,14449.842579115415,14449.842579115415,14449.842579115415,14449.842579115415
1.5208333333333333,0.0,0.0,0.3,0.0,0.0,0.30036237133875515,0.0,0.0,0.0,1.0,0.0,0.0,0.007966351386320457,0.0,0.0,0.0,14450.925842782748,14450.925842782748,14450.925842782748,14450.925842782748
1.5416666666666667,0.0,0.0,0.3,0.0,0.0,0.3005224430431207,0.0,0.0,0.0,1.0,0.0,0.0,0.007494888629153802,0.0,0.0,0.0,14451.945950271216,14451.945950271216,14451.945950271216,14451.945950271216
1.5625,0.0,0.0,0.3,0.0,0.0,0.3006730360329518,0.0,0.0,0.0,1.0,0.0,0.0,0.007050896825667382,0.0,0.0,0.0,14452.906586151741,14452.906586151741,14452.906586151741,14452.906586151741
1.5833333333333333,0.0,0.0,0.3,0.0,0.0,0.3008147026156445,0.0,0.0,0.0,1.0,0.0,0.0,0.00663277583310179,0.0,0.0,0.0,14453.811219756593,14453.811219756593,14453.811219756593,14453.811219756593
1.6041666666666667,0.0,0.0,0.3,0.0,0.0,0.30094796292727205,0.0,0.0,0.0,1.0,0.0,0.0,0.006239018695927257,0.0,0.0,0.0,14454.66311778449,14454.66311778449,14454.66311778449,14454.66311778449
1.625,0.0,0.0,0.3,0.0,0.0,0.3010733068061658,0.0,0.0,0.0,1.0,0.0,0.0,0.005868206221000585,0.0,0.0,0.0,14455.4653561638,14455.4653561638,14455.4653561638,14455.4653561638
1.6458333333333333,0.0,0.0,0.3,0.0,0.0,0.3011911955574237,0.0,0.0,0.0,1.0,0.0,0.0,0.0055190018682911585,0.0,0.0,0.0,14456.2208312181,14456.2208312181,14456.2208312181,14456.2208312181
1.6666666666666667,0.0,0.0,0.3,0.0,0.0,0.3013020636146918,0.0,0.0,0.0,1.0,0.0,0.0,0.0051901469388449094,0.0,0.0,0.0,14456.93227017538,14456.93227017538,14456.93227017538,14456.93227017538
1.6875,0.0,0.0,0.3,0.0,0.0,0.3014063201051951,0.0,0.0,0.0,1.0,0.0,0.0,0.00488045604271785,0.0,0.0,0.0,14457.602241059834,14457.602241059834,14457.602241059834,14457.602241059834
1.7083333333333333,0.0,0.0,0.3,0.0,0.0,0.30150435032364675,0.0,0.0,0.0,1.0,0.0,0.0,0.004588812830610684,0.0,0.0,0.0,14458.233162002754,14458.233162002754,14458.233162002754,14458.233162002754
1.7291666666666667,0.0,0.0,0.3,0.0,0.0,0.30159651712033864,0.0,0.0,0.0,1.0,0.0,0.0,0.004314165973880781,0.0,0.0,0.0,14458.827310006971,14458.827310006971,14458.827310006971,14458.827310006971
1.75,0.0,0.0,0.3,0.0,0.0,0.30168316220840685,0.0,0.0,0.0,1.0,0.0,0.0,0.00405552537849397,0.0,0.0,0.0,14459.386829197061,14459.386829197061,14459.386829197061,14459.386829197061
1.7708333333333333,0.0,0.0,0.3,0.0,0.0,0.30176460739497535,0.0,0.0,0.0,1.0,0.0,0.0,0.003811958619316397,0.0,0.0,0.0,14459.913738585696,14459.913738585696,14459.913738585696,14459.913738585696
1.7916666666666667,0.0,0.0,0.3,0.0,0.0,0.3018411557406091,0.0,0.0,0.0,1.0,0.0,0.0,0.0035825875819373736,0.0,0.0,0.0,14460.40993938474,14460.40993938474,14460.40993938474,14460.40993938474
1.8125,0.0,0.0,0.3,0.0,0.0,0.3019130926512484,0.0,0.0,0.0,1.0,0.0,0.0,0.003366585299955228,0.0,0.0,0.0,14460.877221887888,14460.877221887888,14460.877221887888,14460.877221887888
1.8333333333333333,0.0,0.0,0.3,0.0,0.0,0.3019806869065553,0.0,0.0,0.0,1.0,0.0,0.0,0.003163172976359745,0.0,0.0,0.0,14461.317271950105,14461.317271950105,14461.317271950105,14461.317271950105
1.8541666666666667,0.0,0.0,0.3,0.0,0.0,0.3020441916283725,0.0,0.0,0.0,1.0,0.0,0.0,0.0029716171783036164,0.0,0.0,0.0,14461.731677087595,14461.731677087595,14461.731677087595,14461.731677087595
1.875,0.0,0.0,0.3,0.0,0.0,0.3021038451927825,0.0,0.0,0.0,1.0,0.0,0.0,0.002791227195178586,0.0,0.0,0.0,14462.12193222067,14462.12193222067,14462.12193222067,14462.12193222067
1.8958333333333333,0.0,0.0,0.3,0.0,0.0,0.30215987208904826,0.0,0.0,0.0,1.0,0.0,0.0,0.0026213525504966643,0.0,0.0,0.0,14462.489445080482,14462.489445080482,14462.489445080482,14462.489445080482
1.9166666666666667,0.0,0.0,0.3,0.0,0.0,0.3022124837285302,0.0,0.0,0.0,1.0,0.0,0.0,0.0024613806586283597,0.0,0.0,0.0,14462.835541299399,14462.835541299399,14462.835541299399,14462.835541299399
1.9375,0.0,0.0,0.3,0.0,0.0,0.3022618792064904,0.0,0.0,0.0,1.0,0.0,0.0,0.0023107346179693463,0.0,0.0,0.0,14463.161469203566,14463.161469203566,14463.161469203566,14463.161469203566
1.9583333333333333,0.0,0.0,0.3,0.0,0.0,0.3023082460195269,0.0,0.0,0.0,1.0,0.0,0.0,0.0021688711325988977,0.0,0.0,0.0,14463.468404325235,14463.468404325235,14463.468404325235,14463.468404325235
1.9791666666666667,0.0,0.0,0.3,0.0,0.0,0.302351760741223,0.0,0.0,0.0,1.0,0.0,0.0,0.0020352785549524887,0.0,0.0,0.0,14463.757453651207,14463.757453651207,14463.757453651207,14463.757453651207
2.0,0.0,0.0,0.7,0.0,0.0,0.3055643105407545,0.0,0.0,0.0,1.0,0.0,0.0,0.25561312149370874,0.0,0.0,0.0,21666.447500000002,21666.447500000002,21666.447500000002,21666.447500000002
2.0208333333333335,0.0,0.0,0.7,0.0,0.0,0.3140560541345474,0.0,0.0,0.0,1.0,0.0,0.0,0.5088825023001018,0.0,0.0,0.0,21666.447500000002,21666.447500000002,21666.447500000002,21666.447500000002
2.0416666666666665,0.0,0.0,0.7,0.0,0.0,0.3268961671925296,0.0,0.0,0.0,1.0,0.0,0.0,0.6879110480114888,0.0,0.0,0.0,19841.434122409843,19841.434122409843,19841.434122409843,19841.434122409843
2.0625,0.0,0.0,0.7,0.0,0.0,0.34244790891574917,0.0,0.0,0.0,1.0,0.0,0.0,0.78550535718543,0.0,0.0,0.0,17620.267696733623,17620.267696733623,17620.267696733623,17620.267696733623
2.0833333333333335,0.0,0.0,0.7,0.0,0.0,0.35937612754641074,0.0,0.0,0.0,1.0,0.0,0.0,0.8305741941594644,0.0,0.0,0.0,16024.470610650915,16024.470610650915,16024.470610650915,16024.470610650915
2.1041666666666665,0.0,0.0,0.7,0.0,0.0,0.37682427554034564,0.0,0.0,0.0,1.0,0.0,0.0,0.8421322799019152,0.0,0.0,0.0,14916.292514206914,14916.292514206914,14916.292514206914,14916.292514206914
2.125,0.0,0.0,0.7,0.0,0.0,0.3942501985736302,0.0,0.0,0.0,1.0,0.0,0.0,0.8326551419418726,0.0,0.0,0.0,14175.161085384585,14175.161085384585,14175.161085384585,14175.161085384585
2.1458333333333335,0.0,0.0,0.7,0.0,0.0,0.41131772258904353,0.0,0.0,0.0,1.0,0.0,0.0,0.8103050691789678,0.0,0.0,0.0,13700.47863075855,13700.47863075855,13700.47863075855,13700.47863075855
2.1666666666666665,0.0,0.0,0.7,0.0,0.0,0.42782519971477745,0.0,0.0,0.0,1.0,0.0,0.0,0.7804034196974117,0.0,0.0,0.0,13412.81266412816,13412.81266412816,13412.81266412816,13412.81266412816
2.1875,0.0,0.0,0.7,0.0,0.0,0.4436584731963359,0.0,0.0,0.0,1.0,0.0,0.0,0.7464025057026242,0.0,0.0,0.0,13252.599243925575,13252.599243925575,13252.599243925575,13252.599243925575
2.2083333333333335,0.0,0.0,0.7,0.0,0.0,0.45875852077007134,0.0,0.0,0.0,1.0,0.0,0.0,0.7104119908678665,0.0,0.0,0.0,13172.590202275296,13172.590202275296,13172.590202275296,13172.590202275296
2.2291666666666665,0.0,0.0,0.7,0.0,0.0,0.47310119807851503,0.0,0.0,0.0,1.0,0.0,0.0,0.6738159172437801,0.0,0.0,0.0,13146.143415907645,13146.143415907645,13146.143415907645,13146.143415907645
2.25,0.0,0.0,0.7,0.0,0.0,0.48668592202093497,0.0,0.0,0.0,1.0,0.0,0.0,0.6375766418695312,0.0,0.0,0.0,13157.262751692004,13157.262751692004,13157.262751692004,13157.262751692004
2.2708333333333335,0.0,0.0,0.7,0.0,0.0,0.49952750354498887,0.0,0.0,0.0,1.0,0.0,0.0,0.6022842399800582,0.0,0.0,0.0,13191.4540247554,13191.4540247554,13191.4540247554,13191.4540247554
2.2916666666666665,0.0,0.0,0.7,0.0,0.0,0.5116500117932425,0.0,0.0,0.0,1.0,0.0,0.0,0.5682860598478131,0.0,0.0,0.0,13239.173406341357,13239.173406341357,13239.173406341357,13239.173406341357
2.3125,0.0,0.0,0.7,0.0,0.0,0.52308278257058,0.0,0.0,0.0,1.0,0.0,0.0,0.5357719150552728,0.0,0.0,0.0,13294.213768654889,13294.213768654889,13294.213768654889,13294.213768654889
2.3333333333333335,0.0,0.0,0.7,0.0,0.0,0.5338578364037883,0.0,0.0,0.0,1.0,0.0,0.0,0.5048300679596683,0.0,0.0,0.0,13352.587226753196,13352.587226753196,13352.587226753196,13352.587226753196
2.3541666666666665,0.0,0.0,0.7,0.0,0.0,0.5440082224677412,0.0,0.0,0.0,1.0,0.0,0.0,0.47548398382741813,0.0,0.0,0.0,13411.768357344547,13411.768357344547,13411.768357344547,13411.768357344547
2.375,0.0,0.0,0.7,0.0,0.0,0.5535669699381829,0.0,0.0,0.0,1.0,0.0,0.0,0.4477164267756699,0.0,0.0,0.0,13470.188897165765,13470.188897165765,13470.188897165765,13470.188897165765
2.3958333333333335,0.0,0.0,0.7,0.0,0.0,0.5625664371638931,0.0,0.0,0.0,1.0,0.0,0.0,0.42148522426850654,0.0,0.0,0.0,13526.903402338601,13526.903402338601,13526.903402338601,13526.903402338601
2.4166666666666665,0.0,0.0,0.7,0.0,0.0,0.5710379207125573,0.0,0.0,0.0,1.0,0.0,0.0,0.3967335491831538,0.0,0.0,0.0,13581.369330386191,13581.369330386191,13581.369330386191,13581.369330386191
2.4375,0.0,0.0,0.7,0.0,0.0,0.579011433532589,0.0,0.0,0.0,1.0,0.0,0.0,0.3733965955233338,0.0,0.0,0.0,13633.302966511168,13633.302966511168,13633.302966511168,13633.302966511168
2.4583333333333335,0.0,0.0,0.7,0.0,0.0,0.5865155925472719,0.0,0.0,0.0,1.0,0.0,0.0,0.3514058832412889,0.0,0.0,0.0,13682.5853214224,13682.5853214224,13682.5853214224,13682.5853214224
2.4791666666666665,0.0,0.0,0.7,0.0,0.0,0.5935775764613339,0.0,0.0,0.0,1.0,0.0,0.0,0.33069200578743735,0.0,0.0,0.0,13729.200830897447,13729.200830897447,13729.200830897447,13729.200830897447
2.5,0.0,0.0,0.7,0.0,0.0,0.6002231280365197,0.0,0.0,0.0,1.0,0.0,0.0,0.3111863561933483,0.0,0.0,0.0,13773.19753563809,13773.19753563809,13773.19753563809,13773.19753563809
2.5208333333333335,0.0,0.0,0.7,0.0,0.0,0.6064765839672611,0.0,0.0,0.0,1.0,0.0,0.0,0.29282218451171355,0.0,0.0,0.0,13814.661305150035,13814.661305150035,13814.661305150035,13814.661305150035
2.5416666666666665,0.0,0.0,0.7,0.0,0.0,0.6123609213308292,0.0,0.0,0.0,1.0,0.0,0.0,0.2755352189015327,0.0,0.0,0.0,13853.699232511673,13853.699232511673,13853.699232511673,13853.699232511673
2.5625,0.0,0.0,0.7,0.0,0.0,0.6178978134327627,0.0,0.0,0.0,1.0,0.0,0.0,0.25926400323830145,0.0,0.0,0.0,13890.42901086115,13890.42901086115,13890.42901086115,13890.42901086115
2.5833333333333335,0.0,0.0,0.7,0.0,0.0,0.6231076903991785,0.0,0.0,0.0,1.0,0.0,0.0,0.24395005181066456,0.0,0.0,0.0,13924.972206125698,13924.972206125698,13924.972206125698,13924.972206125698
2.6041666666666665,0.0,0.0,0.7,0.0,0.0,0.6280098015315786,0.0,0.0,0.0,1.0,0.0,0.0,0.22953788719338686,0.0,0.0,0.0,13957.450062932414,13957.450062932414,13957.450062932414,13957.450062932414
2.625,0.0,0.0,0.7,0.0,0.0,0.6326222775326508,0.0,0.0,0.0,1.0,0.0,0.0,0.215975004673796,0.0,0.0,0.0,13987.98095316936,13987.98095316936,13987.98095316936,13987.98095316936
2.6458333333333335,0.0,0.0,0.7,0.0,0.0,0.6369621914281511,0.0,0.0,0.0,1.0,0.0,0.0,0.20321179164496816,0.0,0.0,0.0,14016.6788856567,14016.6788856567,14016.6788856567,14016.6788856567
2.6666666666666665,0.0,0.0,0.7,0.0,0.0,0.6410456174786604,0.0,0.0,0.0,1.0,0.0,0.0,0.19120142052189038,0.0,0.0,0.0,14043.652697418205,14043.652697418205,14043.652697418205,14043.652697418205
2.6875,0.0,0.0,0.7,0.0,0.0,0.644887687680434,0.0,0.0,0.0,1.0,0.0,0.0,0.17989972724584105,0.0,0.0,0.0,14069.005679138365,14069.005679138365,14069.005679138365,14069.005679138365
2.7083333333333335,0.0,0.0,0.7,0.0,0.0,0.6485026456525139,0.0,0.0,0.0,1.0,0.0,0.0,0.16926508317002864,0.0,0.0,0.0,14092.835473753967,14092.835473753967,14092.835473753967,14092.835473753967
2.7291666666666665,0.0,0.0,0.7,0.0,0.0,0.6519038978345005,0.0,0.0,0.0,1.0,0.0,0.0,0.15925826530998274,0.0,0.0,0.0,14115.234143586775,14115.234143586775,14115.234143586775,14115.234143586775
2.75,0.0,0.0,0.7,0.0,0.0,0.6551040620001324,0.0,0.0,0.0,1.0,0.0,0.0,0.14984232809682696,0.0,0.0,0.0,14136.288338318675,14136.288338318675,14136.288338318675,14136.288338318675
2.7708333333333335,0.0,0.0,0.7,0.0,0.0,0.6581150131420794,0.0,0.0,0.0,1.0,0.0,0.0,0.14098247856177992,0.0,0.0,0.0,14156.079520208034,14156.079520208034,14156.079520208034,14156.079520208034
2.7916666666666665,0.0,0.0,0.7,0.0,0.0,0.6609479268136396,0.0,0.0,0.0,1.0,0.0,0.0,0.1326459560893344,0.0,0.0,0.0,14174.68421866886,14174.68421866886,14174.68421866886,14174.68421866886
2.8125,0.0,0.0,0.7,0.0,0.0,0.6636133200302899,0.0,0.0,0.0,1.0,0.0,0.0,0.12480191736168826,0.0,0.0,0.0,14192.174296578542,14192.174296578542,14192.174296578542,14192.174296578542
2.8333333333333335,0.0,0.0,0.7,0.0,0.0,0.6661210898428537,0.0,0.0,0.0,1.0,0.0,0.0,0.11742132678390833,0.0,0.0,0.0,14208.61721733932,14208.61721733932,14208.61721733932,14208.61721733932
2.8541666666666665,0.0,0.0,0.7,0.0,0.0,0.6684805496974034,0.0,0.0,0.0,1.0,0.0,0.0,0.11047685246585617,0.0,0.0,0.0,14224.076306033807,14224.076306033807,14224.076306033807,14224.076306033807
2.875,0.0,0.0,0.7,0.0,0.0,0.6707004636969255,0.0,0.0,0.0,1.0,0.0,0.0,0.10394276770211483,0.0,0.0,0.0,14238.611000798326,14238.611000798326,14238.611000798326,14238.611000798326
2.8958333333333335,0.0,0.0,0.7,0.0,0.0,0.672789078877501,0.0,0.0,0.0,1.0,0.0,0.0,0.09779485780798117,0.0,0.0,0.0,14252.277092320586,14252.277092320586,14252.277092320586,14252.277092320586
2.9166666666666665,0.0,0.0,0.7,0.0,0.0,0.6747541556081953,0.0,0.0,0.0,1.0,0.0,0.0,0.09201033212022387,0.0,0.0,0.0,14265.126950499642,14265.126950499642,14265.126950499642,14265.126950499642
2.9375,0.0,0.0,0.7,0.0,0.0,0.6766029962195104,0.0,0.0,0.0,1.0,0.0,0.0,0.08656774094396726,0.0,0.0,0.0,14277.209738012509,14277.209738012509,14277.209738012509,14277.209738012509
2.9583333333333335,0.0,0.0,0.7,0.0,0.0,0.6783424719605455,0.0,0.0,0.0,1.0,0.0,0.0,0.08144689721403732,0.0,0.0,0.0,14288.571610964758,14288.571610964758,14288.571610964758,14288.571610964758
2.9791666666666665,0.0,0.0,0.7,0.0,0.0,0.6799790483801348,0.0,0.0,0.0,1.0,0.0,0.0,0.0766288026352537,0.0,0.0,0.0,14299.255907056493,14299.255907056493,14299.255907056493,14299.255907056493
3.0,0.0,0.0,0.7,0.0,0.0,0.6815188092223469,0.0,0.0,0.0,1.0,0.0,0.0,0.07209557806814437,0.0,0.0,0.0,14309.303321836906,14309.303321836906,14309.303321836906,14309.303321836906
3.0208333333333335,0.0,0.0,0.7,0.0,0.0,0.6829674789219443,0.0,0.0,0.0,1.0,0.0,0.0,0.06783039793216541,0.0,0.0,0.0,14318.752073689247,14318.752073689247,14318.752073689247,14318.752073689247
3.0416666666666665,0.0,0.0,0.7,0.0,0.0,0.6843304437807413,0.0,0.0,0.0,1.0,0.0,0.0,0.06381742840628762,0.0,0.0,0.0,14327.638058212025,14327.638058212025,14327.638058212025,14327.638058212025
3.0625,0.0,0.0,0.7,0.0,0.0,0.6856127719013295,0.0,0.0,0.0,1.0,0.0,0.0,0.060041769215823444,0.0,0.0,0.0,14335.994992658616,14335.994992658616,14335.994992658616,14335.994992658616
3.0833333333333335,0.0,0.0,0.7,0.0,0.0,0.6868192319503666,0.0,0.0,0.0,1.0,0.0,0.0,0.05648939880398089,0.0,0.0,0.0,14343.85455107718,14343.85455107718,14343.85455107718,14343.85455107718
3.1041666666666665,0.0,0.0,0.7,0.0,0.0,0.6879543108195392,0.0,0.0,0.0,1.0,0.0,0.0,0.053147122696455516,0.0,0.0,0.0,14351.246490763377,14351.246490763377,14351.246490763377,14351.246490763377
3.125,0.0,0.0,0.7,0.0,0.0,0.6890222302484496,0.0,0.0,0.0,1.0,0.0,0.0,0.050002524877155494,0.0,0.0,0.0,14358.19877060466,14358.19877060466,14358.19877060466,14358.19877060466
3.1458333333333335,0.0,0.0,0.7,0.0,0.0,0.6900269624699998,0.0,0.0,0.0,1.0,0.0,0.0,0.04704392200273026,0.0,0.0,0.0,14364.737661859159,14364.737661859159,14364.737661859159,14364.737661859159
3.1666666666666665,0.0,0.0,0.7,0.0,0.0,0.6909722449353753,0.0,0.0,0.0,1.0,0.0,0.0,0.04426032029284898,0.0,0.0,0.0,14370.8878518766,14370.8878518766,14370.8878518766,14370.8878518766
3.1875,0.0,0.0,0.7,0.0,0.0,0.6918615941724451,0.0,0.0,0.0,1.0,0.0,0.0,0.04164137494209326,0.0,0.0,0.0,14376.672541234177,14376.672541234177,14376.672541234177,14376.672541234177
3.2083333333333335,0.0,0.0,0.7,0.0,0.0,0.6926983188282888,0.0,0.0,0.0,1.0,0.0,0.0,0.03917735190785677,0.0,0.0,0.0,14382.113534727388,14382.113534727388,14382.113534727388,14382.113534727388
3.2291666666666665,0.0,0.0,0.7,0.0,0.0,0.693485531943633,0.0,0.0,0.0,1.0,0.0,0.0,0.036859091936775425,0.0,0.0,0.0,14387.231326624846,14387.231326624846,14387.231326624846,14387.231326624846
3.25,0.0,0.0,0.7,0.0,0.0,0.6942261625042089,0.0,0.0,0.0,1.0,0.0,0.0,0.03467797669994104,0.0,0.0,0.0,14392.045180567166,14392.045180567166,14392.045180567166,14392.045180567166
3.2708333333333335,0.0,0.0,0.7,0.0,0.0,0.694922966311432,0.0,0.0,0.0,1.0,0.0,0.0,0.03262589691448205,0.0,0.0,0.0,14396.573204463006,14396.573204463006,14396.573204463006,14396.573204463006
3.2916666666666665,0.0,0.0,0.7,0.0,0.0,0.6955785362123449,0.0,0.0,0.0,1.0,0.0,0.0,0.03069522233605188,0.0,0.0,0.0,14400.832420710616,14400.832420710616,14400.832420710616,14400.832420710616
3.3125,0.0,0.0,0.7,0.0,0.0,0.696195311726435,0.0,0.0,0.0,1.0,0.0,0.0,0.028878773513335395,0.0,0.0,0.0,14404.838832049743,14404.838832049743,14404.838832049743,14404.838832049743
3.3333333333333335,0.0,0.0,0.7,0.0,0.0,0.6967755881047552,0.0,0.0,0.0,1.0,0.0,0.0,0.02716979520191872,0.0,0.0,0.0,14408.607483327953,14408.607483327953,14408.607483327953,14408.607483327953
3.3541666666666665,0.0,0.0,0.7,0.0,0.0,0.6973215248547046,0.0,0.0,0.0,1.0,0.0,0.0,0.025561931340741664,0.0,0.0,0.0,14412.152519445084,14412.152519445084,14412.152519445084,14412.152519445084
3.375,0.0,0.0,0.7,0.0,0.0,0.6978351537618841,0.0,0.0,0.0,1.0,0.0,0.0,0.024049201499918012,0.0,0.0,0.0,14415.48723972182,14415.48723972182,14415.48723972182,14415.48723972182
3.3958333333333335,0.0,0.0,0.7,0.0,0.0,0.698318386438604,0.0,0.0,0.0,1.0,0.0,0.0,0.022625978713956458,0.0,0.0,0.0,14418.624148921168,14418.624148921168,14418.624148921168,14418.624148921168
3.4166666666666665,0.0,0.0,0.7,0.0,0.0,0.6987730214268931,0.0,0.0,0.0,1.0,0.0,0.0,0.02128696861937549,0.0,0.0,0.0,14421.575005136267,14421.575005136267,14421.575005136267,14421.575005136267
3.4375,0.0,0.0,0.7,0.0,0.0,0.6992007508822309,0.0,0.0,0.0,1.0,0.0,0.0,0.020027189820383363,0.0,0.0,0.0,14424.35086474332,14424.35086474332,14424.35086474332,14424.35086474332
3.4583333333333335,0.0,0.0,0.7,0.0,0.0,0.6996031668626862,0.0,0.0,0.0,1.0,0.0,0.0,0.01884195541071117,0.0,0.0,0.0,14426.962124605234,14426.962124605234,14426.962124605234,14426.962124605234
3.4791666666666665,0.0,0.0,0.7,0.0,0.0,0.699981767246704,0.0,0.0,0.0,1.0,0.0,0.0,0.017726855583856407,0.0,0.0,0.0,14429.418561699142,14429.418561699142,14429.418561699142,14429.418561699142
3.5,0.0,0.0,0.7,0.0,0.0,0.7003379613014153,0.0,0.0,0.0,1.0,0.0,0.0,0.016677741267921084,0.0,0.0,0.0,14431.729370329358,14431.729370329358,14431.729370329358,14431.729370329358
3.5208333333333335,0.0,0.0,0.7,0.0,0.0,0.700673071527368,0.0,0.0,0.0,1.0,0.0,0.0,0.015690437180247138,0.0,0.0,0.0,14433.893549127271,14433.893549127271,14433.893549127271,14433.893549127271
3.5416666666666665,0.0,0.0,0.7,0.0,0.0,0.7009883377076755,0.0,0.0,0.0,1.0,0.0,0.0,0.014761109402440567,0.0,0.0,0.0,14435.923151915093,14435.923151915093,14435.923151915093,14435.923151915093
3.5625,0.0,0.0,0.7,0.0,0.0,0.7012849235374071,0.0,0.0,0.0,1.0,0.0,0.0,0.013886226796439307,0.0,0.0,0.0,14437.828863221002,14437.828863221002,14437.828863221002,14437.828863221002
3.5833333333333335,0.0,0.0,0.7,0.0,0.0,0.7015639223733837,0.0,0.0,0.0,1.0,0.0,0.0,0.0130625163601035,0.0,0.0,0.0,14439.619783566206,14439.619783566206,14439.619783566206,14439.619783566206
3.6041666666666665,0.0,0.0,0.7,0.0,0.0,0.701826362201076,0.0,0.0,0.0,1.0,0.0,0.0,0.012286930356977513,0.0,0.0,0.0,14441.303847843992,14441.303847843992,14441.303847843992,14441.303847843992
3.625,0.0,0.0,0.7,0.0,0.0,0.7020732100163848,0.0,0.0,0.0,1.0,0.0,0.0,0.011556621419224776,0.0,0.0,0.0,14442.888108608338,14442.888108608338,14442.888108608338,14442.888108608338
3.6458333333333335,0.0,0.0,0.7,0.0,0.0,0.7023053757568812,0.0,0.0,0.0,1.0,0.0,0.0,0.010868923101883796,0.0,0.0,0.0,14444.378929748997,14444.378929748997,14444.378929748997,14444.378929748997
3.6666666666666665,0.0,0.0,0.7,0.0,0.0,0.702523715875122,0.0,0.0,0.0,1.0,0.0,0.0,0.010221334212089194,0.0,0.0,0.0,14445.782120604032,14445.782120604032,14445.782120604032,14445.782120604032
3.6875,0.0,0.0,0.7,0.0,0.0,0.7027290366187133,0.0,0.0,0.0,1.0,0.0,0.0,0.009611505795941007,0.0,0.0,0.0,14447.103030374685,14447.103030374685,14447.103030374685,14447.103030374685
3.7083333333333335,0.0,0.0,0.7,0.0,0.0,0.7029220970631502,0.0,0.0,0.0,1.0,0.0,0.0,0.009037230035524457,0.0,0.0,0.0,14448.34661598122,14448.34661598122,14448.34661598122,14448.34661598122
3.7291666666666665,0.0,0.0,0.7,0.0,0.0,0.7031036119309374,0.0,0.0,0.0,1.0,0.0,0.0,0.008496430553382938,0.0,0.0,0.0,14449.517492055631,14449.517492055631,14449.517492055631,14449.517492055631
3.75,0.0,0.0,0.7,0.0,0.0,0.7032742542220607,0.0,0.0,0.0,1.0,0.0,0.0,0.007987153783960962,0.0,0.0,0.0,14450.61996883299,14450.61996883299,14450.61996883299,14450.61996883299
3.7708333333333335,0.0,0.0,0.7,0.0,0.0,0.7034346576751234,0.0,0.0,0.0,1.0,0.0,0.0,0.00750756117915427,0.0,0.0,0.0,14451.65808176401,14451.65808176401,14451.65808176401,14451.65808176401
3.7916666666666665,0.0,0.0,0.7,0.0,0.0,0.7035854190745106,0.0,0.0,0.0,1.0,0.0,0.0,0.007055922086655567,0.0,0.0,0.0,14452.635615390453,14452.635615390453,14452.635615390453,14452.635615390453
3.8125,0.0,0.0,0.7,0.0,0.0,0.7037271004161753,0.0,0.0,0.0,1.0,0.0,0.0,0.006630607187467556,0.0,0.0,0.0,14453.556123177463,14453.556123177463,14453.556123177463,14453.556123177463
3.8333333333333335,0.0,0.0,0.7,0.0,0.0,0.703860230942676,0.0,0.0,0.0,1.0,0.0,0.0,0.0062300824108717,0.0,0.0,0.0,14454.422944437058,14454.422944437058,14454.422944437058,14454.422944437058
3.8541666666666665,0.0,0.0,0.7,0.0,0.0,0.7039853090566586,0.0,0.0,0.0,1.0,0.0,0.0,0.005852903266596108,0.0,0.0,0.0,14455.239219105588,14455.239219105588,14455.239219105588,14455.239219105588
3.875,0.0,0.0,0.7,0.0,0.0,0.7041028041209014,0.0,0.0,0.0,1.0,0.0,0.0,0.005497709548468007,0.0,0.0,0.0,14456.00790089247,14456.00790089247,14456.00790089247,14456.00790089247
3.8958333333333335,0.0,0.0,0.7,0.0,0.0,0.7042131581522193,0.0,0.0,0.0,1.0,0.0,0.0,0.005163220373783666,0.0,0.0,0.0,14456.731769154336,14456.731769154336,14456.731769154336,14456.731769154336
3.9166666666666665,0.0,0.0,0.7,0.0,0.0,0.7043167874158545,0.0,0.0,0.0,1.0,0.0,0.0,0.004848229529515983,0.0,0.0,0.0,14457.413439740023,14457.413439740023,14457.413439740023,14457.413439740023
3.9375,0.0,0.0,0.7,0.0,0.0,0.7044140839264514,0.0,0.0,0.0,1.0,0.0,0.0,0.004551601101344918,0.0,0.0,0.0,14458.055374979955,14458.055374979955,14458.055374979955,14458.055374979955
3.9583333333333335,0.0,0.0,0.7,0.0,0.0,0.7045054168612472,0.0,0.0,0.0,1.0,0.0,0.0,0.004272265364980687,0.0,0.0,0.0,14458.6598929444,14458.6598929444,14458.6598929444,14458.6598929444
3.9791666666666665,0.0,0.0,0.7,0.0,0.0,0.7045911338907214,0.0,0.0,0.0,1.0,0.0,0.0,0.004009214921840393,0.0,0.0,0.0,14459.229176063214,14459.229176063214,14459.229176063214,14459.229176063214
4.0,0.0,0.0,0.7,0.0,0.0,0.704671562431592,0.0,0.0,0.0,1.0,0.0,0.0,0.003761501063083495,0.0,0.0,0.0,14459.76527917675,14459.76527917675,14459.76527917675,14459.76527917675
4.020833333333333,0.0,0.0,0.7,0.0,0.0,0.7047470108267374,0.0,0.0,0.0,1.0,0.0,0.0,0.0035282303475570012,0.0,0.0,0.0,14460.270137073243,14460.270137073243,14460.270137073243,14460.270137073243
4.041666666666667,0.0,0.0,0.7,0.0,0.0,0.704817769456335,0.0,0.0,0.0,1.0,0.0,0.0,0.0033085613804322684,0.0,0.0,0.0,14460.745571556894,14460.745571556894,14460.745571556894,14460.745571556894
4.0625,0.0,0.0,0.7,0.0,0.0,0.7048841117842434,0.0,0.0,0.0,1.0,0.0,0.0,0.003101701780348248,0.0,0.0,0.0,14461.193298083628,14461.193298083628,14461.193298083628,14461.193298083628
4.083333333333333,0.0,0.0,0.7,0.0,0.0,0.704946295343417,0.0,0.0,0.0,1.0,0.0,0.0,0.0029069053237611507,0.0,0.0,0.0,14461.614931996304,14461.614931996304,14461.614931996304,14461.614931996304
4.104166666666667,0.0,0.0,0.7,0.0,0.0,0.7050045626639103,0.0,0.0,0.0,1.0,0.0,0.0,0.00272346925596599,0.0,0.0,0.0,14462.011994386798,14462.011994386798,14462.011994386798,14462.011994386798
4.125,0.0,0.0,0.7,0.0,0.0,0.7050591421468232,0.0,0.0,0.0,1.0,0.0,0.0,0.0025507317589505757,0.0,0.0,0.0,14462.38591760986,14462.38591760986,14462.38591760986,14462.38591760986
4.145833333333333,0.0,0.0,0.7,0.0,0.0,0.7051102488873384,0.0,0.0,0.0,1.0,0.0,0.0,0.002388069566856403,0.0,0.0,0.0,14462.738050470722,14462.738050470722,14462.738050470722,14462.738050470722
4.166666666666667,0.0,0.0,0.7,0.0,0.0,0.705158085449818,0.0,0.0,0.0,1.0,0.0,0.0,0.0022348957203978726,0.0,0.0,0.0,14463.069663107039,14463.069663107039,14463.069663107039,14463.069663107039
4.1875,0.0,0.0,0.7,0.0,0.0,0.7052028425977527,0.0,0.0,0.0,1.0,0.0,0.0,0.002090657452109203,0.0,0.0,0.0,14463.38195158371,14463.38195158371,14463.38195158371,14463.38195158371
4.208333333333333,0.0,0.0,0.7,0.0,0.0,0.7052446999811941,0.0,0.0,0.0,1.0,0.0,0.0,0.0019548341947798675,0.0,0.0,0.0,14463.676042218063,14463.676042218063,14463.676042218063,14463.676042218063
4.229166666666667,0.0,0.0,0.7,0.0,0.0,0.7052838267841461,0.0,0.0,0.0,1.0,0.0,0.0,0.001826935705890318,0.0,0.0,0.0,14463.952995651507,14463.952995651507,14463.952995651507,14463.952995651507
4.25,0.0,0.0,0.7,0.0,0.0,0.7053203823342474,0.0,0.0,0.0,1.0,0.0,0.0,0.0017065003012847102,0.0,0.0,0.0,14464.21381068273,14464.21381068273,14464.21381068273,14464.21381068273
4.270833333333333,0.0,0.0,0.7,0.0,0.0,0.7053545166769415,0.0,0.0,0.0,1.0,0.0,0.0,0.001593093191716068,0.0,0.0,0.0,14464.459427876653,14464.459427876653,14464.459427876653,14464.459427876653
4.291666666666667,0.0,0.0,0.7,0.0,0.0,0.7053863711162031,0.0,0.0,0.0,1.0,0.0,0.0,0.0014863049162701428,0.0,0.0,0.0,14464.690732962299,14464.690732962299,14464.690732962299,14464.690732962299
4.3125,0.0,0.0,0.7,0.0,0.0,0.7054160787237678,0.0,0.0,0.0,1.0,0.0,0.0,0.0013857498670243357,0.0,0.0,0.0,14464.908560032007,14464.908560032007,14464.908560032007,14464.908560032007
4.333333333333333,0.0,0.0,0.7,0.0,0.0,0.7054437648186993,0.0,0.0,0.0,1.0,0.0,0.0,0.0012910648996305926,0.0,0.0,0.0,14465.113694553733,14465.113694553733,14465.113694553733,14465.113694553733
4.354166666666667,0.0,0.0,0.7,0.0,0.0,0.7054695474190229,0.0,0.0,0.0,1.0,0.0,0.0,0.001201908024817898,0.0,0.0,0.0,14465.306876207396,14465.306876207396,14465.306876207396,14465.306876207396
4.375,0.0,0.0,0.7,0.0,0.0,0.7054935376670505,0.0,0.0,0.0,1.0,0.0,0.0,0.0011179571761014578,0.0,0.0,0.0,14465.488801555486,14465.488801555486,14465.488801555486,14465.488801555486
4.395833333333333,0.0,0.0,0.7,0.0,0.0,0.7055158402299304,0.0,0.0,0.0,1.0,0.0,0.0,0.001038909049262704,0.0,0.0,0.0,14465.660126557785,14465.660126557785,14465.660126557785,14465.660126557785
4.416666666666667,0.0,0.0,0.7,0.0,0.0,0.7055365536768651,0.0,0.0,0.0,1.0,0.0,0.0,0.0009644780094206028,0.0,0.0,0.0,14465.821468939259,14465.821468939259,14465.821468939259,14465.821468939259
4.4375,0.0,0.0,0.7,0.0,0.0,0.7055557708343543,0.0,0.0,0.0,1.0,0.0,0.0,0.0008943950617586523,0.0,0.0,0.0,14465.973410419723,14465.973410419723,14465.973410419723,14465.973410419723
4.458333333333333,0.0,0.0,0.7,0.0,0.0,0.7055735791207463,0.0,0.0,0.0,1.0,0.0,0.0,0.0008284068822002023,0.0,0.0,0.0,14466.116498813324,14466.116498813324,14466.116498813324,14466.116498813324
4.479166666666667,0.0,0.0,0.7,0.0,0.0,0.7055900608612977,0.0,0.0,0.0,1.0,0.0,0.0,0.0007662749045426744,0.0,0.0,0.0,14466.25125000556,14466.25125000556,14466.25125000556,14466.25125000556
4.5,0.0,0.0,0.7,0.0,0.0,0.7056052935848837,0.0,0.0,0.0,1.0,0.0,0.0,0.0007077744607625317,0.0,0.0,0.0,14466.378149814907,14466.378149814907,14466.378149814907,14466.378149814907
4.520833333333333,0.0,0.0,0.7,0.0,0.0,0.7056193503034205,0.0,0.0,0.0,1.0,0.0,0.0,0.0006526939713934173,0.0,0.0,0.0,14466.497655745774,14466.497655745774,14466.497655745774,14466.497655745774
4.541666666666667,0.0,0.0,0.7,0.0,0.0,0.7056322997750126,0.0,0.0,0.0,1.0,0.0,0.0,0.0006008341830635727,0.0,0.0,0.0,14466.610198639268,14466.610198639268,14466.610198639268,14466.610198639268
4.5625,0.0,0.0,0.7,0.0,0.0,0.7056442067517692,0.0,0.0,0.0,1.0,0.0,0.0,0.0005520074504453697,0.0,0.0,0.0,14466.7161842276,14466.7161842276,14466.7161842276,14466.7161842276
4.583333333333333,0.0,0.0,0.7,0.0,0.0,0.7056551322131854,0.0,0.0,0.0,1.0,0.0,0.0,0.0005060370600296835,0.0,0.0,0.0,14466.815994597826,14466.815994597826,14466.815994597826,14466.815994597826
4.604166666666667,0.0,0.0,0.7,0.0,0.0,0.7056651335859262,0.0,0.0,0.0,1.0,0.0,0.0,0.0004627565932902419,0.0,0.0,0.0,14466.909989570213,14466.909989570213,14466.909989570213,14466.909989570213
4.625,0.0,0.0,0.7,0.0,0.0,0.7056742649508084,0.0,0.0,0.0,1.0,0.0,0.0,0.00042200932694478536,0.0,0.0,0.0,14466.998507996239,14466.998507996239,14466.998507996239,14466.998507996239
4.645833333333333,0.0,0.0,0.7,0.0,0.0,0.7056825772377235,0.0,0.0,0.0,1.0,0.0,0.0,0.00038364766814937435,0.0,0.0,0.0,14467.081868980804,14467.081868980804,14467.081868980804,14467.081868980804
4.666666666666667,0.0,0.0,0.7,0.0,0.0,0.7056901184092063,0.0,0.0,0.0,1.0,0.0,0.0,0.0003475326225961203,0.0,0.0,0.0,14467.160373033323,14467.160373033323,14467.160373033323,14467.160373033323
4.6875,0.0,0.0,0.7,0.0,0.0,0.7056969336333078,0.0,0.0,0.0,1.0,0.0,0.0,0.0003135332935925197,0.0,0.0,0.0,14467.234303151494,14467.234303151494,14467.234303151494,14467.234303151494
4.708333333333333,0.0,0.0,0.7,0.0,0.0,0.7057030654463989,0.0,0.0,0.0,1.0,0.0,0.0,0.00028152641032221727,0.0,0.0,0.0,14467.303925842032,14467.303925842032,14467.303925842032,14467.303925842032
4.729166666666667,0.0,0.0,0.7,0.0,0.0,0.7057085539064891,0.0,0.0,0.0,1.0,0.0,0.0,0.0002513958835856855,0.0,0.0,0.0,14467.369492081823,14467.369492081823,14467.369492081823,14467.369492081823
4.75,0.0,0.0,0.7,0.0,0.0,0.7057134367376126,0.0,0.0,0.0,1.0,0.0,0.0,0.0002230323874201613,0.0,0.0,0.0,14467.43123822302,14467.43123822302,14467.43123822302,14467.43123822302
4.770833333333333,0.0,0.0,0.7,0.0,0.0,0.7057177494658033,0.0,0.0,0.0,1.0,0.0,0.0,0.00019633296509181697,0.0,0.0,0.0,14467.489386845391,14467.489386845391,14467.489386845391,14467.489386845391
4.791666666666667,0.0,0.0,0.7,0.0,0.0,0.7057215255471495,0.0,0.0,0.0,1.0,0.0,0.0,0.00017120065804067882,0.0,0.0,0.0,14467.544147558998,14467.544147558998,14467.544147558998,14467.544147558998
4.8125,0.0,0.0,0.7,0.0,0.0,0.7057247964883856,0.0,0.0,0.0,1.0,0.0,0.0,0.0001475441564408342,0.0,0.0,0.0,14467.595717760014,14467.595717760014,14467.595717760014,14467.595717760014
4.833333333333333,0.0,0.0,0.7,0.0,0.0,0.705727591960462,0.0,0.0,0.0,1.0,0.0,0.0,0.00012527747011850099,0.0,0.0,0.0,14467.644283342586,14467.644283342586,14467.644283342586,14467.644283342586
4.854166666666667,0.0,0.0,0.7,0.0,0.0,0.7057299399054953,0.0,0.0,0.0,1.0,0.0,0.0,0.0001043196186381875,0.0,0.0,0.0,14467.690019369049,14467.690019369049,14467.690019369049,14467.690019369049
4.875,0.0,0.0,0.7,0.0,0.0,0.7057318666374899,0.0,0.0,0.0,1.0,0.0,0.0,8.459433944584155e-05,0.0,0.0,0.0,14467.733090701237,14467.733090701237,14467.733090701237,14467.733090701237
4.895833333333333,0.0,0.0,0.7,0.0,0.0,0.7057333969371911,0.0,0.0,0.0,1.0,0.0,0.0,6.602981301269681e-05,0.0,0.0,0.0,14467.773652594871,14467.773652594871,14467.773652594871,14467.773652594871
4.916666666666667,0.0,0.0,0.7,0.0,0.0,0.7057345541414121,0.0,0.0,0.0,1.0,0.0,0.0,4.8558403991987316e-05,0.0,0.0,0.0,14467.81185125938,14467.81185125938,14467.81185125938,14467.81185125938
4.9375,0.0,0.0,0.7,0.0,0.0,0.7057353602271569,0.0,0.0,0.0,1.0,0.0,0.0,3.2116417454019813e-05,0.0,0.0,0.0,14467.847824385015,14467.847824385015,14467.847824385015,14467.847824385015
4.958333333333333,0.0,0.0,0.7,0.0,0.0,0.705735835890843,0.0,0.0,0.0,1.0,0.0,0.0,1.6643869323508585e-05,0.0,0.0,0.0,14467.881701639337,14467.881701639337,14467.881701639337,14467.881701639337
4.979166666666667,0.0,0.0,0.7,0.0,0.0,0.7057360006229076,0.0,0.0,0.0,1.0,0.0,0.0,2.0842701886471124e-06,0.0,0.0,0.0,14467.91360513465,14467.91360513465,14467.91360513465,14467.91360513465
5.0,0.3,0.0,0.7,1.3932874219859134e-06,6.409785091177934e-22,0.7057381208241776,-9.411432810569974e-19,0.004090603697855927,-1.3563162410823004e-21,0.9999916334456939,0.00022291767067647317,9.889169092537752e-20,0.00016804394572165167,-6.453578305685143e-17,0.6543873609408809,-5.6145890773041395e-19,14038.343649868322,14897.543649868323,14897.543649868323,14038.343649868322
5.020833333333333,0.3,0.0,0.7,3.0723682417946144e-05,7.93620350533012e-21,0.7057521001139202,-2.0166478356165357e-18,0.014997196363568945,-8.733605723218294e-21,0.9998875357265098,0.0026820743899217295,5.727620449392584e-19,0.0010002218614837697,-1.290705394619378e-16,1.308677846565735,-1.4273633634390129e-18,14062.548221559737,14921.748221559737,14921.748221559737,14062.548221559737
5.041666666666667,0.3,0.0,0.7,0.00017011383753943736,3.069139196156154e-20,0.7058021280390402,-2.6883189249995746e-18,0.032719225220488764,-3.5643249286232783e-20,0.9994645828147043,0.010225759167382607,1.5050514039371252e-18,0.003303264476148049,-1.6431426905011727e-19,1.963614216773893,-9.927686328835569e-18,14119.065668159652,14978.265668159653,14978.265668159653,14119.065668159652
5.0625,0.3,0.0,0.7,0.0005620168029005741,7.588763741163013e-20,0.7059195013967219,-2.5522222672530514e-18,0.057246768448169984,-1.0473949245975923e-19,0.9983600590479578,0.02578144205605399,2.600613556361032e-18,0.007093331302317981,-2.199044169226415e-19,2.6190071114496476,-1.3398256820390992e-17,14187.349063032085,15046.549063032086,15046.549063032086,14187.349063032085
5.083333333333333,0.3,0.0,0.7,0.0014073201859564463,1.4245499534872961e-19,0.7061258430367616,-6.708515257319369e-19,0.08027780172696068,-2.8374864300645946e-19,0.9967725289903845,0.05183515992567699,3.530427698691765e-18,0.011603261347560559,2.556009788459075e-16,1.9482092042622428,-4.466908147162036e-17,15108.491691716568,14249.291691716568,14249.291691716568,15108.491691716568
5.104166666666667,0.3,0.0,0.7,0.0029133859691566166,2.1832397495587743e-19,0.7064127648348993,2.817156268012912e-18,0.09632891438443843,-5.865112106304678e-19,0.9953495568158532,0.08693207556931562,3.5490704492156375e-18,0.015047506394982564,3.8215149910335687e-16,1.279794342773796,-6.755967097349801e-17,15117.546328237142,14258.346328237141,14258.346328237141,15117.546328237142
5.125,0.3,0.0,0.7,0.0052286937906187965,2.7583258671601156e-19,0.7067436331855537,6.836147045767904e-18,0.10545767945376396,-9.588890516692599e-19,0.994423791873579,0.12788101559520837,2.009069934392973e-18,0.016314639415667926,3.8058989997386623e-16,0.6151254225937026,-7.331324812960813e-17,15079.913446688573,14220.713446688576,14220.713446688576,15079.913446688573
5.145833333333333,0.3,0.0,0.7,0.008439653206049828,2.8400432068536414e-19,0.7070718920001324,5.74668374362379e-20,0.1150865433206135,6.390799517641928e-18,0.9933554688763295,0.17205244941328998,-6.139368023933599e-19,0.01528908922029377,-1.3473469812991482e-15,1.139839030732901,1.383057309688992e-15,14255.232495330325,14939.409660451991,14939.409660451987,14255.232495330325
5.166666666666667,0.3,0.0,0.7,0.01261568477726168,2.754881313079768e-19,0.7073550943389855,-2.194885629759056e-18,0.12277756135585274,9.686912233274384e-18,0.9924342146598483,0.21990001736398154,2.7006273018099555e-19,0.01233831603102758,6.275196817446391e-16,0.47967089423603304,-3.7886857354130275e-16,14987.776875418924,14128.576875418923,14128.57687541893,14987.776875418924
5.1875,0.3,0.0,0.7,0.017821540085744426,2.937849772546167e-19,0.7075563626732745,1.0785200124148957e-17,0.12365737365891613,1.9446801837251574e-18,0.9923249739575132,0.270016814834061,6.957793659640096e-19,0.007837039947308201,1.4871855570180376e-15,-0.17782469553329405,-1.2302525499050613e-15,14954.03997097195,14094.839970971949,14094.839970971952,14954.03997097195
5.208333333333333,0.3,0.0,0.7,0.024070606385257567,2.6008113392984193e-19,0.7076544637053234,-4.6658988332734084e-18,0.11775071598189424,2.9380579691248584e-18,0.9930431858110459,0.3196982576324224,-3.233999245393287e-18,0.0026760409914387646,-3.475684429572326e-15,-0.8333401950525745,1.262678718941865e-15,14928.08031990708,14068.880319907083,14068.880319907072,14928.080319907076
5.229166666666667,0.3,0.0,0.7,0.03132369817472674,2.183238762280505e-19,0.7076481389740633,-5.800791094589483e-18,0.11320357671426595,7.008781700270296e-18,0.9935718143240061,0.36675412418769276,-1.2583743466711811e-19,-0.0022052942415292593,2.219908808849274e-15,-0.17703837804520522,-1.4865204407083568e-16,14056.824593284011,14916.024593284012,14916.024593284019,14056.824593284018
5.25,0.3,0.0,0.7,0.03953257192641528,2.3765570199085166e-19,0.7075430443742856,2.7885654170944877e-17,0.10774673959042687,3.020210540776853e-18,0.9941783743914534,0.41200310107321947,8.671963131214308e-20,-0.006891999329106601,3.850999891185409e-15,-0.7603283717057153,-1.1611922364615544e-15,14862.96624095901,14097.457021389182,14097.457021389186,14862.96624095901
5.270833333333333,0.3,0.0,0.7,0.04865391434736358,1.1437983079743043e-19,0.7073479217859923,-1.7454460576150167e-17,0.09580296120570471,3.2876448300122483e-18,0.9954003177738182,0.45449794137042976,-9.835574103941672e-18,-0.010900381270881927,-9.829513089544204e-15,-1.413883528457537,1.4938611954714526e-15,14911.239323113674,14052.039323113673,14052.039323113655,14911.239323113656
5.291666666666667,0.3,0.0,0.7,0.05860114362127021,-5.632941739568263e-21,0.7070873825039411,-5.5056259534598e-19,0.08523357420720681,3.506979381852681e-18,0.9963609977452271,0.4920904089935139,-6.711465423873333e-19,-0.013446523489485447,9.377481283278713e-15,-0.7557323163570593,-1.0963566205352326e-15,14068.762946450588,14927.962946450592,14927.962946450614,14068.762946450617
5.3125,0.3,0.0,0.7,0.06927772937569275,-2.869850661366912e-20,0.706785871320429,4.334887782666457e-17,0.07493300070439975,5.1507674951852915e-18,0.9971885706351805,0.5255673542780502,-5.201547685437974e-18,-0.015073512714426888,9.79048999159371e-16,-1.14946413780872,3.0296888405328933e-16,14767.552722947268,14250.367406156434,14250.367406156423,14767.552722947257
5.333333333333333,0.3,0.0,0.7,0.08059750840766142,-3.153626319309459e-19,0.7064643576058364,-7.849770076196802e-17,0.05890533913802822,6.864361144446124e-18,0.9982635729210166,0.5544358421122559,-1.6376191423543473e-17,-0.015561726912220226,-1.9988364647335545e-14,-1.8036264312473724,1.2620168476757717e-15,14949.397826835924,14090.19782683592,14090.197826835898,14949.397826835895
5.354166666666667,0.3,0.0,0.7,0.09243763502582267,-2.906633707757302e-19,0.7061517001147357,3.75284668572713e-17,0.0442726371160492,-1.8618798156717492e-17,0.9990194860976389,0.5766661053538719,1.5372125903434635e-17,-0.014535498844766483,3.1620146354821785e-14,-1.1422557949793002,-5.368506298338956e-15,14113.644387686094,14972.844387686095,14972.844387686164,14113.644387686163
5.375,0.3,0.0,0.7,0.10466729184396026,-1.8217513271894068e-19,0.705870664196792,7.660384405312917e-17,0.03503212190472685,-2.0638374334146853e-18,0.9993861868341248,0.5933437460432096,-1.1819123470531439e-17,-0.012743487386589552,-1.49330647886742e-14,-0.7182859302064792,5.679579612734975e-15,14279.174659325854,14830.169136127402,14830.169136127326,14279.174659325807
5.395833333333333,0.3,0.0,0.7,0.11719555078773122,-7.315552689005952e-19,0.7056299496325744,-1.9114270492882904e-16,0.023449302756306772,2.8370909694439254e-17,0.9997250272951272,0.6061707132614884,-2.4282323451912992e-17,-0.010727397374317025,-3.2705176374691125e-14,-1.3749797963811374,2.4285344423230534e-15,14978.34186970656,14119.141869706553,14119.141869706538,14978.341869706528
5.416666666666667,0.3,0.0,0.7,0.12992871199018127,-3.7760363455347633e-19,0.7054357755839202,1.9059986369099725e-16,0.005033966274974743,-1.2199105614387667e-17,0.9999873295115005,0.6136353895089168,4.340032117518515e-17,-0.008346923323106256,8.306498020137745e-14,-2.029828427063132,-7.976281372125595e-15,14981.489110904778,14122.28911090476,14122.28911090493,14981.489110904913
5.4375,0.3,0.0,0.7,0.14272267848445258,-4.085152670146371e-19,0.705301519270021,3.716764496680808e-17,-0.01196034138114198,7.398302525255537e-18,0.9999284725589358,0.6133726709178202,-5.10530460386096e-17,-0.005173185297158315,-7.992620645338402e-14,-1.3662515279700744,6.523551771554718e-15,14144.637008430029,15003.837008430055,15003.837008429819,14144.637008429843
5.458333333333333,0.3,0.0,0.7,0.1554254534239794,-1.5030110893718926e-18,0.7052353996299391,-4.3218245251433706e-16,-0.022052894485664304,4.8666509552630704e-17,0.9997568053505833,0.6066355310493099,-1.7611296680929822e-17,-0.0018603089198985323,-2.200965135108101e-14,-0.7044490441968831,1.4400314399191161e-15,14152.371561258959,15011.571561258948,15011.571561259036,14152.37156125902
5.479166666666667,0.3,0.0,0.7,0.1679354681881902,-8.322616181317023e-21,0.7052313687877612,6.388454951569405e-16,-0.03349770863083312,-2.8027716079744234e-18,0.9994387942823132,0.5958616715810169,1.080169522235064e-16,0.0008920705440117911,1.8601298315384305e-13,-1.3620388640221885,-3.733410536840732e-15,14997.40804094891,14138.208040948866,14138.208040949183,14997.40804094914
5.5,0.3,0.0,0.7,0.18016159685895253,-7.364775992933043e-19,0.7052767908068249,-2.920956394460851e-16,-0.04729157087467986,-2.823458063740413e-17,0.9988811277245182,0.5800830068244097,-1.5766397397517424e-16,0.0029827261003328963,-2.721360933912003e-13,-1.3008374957100628,-1.1353504825057484e-14,14523.558099777834,14599.963205523338,14599.963205522683,14523.558099777296
5.520833333333333,0.3,0.0,0.7,0.19198945468945766,-2.3500059059689083e-18,0.7053632651280446,-7.37787990424485e-16,-0.05669746061184493,4.4805346170227095e-17,0.9983914051914551,0.5588805288545766,6.638312752231876e-17,0.004866741964777295,1.0944854813941338e-13,-0.639986003113668,1.8062403795814557e-14,14135.097391522791,14994.297391522789,14994.29739152329,14135.097391523286
5.541666666666667,0.3,0.0,0.7,0.20332983817630737,1.9481366470396675e-18,0.7054788380400655,1.8068041675325422e-15,-0.0613133889329454,7.684636172491094e-18,0.9981185642685729,0.534340321730094,1.977930112189183e-16,0.005965344430878734,3.3366815948449367e-13,-0.3132540750165056,6.641508065440228e-15,14341.970309519482,14767.365712708226,14767.365712708593,14341.97030951969
5.5625,0.3,0.0,0.7,0.2141351985554548,-2.054661925986594e-18,0.7056115323971687,-1.6247211623889387e-15,-0.06866965196603986,-2.7915261234519643e-16,0.9976394533592098,0.5079174679555144,-4.522731362233491e-16,0.006601918248763506,-7.668729480718009e-13,-0.970504615390227,-8.911043249357223e-14,14971.498799806304,14112.29879980645,14112.29879980486,14971.498799805002
5.583333333333333,0.3,0.0,0.7,0.2243532637714811,-3.3512097694136594e-18,0.7057485888980312,-6.845632190742695e-16,-0.07666311077228495,2.4938569366309384e-17,0.9970570532555879,0.47834690909314165,3.922153437514859e-16,0.006493408344727625,6.564140074782864e-13,-0.6354432590661785,1.2654828066028582e-13,14317.580475461666,14753.580753530405,14753.580753532227,14317.580475463605
5.604166666666667,0.3,0.0,0.7,0.23391674956017916,6.605927500514853e-18,0.7058787247751268,4.3059408093574244e-15,-0.07916059602339652,2.2888449692328136e-16,0.996861876107829,0.4459400104783912,2.0659653630659513e-16,0.006043388888490897,3.562536316444144e-13,0.022685517145079243,1.1048282733814252e-14,14104.277417368117,14963.47741736795,14963.477417367703,14104.277417367535
5.625,0.3,0.0,0.7,0.2427934453450923,-7.773390797013767e-18,0.7059937861481358,-5.840498491756757e-15,-0.08203529733007724,-8.439498430830166e-16,0.9966294246067421,0.4127773997550215,-1.1087986570158692e-15,0.005164594374693788,-1.841462509565329e-12,-0.47650197168097375,-3.0960088745309826e-13,14852.399370913856,14199.649750587963,14199.649750584911,14852.399370911095
5.645833333333333,0.3,0.0,0.7,0.25096529995243694,-3.1654276618840405e-18,0.7060854794962131,1.651301951064574e-15,-0.08602373966969638,1.4642612558382605e-16,0.9962930875065029,0.3783277711999487,1.4337853834563438e-15,0.00385201721342025,2.4060753918666173e-12,-0.32277944912357104,4.759168924746849e-13,14421.68187579011,14622.032638873807,14622.032638879253,14421.681875795959
5.666666666666667,0.3,0.0,0.7,0.25840110873345373,1.5854221746804075e-17,0.7061484153732998,8.310771751114796e-15,-0.08528099858669559,9.88268350107769e-16,0.996356939695838,0.3425823141117828,-3.19068927515599e-16,0.002454785905987857,-5.545515501893067e-13,0.33437177154070213,-8.769534779939734e-14,14091.235107991688,14950.435107991449,14950.435107987742,14091.235107987504
5.6875,0.3,0.0,0.7,0.26509759563786084,-2.5092105381322396e-17,0.706179933241312,-1.685635326796608e-14,-0.0832527133831548,-1.8143211039303674e-15,0.9965284670867873,0.307486306014596,-2.2083581037074283e-15,0.0009107183267293717,-3.605707887982245e-12,0.10280770406897002,-7.225740774260389e-13,14668.89984060208,14366.373233260067,14366.3732332562,14668.899840597802
5.708333333333333,0.3,0.0,0.7,0.2710726350174362,5.880360292674455e-18,0.7061812368272,1.2570810861010748e-14,-0.08454076257824429,1.6025746856853496e-15,0.9964200216087034,0.2730123544982269,4.186671411572878e-15,-0.0005036671362531862,7.047724820322628e-12,-0.2753069624202725,1.4231374715546765e-12,14764.665399858903,14270.06414968018,14270.064149693866,14764.665399873615
5.729166666666667,0.3,0.0,0.7,0.2763242205673162,2.8504136157978496e-17,0.7061527921812106,1.0854608690637899e-14,-0.08330712327117618,3.1260083917425882e-15,0.996523920040197,0.23808046310385333,-2.989540655976858e-15,-0.0019471076794624073,-4.993664242339829e-12,0.3815287848654748,-7.190769393178357e-13,14085.422674951922,14944.622674951206,14944.622674935908,14085.422674935191
5.75,0.3,0.0,0.7,0.2808572725504011,-7.281482644377574e-17,0.7060952327773568,-4.081554482809993e-14,-0.07525823568272699,-3.700633010131167e-15,0.9971640777534674,0.20425528028910053,-3.243975885695788e-15,-0.003252654097432227,-4.8207859769737844e-12,1.0373723106525863,-1.3023841041487758e-12,14083.981735246307,14943.181735244954,14943.181735246359,14083.981735245005
5.770833333333333,0.3,0.0,0.7,0.28472643492361577,3.9511903515369116e-17,0.7060183245223803,4.8637544647081884e-14,-0.06858395393487683,5.7821004224753025e-15,0.9976453484393433,0.1738422411706374,1.0097292232815341e-14,-0.003913455988234995,1.7395764872834336e-11,0.37926381181121593,3.30365728800618e-12,14947.203081670385,14088.0030816724,14088.00308169996,14947.203081701977
5.791666666666667,0.3,0.0,0.7,0.2879942016939798,1.6317738341916516e-17,0.7059318874909203,-3.836337175664258e-15,-0.06873988407672488,2.258470683831597e-16,0.9976346166493615,0.14563374710963956,-1.2189446464162991e-14,-0.004291726640208598,-1.990991534967193e-11,-0.27775570191673193,-3.650350947857813e-12,14946.119654430604,14086.919654428151,14086.919654381098,14946.119654378643
5.8125,0.3,0.0,0.7,0.2906747556344638,-1.8987438871484586e-16,0.7058345411562481,-8.49141817753007e-14,-0.06753216828971617,-1.343523524267311e-14,0.9977170973006774,0.11731349398601193,-3.578548612447231e-16,-0.004932794917876003,4.880855286589515e-13,0.3787648616480287,-6.810074975903322e-13,14078.394888182047,14937.594888183277,14937.594888209042,14078.39488821027
5.833333333333333,0.3,0.0,0.7,0.2927743334270068,1.626823510593836e-16,0.7057236457869369,1.462355579319281e-13,-0.05950553241946559,8.726334620776895e-15,0.9982279757708036,0.09008635331577555,2.1969083310304632e-14,-0.005539792024349293,3.636486445587586e-11,1.0341871191483563,6.305806869768447e-12,14074.547444043594,14933.747444050165,14933.747444091576,14074.547444098149
5.854166666666667,0.3,0.0,0.7,0.294347433702769,-5.1652937791288294e-17,0.7056070203177293,-8.82880516456232e-14,-0.0524361636250791,-1.2466460329591988e-14,0.9986242780667232,0.06627941431145215,-3.585218545981133e-14,-0.005580185703478946,-6.156470478578853e-11,0.4435889380397052,-9.210079767129494e-12,14896.055414343606,14124.830431878425,14124.830431754657,14896.055414208393
5.875,0.3,0.0,0.7,0.29545990766874547,-3.275023004656916e-16,0.7054922035915676,-1.3088276321573163e-13,-0.04889868494151789,-2.1771275309690546e-14,0.9988037437910363,0.04503663809123096,2.074252196872238e-14,-0.005442155402740661,3.4332197353707504e-11,0.27103235536232395,4.066799840693773e-12,14624.112264011776,14398.897086914763,14398.897087034777,14624.112264144787
5.895833333333333,0.3,0.0,0.7,0.2961492362620561,6.056827297880613e-16,0.7053829663612496,3.796243461229877e-13,-0.04198302040833941,2.823035712769979e-14,0.9991183243226965,0.025390040600422006,3.692079575116979e-14,-0.005085535345004293,5.831526064404137e-11,0.9268133253798232,9.217106987153089e-12,14078.150640159154,14937.35064016659,14937.350640191347,14078.150640198783
5.916666666666667,0.3,0.0,0.7,0.2964662021748781,-3.1336181538685625e-16,0.7052820649551635,-3.9086484539208835e-13,-0.03178152270045733,-1.8155431764880806e-14,0.9994948398140134,0.00897441281036349,-9.377208902851771e-14,-0.004638405822640747,-1.618806651025884e-10,1.0154536789742121,-1.6948230291466814e-11,14448.279333787406,14566.353981619115,14566.353981350123,14448.27933347601
5.9375,0.3,0.0,0.7,0.29649206396402367,-3.698882516020693e-16,0.7051980881152347,-5.833642210209025e-14,-0.02531900931862268,3.1041501888524718e-15,0.9996794224985945,-0.003446315047059059,9.526382458117141e-14,-0.0035976003277789393,1.610657825362438e-10,0.3576388416522862,1.4748980931743887e-11,14941.723998026599,14082.52399804084,14082.523998450397,14941.72399846464
5.958333333333333,0.3,0.0,0.7,0.29629158779082115,1.605467410779099e-15,0.7051329129067628,8.379004381872032e-13,-0.02208694380182934,7.445828049556996e-14,0.9997560537018492,-0.013549244321464543,2.3908535106869424e-14,-0.002806313277487172,3.5694296410296945e-11,0.27886460405475544,5.361044273065965e-12,14556.396482757038,14453.752131866317,14453.752131708687,14556.396482586035
5.979166666666667,0.3,0.0,0.7,0.2958986093934818,-1.4764740056227021e-15,0.7050846666832622,-1.278635826607925e-12,-0.015086663777887456,-9.793447901831976e-15,0.999886189811647,-0.022133631417445815,-2.1472688787693754e-13,-0.001977657076834829,-3.621296033652079e-10,0.934178708204726,-2.2841410101316117e-11,14068.125645706987,14927.325645663266,14927.325645183388,14068.125645139666
6.0,0.3,0.0,0.7,0.29536281163036643,-3.209946135392884e-17,0.7050526316640489,5.798384239975467e-13,-0.008144649488745246,6.95475885518471e-14,0.9999668317922877,-0.02765186694208942,3.110360818926751e-13,-0.00123201389909446,5.385898511648788e-10,0.48813779547039116,2.7199505628607427e-11,14785.990489024432,14203.156545021116,14203.156546167644,14785.990490239084
6.020833333333333,0.3,0.0,0.7,0.29474562948566513,3.1728945724354528e-15,0.7050372764886438,1.451021245534162e-12,-0.007160866810926229,5.771775255943186e-14,0.9999743606645703,-0.030773769419430726,-1.2816982929989518e-13,-0.00040455622768844187,-2.1957856412931847e-10,-0.16790947050355848,-1.869932860803959e-11,14921.790776389564,14062.590776344601,14062.590775396984,14921.790775352023
6.041666666666667,0.3,0.0,0.7,0.2940689991281032,-5.228526596201031e-15,0.7050356196754571,-3.512375006829051e-12,-0.004814257449123593,-9.160139680351226e-14,0.9999884113954589,-0.033597914557362475,-3.8858359733629673e-13,0.0001373183073802265,-6.474484743905321e-10,0.4873109214701879,-1.7764448559981775e-11,14052.344008701137,14911.5440086989,14911.54400813963,14052.344008137392
6.0625,0.3,0.0,0.7,0.2933479134927206,2.3792035572544803e-15,0.7050435223123439,3.121646401117691e-12,0.0043502674507242675,-1.290658575701983e-13,0.9999905375417846,-0.03489957733646472,8.704590088365681e-13,0.0005429986397978209,1.492877879710989e-09,1.1412729174023324,-2.341737018289634e-12,14047.04553968614,14906.245539786945,14906.245542496792,14047.045542597596
6.083333333333333,0.3,0.0,0.7,0.2926461210004197,5.13238554453449e-15,0.7050606998664797,1.3681355061228435e-12,0.012133256492889117,-2.7217535443426904e-13,0.9999263893341739,-0.03234058951239972,-7.362925669411731e-13,0.00100572311737414,-1.2751308450481866e-09,0.48467538909123714,-4.126148302051824e-12,14908.732277014948,14049.532277045451,14049.53227338542,14908.73227341592
6.104166666666667,0.3,0.0,0.7,0.29203507257729616,-1.396105341045857e-14,0.7050862625110211,-8.164252715442551e-12,0.013085159987595386,-1.536824994103717e-13,0.9999143856291393,-0.027160456184254937,-4.143712318641091e-13,0.001370427510140258,-6.747494496909947e-10,-0.17069489064205512,4.344185921605398e-11,14906.918009862515,14047.718009977129,14047.718010643752,14906.918010758367
6.125,0.3,0.0,0.7,0.2915370577919877,1.2557041404481987e-14,0.7051168636792007,1.1058511121287579e-11,0.015118507318231264,-4.5452469769936606e-13,0.9998857088369993,-0.021727865501350092,2.065097581365833e-12,0.0015342699712260438,3.52403529828617e-09,0.4390800876304412,-1.1827629300988866e-10,14071.198902738783,14871.371442055726,14871.371447517162,14071.198908307768
6.145833333333333,0.3,0.0,0.7,0.29116326232804773,3.917481375641919e-15,0.7051474734254297,-3.0988516173782298e-12,0.019528319272318663,-3.3954708760090527e-13,0.9998093041907533,-0.01517469615967989,-2.6815807626959865e-12,0.0014181198922264208,-4.611594054627158e-09,0.41296171155421996,1.5857882550378905e-10,14484.88469127104,14451.277655676906,14451.277644955277,14484.8846806271
6.166666666666667,0.3,0.0,0.7,0.29094707945228376,-3.186587760475418e-14,0.7051773902638308,-1.5596767336258045e-11,0.019736265158389225,6.420794164164699e-13,0.9998052209493596,-0.007056321790464479,5.752828759384045e-13,0.0014431042922365392,1.0778043502508736e-09,-0.24193271756963702,9.399590216048325e-11,14898.287855444076,14039.087855562248,14039.087862901455,14898.287863019628
6.1875,0.3,0.0,0.7,0.2909002417393329,4.3570564171128685e-14,0.7052045644606048,3.187405379175566e-11,0.0180773642311545,-4.044595741609014e-13,0.9998365910999928,0.0008426636929677539,4.054331955478816e-12,0.0012163017989982553,6.872054034813179e-09,-0.10420416905301297,-3.6717102580998017e-10,14375.301521622223,14555.83829935905,14555.838307472477,14375.301528758122
6.208333333333333,0.3,0.0,0.7,0.29101109347174975,-1.5780683227980335e-14,0.705229520034775,-2.3827149995141357e-11,0.021082059918712547,1.933708465915969e-12,0.9997777486769666,0.008357800201728393,-7.883239069227888e-12,0.001183635370252887,-1.3481648582745954e-08,0.5502149011223577,8.083037477220154e-10,14036.235188506627,14895.435188582349,14895.435161753343,14036.235161829067
6.229166666666667,0.3,0.0,0.7,0.29129326438770065,-5.928709622576907e-14,0.7052524149526886,-2.037384949528046e-11,0.02271965370586911,4.335772657667062e-12,0.9997418753535762,0.017201259236557905,5.510601702709079e-12,0.0010338967224855756,9.544193706139786e-09,-0.10461760819917434,-1.9367934249677874e-10,14893.198352854739,14033.998351865339,14033.998383129889,14893.198382140487
6.25,0.3,0.0,0.7,0.2917655915290974,1.2637487643903144e-13,0.7052714349503668,7.801856366011171e-11,0.017542747585420616,-9.28965018056446e-13,0.9998461141631517,0.026147124950548994,5.790801619568198e-12,0.0008397840244902796,9.358924015093725e-09,-0.7586024494018486,-1.0884636534202823e-09,14891.788070586688,14032.588068563171,14032.588070465965,14891.788068442445
6.270833333333333,0.3,0.0,0.7,0.29239826719004774,-9.307698210662159e-14,0.7052877331970888,-9.278806189013838e-11,0.013736486488020849,5.617281782518207e-12,0.9999056500185227,0.032863245934000564,-1.9422912995010845e-11,0.0007546583663029209,-3.3549812553639765e-08,-0.10348627223168094,2.0575381198087312e-09,14033.442475362906,14892.642477511006,14892.642418978274,14033.442421126376
6.291666666666667,0.3,0.0,0.7,0.2931536874158844,-5.771893882690867e-14,0.7053027466677373,7.387389530554018e-12,0.016748045030776378,-6.207860502790472e-13,0.9998597416576223,0.03857676509990005,2.2569075024287598e-11,0.000696476380839563,3.836339331646423e-08,0.5507981216794069,-2.7145433491620154e-09,14033.275891402052,14892.475888331865,14892.475985861369,14033.27598279118
6.3125,0.3,0.0,0.7,0.29404295200165065,3.2161959874533354e-13,0.7053154274313128,1.624827777540793e-10,0.018392579106038337,-1.3855826706090886e-11,0.9998308422097351,0.04562328096871811,1.7940301328112057e-13,0.0005432665981619902,-7.967042673994328e-10,-0.10391813983613699,-7.413815203678157e-10,14890.611425720697,14031.4114288143,14031.411374190964,14890.611377284564
6.333333333333333,0.3,0.0,0.7,0.29508499749357475,-3.533281403306874e-13,0.7053244022100883,-2.8223837542344694e-10,0.01322312891786849,8.023376633089879e-13,0.9999125706088615,0.05277714320358536,-4.1778622923832476e-11,0.00036176131911113513,-7.057265781362225e-08,-0.7578114028223331,3.9754065315289136e-09,14889.740609781165,14030.540617956343,14030.540517719834,14889.74052589501
6.354166666666667,0.3,0.0,0.7,0.296250129187905,6.346414559073799e-14,0.7053313933827009,1.688983670760105e-10,0.009424860648274266,-2.1041047113561338e-11,0.9999555850145349,0.057706933894991895,6.892554943301144e-11,0.0003260058694630026,1.1917876186725328e-07,-0.10269914153541407,-6.3842236889490586e-09,14033.38465984937,14892.5846547347,14892.584909064535,14033.384903949867
6.375,0.3,0.0,0.7,0.297500852921874,6.075247344211006e-13,0.7053383284660606,2.5129198966885834e-10,0.012445046313326344,-8.101086280342919e-12,0.9999225574124524,0.06163924956737631,-3.8484361196208065e-11,0.00033641094197837127,-6.620619982566867e-08,0.5516265315201989,6.609584784831886e-09,14034.209080609766,14893.409093662252,14893.408837371248,14034.208850423736
6.395833333333333,0.3,0.0,0.7,0.29884837660561625,-1.1397157492111773e-12,0.7053441629108194,-7.37547229509886e-10,0.014098305936467177,2.7113539301758798e-11,0.9999006139460671,0.0669097287988322,-6.837616228437148e-11,0.00023731478577377856,-1.1397409446956961e-07,-0.10309153076901989,3.6508948570578027e-09,14890.627229738639,14031.427222052342,14031.427167251757,14890.627159565458
6.416666666666667,0.3,0.0,0.7,0.3003117430274673,6.938230485414235e-13,0.705347351124484,7.519527304875608e-10,0.008937246126500303,9.71457124020328e-12,0.999960062018316,0.07229247655004449,1.8400626474282084e-10,0.00010132595372960339,3.1421801023276613e-07,-0.7569715506083246,-7.307504942427387e-09,14889.421023806462,14030.221005906009,14030.2215868684,14889.421568967944
6.4375,0.3,0.0,0.7,0.3018613541633173,9.011882859973013e-13,0.7053497007844315,1.251663767394078e-10,0.005147814096986318,7.411175909996398e-11,0.9999867499172291,0.0754556593689761,-1.7809146393759793e-10,0.00012556723180999542,-3.0962545206714565e-07,-0.1018211940362814,1.413209162992512e-08,14034.258218857569,14893.458219036962,14893.45739972679,14034.257399906186
6.458333333333333,0.3,0.0,0.7,0.30345902220525667,-2.8469249647824617e-12,0.7053514783544454,-1.6285624824998996e-09,0.005909803964435095,6.134416430938523e-11,0.9999825369560721,0.07750128968219328,-4.559361839115752e-11,5.858757767232599e-05,-7.422773086697492e-08,0.18976516190556864,-1.0369894618600527e-08,14273.800012282518,14656.561744561179,14656.562098355913,14273.800275509093
6.479166666666667,0.3,0.0,0.7,0.30510221195911924,3.1205964244880897e-12,0.7053535944433308,2.4796039390083653e-09,0.003795464646766446,2.101040059431916e-11,0.9999927971981174,0.0797835902124191,4.1684224038375957e-10,0.000130262104782753,7.066290590847196e-07,-0.46471677609268225,-3.4279772523299646e-09,14894.673720121005,14035.473722774139,14035.47474510278,14894.674747755915
6.5,0.3,0.0,0.7,0.30678008273908214,3.5544472811088315e-13,0.7053564767299292,-1.0737371570566588e-09,-0.004311602158879499,-4.6728693485799896e-11,0.9999907050002133,0.08068792460094254,-6.025881980513262e-10,0.00014531856843628642,-1.0392939855735663e-06,-0.9871863667104247,-1.616792598061755e-08,14808.558076871603,14121.484033291625,14121.481724704823,14808.555801240433
6.520833333333333,0.3,0.0,0.7,0.308436043556731,-6.092682282367459e-12,0.7053619438071196,-2.8728073452601712e-09,-0.010494607436835838,-1.6546087479801848e-10,0.9999449300910259,0.07823655448185406,2.2983237851042714e-10,0.0003354119634389415,4.047379516071482e-07,-0.33136309859630503,-4.267991889950786e-09,14039.763086529176,14898.96313519619,14898.964982000358,14039.765030667375
6.541666666666667,0.3,0.0,0.7,0.31001171036247216,1.0079262049939703e-11,0.7053708366975553,6.802174315634411e-09,-0.009853152889709147,-1.176614380733258e-10,0.9999514565108308,0.07381966503242218,7.619555948150212e-10,0.00048620571738845254,1.2778848738893617e-06,0.3234553177317827,2.951916257339605e-08,14039.448642035175,14898.648712607417,14898.649791296848,14039.449861869092
6.5625,0.3,0.0,0.7,0.31149824287731664,-4.434348129555895e-12,0.7053819165791279,-5.9534817553705745e-09,-0.010576108324442253,-5.226280378790969e-10,0.9999440714023508,0.06978205519042892,-1.683781501909659e-09,0.0005636735015229996,-2.891706611143804e-06,-0.3312246870980169,-1.02505975762328e-07,14895.787009727806,14036.587072985363,14036.58153280746,14895.781596065015
6.583333333333333,0.3,0.0,0.7,0.3128954719135693,-1.0149779720585427e-11,0.7053922402911581,-2.8599723484145627e-09,-0.01597834187905592,-3.729848502528205e-11,0.9998723381466236,0.06501666014722977,1.4006945159146157e-09,0.0004445306744032829,2.4199981685264973e-06,-0.6435516800967258,1.71111826866094e-07,14670.065635833129,14259.348674385237,14259.35542513198,14670.072834549006
6.604166666666667,0.3,0.0,0.7,0.31416679922774793,2.718107636851752e-11,0.7054017978374035,1.6040381962541056e-08,-0.018586424281169835,5.070228990347359e-10,0.9998272574962337,0.05810909435396718,8.497753950283358e-10,0.0004598376035591658,1.4090666340138544e-06,0.01155085794853955,2.7740000621630653e-08,14037.107491310915,14896.307196612757,14896.306153394333,14037.105858696174
6.625,0.3,0.0,0.7,0.31528332569576356,-2.4346859352173866e-11,0.7054108317057503,-2.1267352461839504e-08,-0.014376872034191409,9.511081012703502e-11,0.9998966474343796,0.05070153423226133,-4.0714724678736415e-09,0.000420361424735455,-6.905755068952828e-06,0.6658070668951849,-1.7885009977990572e-07,14035.776493026875,14894.976340568606,14894.965569117889,14035.765416659618
6.645833333333333,0.3,0.0,0.7,0.31626663970620666,-9.662506505371257e-12,0.7054193702007913,5.389082836383201e-09,-0.011536380815694285,2.1406086754346426e-09,0.9999334537446356,0.04513088610556888,5.1206004446831916e-09,0.00041014791193492967,8.863213161197433e-06,0.01077669066241324,4.6484783283868857e-07,14893.971506829352,14034.7713361415,14034.79222463763,14893.99205394978
6.666666666666667,0.3,0.0,0.7,0.3171461461256487,6.062365631129716e-11,0.7054276468141006,3.097414103127759e-08,-0.01551314105884299,3.6411959441048914e-10,0.9998796639868657,0.040168624436270624,-1.0025281761733264e-09,0.0003861213828240151,-1.8086498216852265e-06,-0.643415261733258,-5.817552309206557e-07,14892.928623584638,14033.727313744737,14033.714627205878,14892.913317365976
6.6875,0.3,0.0,0.7,0.3179025078710033,-8.659816989891751e-11,0.705434722085338,-6.225774047875534e-08,-0.018120900925692244,-1.1757094618712643e-09,0.9998358029944904,0.03347731655974139,-8.051424319517484e-09,0.00030044854048215787,-1.3703345301108608e-05,0.011514881059205534,-1.5202445684374881e-07,14033.306538118966,14892.507907297237,14892.490979638187,14033.29234881646
6.708333333333333,0.3,0.0,0.7,0.31850856284222867,2.700656169830218e-11,0.7054395009351399,4.50572983355041e-08,-0.013912511305687793,-1.3268886808408798e-10,0.9999032163310442,0.02628484713177815,1.541563124246378e-08,0.0001861147433401702,2.6296834950203886e-05,0.6656399519834943,4.849964901738798e-07,14032.843901121458,14892.043923355239,14892.096419068082,14032.896441301862
6.729166666666667,0.3,0.0,0.7,0.31898584884986403,1.1926797053334672e-10,0.7054428368758945,4.1588703654599546e-08,-0.011073428503486474,-6.637626540018937e-09,0.9999386877109898,0.020926261285301694,-1.0255006632094191e-08,0.00014986040611853505,-1.8069721560553457e-05,0.010660022811259329,-1.282662818592048e-06,14892.900819871611,14033.701318094722,14033.64253697807,14892.843035201182
6.75,0.3,0.0,0.7,0.319363723469322,-2.3955420221338437e-10,0.7054456971812542,-1.5401493300925957e-07,-0.015051386511141622,-4.975471485188795e-09,0.9998867214660211,0.016174381486444102,-1.141051917997384e-08,0.0001264373895292632,-1.925637776163792e-05,-0.6435252153505119,8.13481732937681e-07,14892.774169612228,14033.579001833044,14033.57251652583,14892.777348746651
6.770833333333333,0.3,0.0,0.7,0.3196228324731195,1.9548023588411162e-10,0.7054471458839954,1.7976465050078747e-07,-0.0176605447726115,-2.417843447954158e-09,0.9998440404174554,0.009693153366565496,3.876577059261089e-08,2.3679849093549165e-05,6.621165777456997e-05,0.011367591515588887,9.704495932008413e-07,14032.415450547014,14891.613218715222,14891.727561109648,14032.525329277858
6.791666666666667,0.3,0.0,0.7,0.31973600184482504,1.501394697314834e-10,0.7054458777934782,-9.530652190029904e-09,-0.013453951788753929,1.886473212639925e-09,0.9999094914947382,0.0027099411449903067,-4.308171156072699e-08,-0.00011323810962826902,-7.442310974115008e-05,0.665445794283979,-1.2271473629295333e-07,14031.920769501106,14891.1229661016,14890.936246050613,14031.738442651105
6.8125,0.3,0.0,0.7,0.3197247325673801,-5.919743648516023e-10,0.7054431327278061,-3.22354832601718e-07,-0.010616944926569356,1.1740942818509734e-08,0.9999436386518603,-0.0024417051307018944,-1.0371318035818214e-09,-0.0001372994982784457,-4.635615894263299e-07,0.010454710527108196,9.779404063780692e-07,14893.078876885571,14033.873955666262,14033.97604257298,14893.171121353673
6.833333333333333,0.3,0.0,0.7,0.31961863805047586,7.320245972103017e-10,0.7054395606554679,5.549749052207191e-07,-0.013785485045312134,1.797503385209531e-08,0.9999049756860685,-0.0069425506173222875,8.283682561348355e-08,-0.00019608988862309542,0.00014064661602440675,-0.5138925310971916,1.992169116377386e-06,14808.226281338135,14119.604186554814,14119.799362205085,14808.402135614506
6.854166666666667,0.3,0.0,0.7,0.3194032957656597,-7.834950481473875e-11,0.7054348240972261,-3.2133218825341985e-07,-0.015045477083152292,3.3133338449683186e-08,0.9998868104036757,-0.012778321291005243,-1.3605859598941352e-07,-0.00025327499604975337,-0.0002339376466394173,0.14086613719618452,-1.5050088780239458e-06,14033.639821705056,14892.840346227575,14892.348173789775,14033.148698312292
6.875,0.3,0.0,0.7,0.3190623356173419,-1.2116550801315407e-09,0.7054284976355887,-5.046209201294999e-07,-0.009490653093225096,-9.897463224707274e-09,0.9999549627376272,-0.018566124697433736,7.134681654816234e-08,-0.0003318981227018884,0.00012667917559201715,0.7947975447272672,-7.738588063237057e-06,14032.365218442053,14891.54407028999,14892.037532124403,14032.816383972335
6.895833333333333,0.3,0.0,0.7,0.3186287124625067,2.1835070227183128e-09,0.7054222644525178,1.454144935917959e-06,-0.00530804477778979,-1.7009042269072557e-09,0.9999859122300286,-0.02197270826121544,1.3479237698260705e-07,-0.00027157754355390003,0.00022896429267961835,0.13952097240989147,8.191605546831325e-06,14894.760194015635,14035.58851450913,14035.69424178241,14894.922562275908
6.916666666666667,0.3,0.0,0.7,0.31814318274877723,-1.438441723118314e-09,0.705417804085337,-1.4696842917837026e-06,-0.007945620143472349,-5.2601210359210046e-08,0.9999684330609506,-0.02422592130368423,-3.648727790964302e-07,-0.0001761599299393624,-0.0006202815503214625,-0.514940457914759,-1.6872718168257143e-05,14896.030929728262,14036.832381269585,14035.715766920588,14894.91721846191
6.9375,0.3,0.0,0.7,0.3175977505105165,-1.9368733464661128e-09,0.7054142073763153,-2.818688567624003e-07,-0.009216545175904941,-1.844945499451992e-07,0.9999575267454648,-0.027664174341110737,3.469354179431257e-07,-0.00017328881687664116,0.0006035882480338713,0.13982878998708892,-6.8023360421789266e-06,14032.781510789475,14892.009452571197,14893.58868073866,14034.41662252038
6.958333333333333,0.3,0.0,0.7,0.3169765666979017,5.5444532345567005e-09,0.7054101919817418,3.210603795974966e-06,-0.0036722584669403226,1.5197611188603043e-08,0.9999932572309894,-0.031060922311354794,1.0099039783722813e-07,-0.00020258020213054223,0.00015629258531588825,0.7937548215619955,4.391639218145901e-05,14032.672745127147,14891.984150882181,14891.290474796951,14032.201880551987
6.979166666666667,0.3,0.0,0.7,0.31631247121253836,-5.9897193314246966e-09,0.7054069313448331,-4.8748671188593675e-06,0.0004996854103935694,-1.1039555229411593e-07,0.9999998751453493,-0.03208145930427603,-8.141056228670022e-07,-0.00012393907596822143,-0.0013977940738202292,0.13849217304953088,-4.568079629049724e-05,14895.652533163906,14036.330881164002,14034.414822539846,14893.493170539936
7.0,0.3,0.0,0.7,0.3156461017498094,-4.14280943533991e-10,0.7054055826867394,2.0606024965264686e-06,-0.0021485642277296792,5.116128293737684e-08,0.9999976918310914,-0.03195479256422022,1.1961244340652696e-06,-2.5274512344976207e-05,0.002041010875568298,-0.515953271596816,6.023614398424546e-05,14892.843768563038,14033.737636091399,14038.154868962469,14897.448736490827
7.020833333333333,0.3,0.0,0.7,0.31496931869603567,1.2724033610832694e-08,0.7054053577143296,5.731737552398107e-06,-0.0034301315608220462,6.184795798444584e-07,0.9999941170648156,-0.03302052756501288,-4.250487182774397e-07,-2.051968363141655e-06,-0.0007732660978541192,0.13880777712189538,5.081575695563859e-05,14035.292067201863,14894.383824372078,14890.795859564918,14031.487616735132
7.041666666666667,0.3,0.0,0.7,0.3142661263710496,-1.8887779922689833e-08,0.7054051865050893,-1.3354221272953747e-05,0.0021035834985697168,1.5250709976719643e-07,0.9999977873766052,-0.03405154070323351,-1.5064611966146992e-06,-1.1413607672400054e-05,-0.00253827179978027,0.7927259492308594,-0.0001152536415151708,14033.612766814615,14892.380612312787,14890.479733836688,14030.847579334863
7.0625,0.3,0.0,0.7,0.31356924028700495,9.393334170572491e-09,0.7054056961562758,1.16695126092648e-05,0.006264983141866158,6.588253228366228e-07,0.9999803747322347,-0.0327118519865527,3.3044302098747918e-06,4.633355744885355e-05,0.005695235771733312,0.13749584368953882,0.0001134752010198423,14888.342117561337,14029.441095458638,14039.940192143415,14899.439170040718
7.083333333333333,0.3,0.0,0.7,0.312919171195888,2.0668227747261803e-08,0.7054073983305035,5.735245332552142e-06,0.0036066378216514892,1.1053269838076515e-07,0.9999934960442084,-0.0302313314489652,-2.753681027284284e-06,0.00010566668947785224,-0.00474525557943343,-0.5169093176503734,-0.00017508067860367888,14901.35939885789,14041.679002277178,14028.474862401308,14887.194465820598
7.104166666666667,0.3,0.0,0.7,0.3123076428514349,-5.324666627604108e-08,0.7054097954766586,-3.155071148265287e-05,0.002315067300842216,-1.1420377108297724e-06,0.9999973197297286,-0.028949938891004567,-1.7170001825466542e-06,0.00012251267294725076,-0.002803005799471396,0.1378443885172549,-7.506603803249202e-05,14031.752333159628,14891.296235112466,14893.505690839367,14034.649592792204
7.125,0.3,0.0,0.7,0.3117185226229719,4.7074297282524717e-08,0.7054122498191918,4.164371063315092e-05,0.007838697114644027,-1.2146723640352197e-06,0.9999692760739556,-0.027640321401267855,7.9705420698844e-06,0.00011340823823854765,0.01357785113334585,0.7917658788042807,-3.930827503142411e-05,14020.994564308912,14881.233489033493,14901.736378607075,14043.575303331654
7.145833333333333,0.3,0.0,0.7,0.31118439760973676,1.818739602670433e-08,0.7054147133846146,-1.0470953959992321e-05,0.011990214354727016,-3.1501272045977924e-06,0.9999281147363361,-0.023966010904230513,-1.0053975941811672e-05,0.00011557122045991505,-0.01738656238936498,0.1365814412379364,-0.00010366360369135205,14913.29378294569,14053.977694734916,14013.459641904388,14872.543553693613
7.166666666666667,0.3,0.0,0.7,0.3107456455524779,-1.2077268504886757e-07,0.705416845914394,-6.0790106901886254e-05,0.00932285348815549,-4.559976453928452e-07,0.9999565394091852,-0.01915728903443511,1.8845260579259488e-06,9.433970591168339e-05,0.0035428415441572728,-0.5177610864654989,0.0006483556483441957,14878.250752407388,14020.940127939062,14046.433645612091,14907.523021143763
7.1875,0.3,0.0,0.7,0.31039387277962405,1.666247010135217e-07,0.7054186030001487,0.00012150564455482395,0.00802243876116883,-1.1971320312879188e-06,0.9999678123376115,-0.015552907418126564,1.5768584015993117e-05,8.094862081984059e-05,0.02680234526155402,0.1369901784357986,-0.0007301022149907272,14018.449461317457,14876.412183115583,14908.191750578895,14047.754472377022
7.208333333333333,0.3,0.0,0.7,0.31011283406691714,-5.386676129376484e-08,0.7054200377618425,-8.786073084591954e-05,0.013537031994278472,4.722446838230273e-06,0.9999083663131219,-0.011925911380088078,-3.0046085518439162e-05,5.739864371236619e-05,-0.05133986030696845,0.7909292591671682,0.00196621724766581,14084.256736144158,14942.956208625154,14840.794986877787,13981.094459358777
7.229166666666667,0.3,0.0,0.7,0.3099349861548694,-2.3282570426136915e-07,0.7054202645009838,-8.193936323570684e-05,0.0176799717091906,1.313803323047939e-05,0.9998436936410087,-0.0059409741606407315,2.011742541511913e-05,-2.9858195468903942e-05,0.03517076561645757,0.1358154609198307,-0.000228293668127176,14836.187854590284,13974.133987971807,14090.652116467863,14946.998249849388
7.25,0.3,0.0,0.7,0.3099005656897549,4.7520239844899076e-07,0.7054177978005757,0.0003001081222923304,0.015005423639166895,-5.951860066980477e-07,0.9998873672550173,0.001171912616259858,2.2855054904226785e-05,-0.00017623164605302615,0.03763144788217533,-0.5184320308876104,-0.003219709979829827,14892.370455091852,14026.535845001046,14036.764465011947,14889.32985492114
7.270833333333333,0.3,0.0,0.7,0.31000071016424136,-3.5894088910772264e-07,0.7054123529404773,-0.000348930950863798,0.012644162488271743,1.6178624590057998e-05,0.9999199983700765,0.007018479231167204,-7.497361077650092e-05,-0.0003119694559838326,-0.12887816142811798,-0.03230564568103997,0.005895615047247343,14250.862750233755,14893.270070087357,14669.768382118502,14036.79431315427
7.291666666666667,0.3,0.0,0.7,0.3102120272190344,-2.629709497217659e-07,0.7054046657213415,1.5809651456524888e-05,0.014593818563073712,2.7012464128842887e-06,0.9998935044306,0.012269696055315424,8.427622404072799e-05,-0.00040814442240260154,0.14419573137166647,0.3334589893443394,-0.007144523895847205,14048.31612659925,14521.643384331554,14887.181965349013,14400.100693029653
7.3125,0.3,0.0,0.7,0.31054179584671593,1.2022458100089867e-06,0.705395953262555,0.0006295265688880625,0.013975683947374591,-3.795930625418735e-05,0.9999021364681613,0.018278710689475227,3.36997560730872e-06,-0.00042717827906397913,0.001959631142197639,-0.3211204737612354,-0.003438078637292818,14984.623987382445,14130.602426593297,13938.62347300861,14803.00191221946
7.333333333333333,0.3,0.0,0.7,0.3109912188285628,-1.363365423800511e-06,0.7053871517169727,-0.001074542027404884,0.006545948921047559,-1.097254990457687e-05,0.9999779976538271,0.023474024708388705,-0.0001616231566902526,-0.00041193124003565014,-0.2738930408142776,-0.974571097422315,0.00917024767116182,15062.641401122986,14228.347144109746,13840.107187947404,14724.212930934165
7.354166666666667,0.3,0.0,0.7,0.31151139872511274,3.39498993286555e-07,0.705381968189026,0.00016429992932103256,0.0004937458903277576,-6.310591025732793e-05,0.9999998626190771,0.025523095144457886,0.0002879314624162462,-0.0001355313636292505,0.38069717831643246,-0.31884889926408827,-0.01216132263373852,13609.769349101574,14462.879625292517,15328.169349101576,14462.879625292517
7.375,0.3,0.0,0.7,0.3120456422664996,5.189720984360301e-06,0.7053809213476653,0.0010631870422308563,0.0012683224458575515,-3.30685149370332e-05,0.9999986299480415,0.025654709925005348,6.357674565800457e-05,6.561940324748493e-06,-0.10989499333317748,0.33636740506920604,0.013375808740449458,14337.316270834057,15232.544739359302,14553.691045985259,13730.519514510503
7.395833333333333,0.3,0.0,0.7,0.3125861147417312,2.3536936977568078e-06,0.7053816669394362,-0.0026587596496715597,0.0006800011237943656,1.6303105975967215e-05,0.999996234157812,0.02621397078539465,-0.00013668953560487805,5.516968000852579e-05,-0.5221487240650569,-0.3182943455794853,0.0008094730119491832,15168.6399968408,14295.12564219626,13768.24147254071,14613.127117896169
7.416666666666667,0.3,0.0,0.7,0.3131339183281356,1.3531744332011545e-05,0.7053823818608131,-0.004006870749106095,-0.003757773869181579,-5.855541172360639e-05,0.9999849102329554,0.026137273045962736,0.0011699412839288343,1.9227801471611708e-05,0.13228897687546687,-0.4978956620126973,-0.00880270571417952,14165.986434477476,13895.734991073416,14787.81770341808,14992.303722132812
7.4375,0.3,0.0,0.7,0.3136586017778042,5.649748420357316e-05,0.705384611829438,0.001453000516287251,-0.00485720520585288,-0.00013915421808079073,0.9999871384088855,0.02437881708292697,0.0024708643574205026,0.00016528885801252613,0.7853199949831671,0.1557634928433442,-0.0007541074897093312,13582.457640693381,14480.884630362558,15300.857640693379,14480.884630362558
7.458333333333333,0.3,0.0,0.7,0.31414270154671803,9.914928516032105e-05,0.7053875575745653,0.005531201156061685,-0.0011802176219635188,5.3267801123600885e-05,0.9999840049034171,0.022619918291321667,0.0014313436731223353,0.00012510449011258646,0.12903897765789318,0.4841272412925404,0.03730836041197605,14633.707967040293,15144.268711109187,14203.788578046286,13855.788100103193
7.479166666666667,0.3,0.0,0.7,0.31460800435141767,0.00010165498204906631,0.705391201520476,0.00277063979456424,-0.00024190966402937923,-2.2359721923492415e-05,0.9999961322599633,0.022307290086581322,-0.0007149514502334744,0.00020879042252062234,-0.5276831109073099,-0.1725075938937085,-0.03535595622723315,15379.260458815756,14397.800492790822,13660.860458815754,14397.800492790822
7.5,0.3,0.0,0.7,0.3150692616416609,7.31020444069341e-05,0.7053961797679149,0.0013717177928966233,-0.006133358664241173,-0.000189970683549295,0.9999802319110772,0.02181966781408296,-0.0016197171251755842,0.00025940441181075956,0.12769309440592802,-0.8274797018115693,-0.0033704673878883935,14433.269731374046,13622.67396590779,14433.269731374046,15341.073965907792
7.520833333333333,0.3,0.0,0.7,0.31549077073043097,3.100461719469531e-05,0.7054007159840094,0.005421051799217783,-0.010670885843472117,0.00012618475172515903,0.9999283616690319,0.01881658305681808,-0.002434369528101623,0.00018424563353547919,0.5619788651307941,-0.17473016894594862,0.05825685351366268,13672.281842537777,14666.608779272203,15107.114041949873,14383.040978684297
7.541666666666667,0.3,0.0,0.7,0.315828891110092,-4.797232952806076e-05,0.7054043946805495,0.0072178471735515615,-0.008422662535558489,0.00024693649669297295,0.9999384483358753,0.0145176434038818,-0.0049035992955326155,0.00016926542067343162,-0.08744472527279284,0.4760244437526358,-0.013087102862259312,14544.558589308075,15228.6818352536,14544.558589308075,13510.281835253598
7.5625,0.3,0.0,0.7,0.3160885049632699,-0.00018521846653039295,0.7054075521812632,0.002211449409041673,-0.007566389325217324,-0.00031895105904981093,0.9999688782728753,0.01124912242085446,-0.007549053633282073,0.00014437443916234674,-0.7421657303316906,-0.17963144960207067,-0.08550867947497459,15363.99974998217,14407.723128562906,13645.599749982171,14407.723128562906
7.583333333333333,0.3,0.0,0.7,0.3162832428040143,-0.00035243900876837304,0.7054089581666052,-0.001430106619915537,-0.010232507922149024,-8.696803532555578e-05,0.999946620081912,0.007956468272244496,-0.008035142756395849,1.5113192106094605e-05,-0.08856684744302493,-0.30635179929194106,0.0899141779757189,13920.10668164922,14134.865170877947,14624.678460151874,15148.693392375291
7.604166666666667,0.3,0.0,0.7,0.31639699720689257,-0.0005135407046984336,0.7054097315961034,0.00177132020954844,-0.009314547729829308,0.0004157319202741657,0.9999549633819887,0.0037345535628702103,-0.007594196525376766,5.064867303161299e-05,0.5700912783388563,0.35137761202559403,0.02632278092980957,13672.45442264944,14384.960146037243,15390.854422649438,14384.960146037243
7.625,0.3,0.0,0.7,0.316428708493797,-0.0006813599041192842,0.7054090116813371,0.003639874429091348,-0.005052061701412232,-0.0003356553109495163,0.999980557472103,0.0002630911810748444,-0.008574938656265747,-8.86372626702053e-05,-0.08036838020489262,0.4485567686060807,-0.13216955239486758,14987.997761467257,14785.423380928594,14266.864260862592,13788.156881533261
7.645833333333333,0.3,0.0,0.7,0.31640860087985395,-0.0008768368200043178,0.7054089722514709,-0.0012289819786617283,-0.004406979384789756,-0.0004197180039373762,0.9999894459307035,-0.0016391374715076777,-0.009765538084364579,5.817759340957489e-05,-0.7251706104180573,-0.19501478238255102,0.07296306659812452,15062.422008083322,14714.91195317166,13344.02200808332,14714.91195317166
7.666666666666667,0.3,0.0,0.7,0.3163513900272279,-0.0010727321089872485,0.7054085335711471,-0.004685613510850684,-0.006184550133476825,0.0006412140673633073,0.9999696921458135,-0.0035877008971931692,-0.008862165141996212,-7.605296402508083e-05,-0.07068525156335478,-0.15344961592625167,0.11955667507067114,13952.47126099384,14103.582557883947,14869.222289024663,14905.231529853121
7.6875,0.3,0.0,0.7,0.316245956424891,-0.0012345320662355203,0.7054095492806622,-0.0012093752874372025,-0.00360193129599824,-0.00024740920459270907,0.9999927511192461,-0.006015880892586375,-0.007110969575345454,0.00013285283516793926,0.6039429482723366,0.5151042066016069,-0.2200087122033036,13974.852355731186,14083.93141008004,15693.252355731187,14083.93141008004
7.708333333333333,0.3,0.0,0.7,0.3161027622528427,-0.0013771973708891737,0.7054135053779693,0.0010585773352905126,-0.002237304201559413,-0.000987064588451362,0.9999964497874145,-0.0072614709849010105,-0.006905268198856778,0.00022941465890632208,-0.03928810271330471,-0.12510120350700993,0.02901104820423779,15016.487417264816,14755.077272695878,13298.087417264815,14755.077272695878
7.729166666666667,0.3,0.0,0.7,0.3159392301090897,-0.0015248541102403288,0.7054169346219505,-0.0034072522803978073,-0.004923653363738119,0.0009011551552397297,0.9999816679263863,-0.008349867312838401,-0.00707645108665817,0.00012087790979553272,-0.6892767785723171,-0.3464249269907832,0.28026961834879205,14744.019513849431,15024.210443736461,13576.82571299719,14473.004244588708
7.75,0.3,0.0,0.7,0.31574039272492216,-0.0016538248094849239,0.7054242878758047,-0.006286828852372013,-0.004269635455526197,0.00021421718166070495,0.9999710996359129,-0.010421284884901579,-0.005326503843921139,0.0005046146517682557,-0.0006369143910065489,0.3336010605148654,-0.3005551118231047,14243.200802271,13808.56201529943,15961.600802271001,13808.56201529943
7.770833333333333,0.3,0.0,0.7,0.3155033172513538,-0.0017340814930662193,0.7054309519615277,-0.0022399832482657036,0.0006863541560901982,-0.0018238164657020648,0.9999955925335469,-0.01178779691226524,-0.002978872004873847,0.00019948882466615063,0.6496682071948083,0.567439478725088,-0.12915968642335762,13663.209223499878,14376.954691721523,14841.473650479104,14917.090264742299
7.791666666666667,0.3,0.0,0.7,0.3152620992840956,-0.001785634396900997,0.7054416103247396,0.0006297336408842782,0.0027577088030105263,0.0009572667448926977,0.999995541049098,-0.011221041736925988,-0.0024012743204381683,0.0007199381860986142,0.028883499420510467,-0.04859577332238786,0.5296497298857126,14557.107434970512,15210.978509741297,12838.70743497051,15210.978509741297
7.8125,0.3,0.0,0.7,0.3150409028476814,-0.0018374649325110619,0.7054624640281433,-0.0034188796498907013,-0.0020758093632441466,0.0016808102869899995,0.9999905885328152,-0.010360893121192228,-0.0024427088508999816,0.0011888125400379519,-0.6641961896744432,-0.7429226019740038,-0.23619309305337954,16165.263373425627,13587.663373425625,14446.863373425625,13587.663373425625
7.833333333333333,0.3,0.0,0.7,0.3148133708786484,-0.0018699807109364942,0.7054825989067026,-0.006188151779215089,-0.005600568473609319,-0.0026978927838858806,0.9999615301524637,-0.011599978939136113,-0.0007088266787602217,0.0008144005322743496,0.0044063692903354434,-0.07435448289654106,-0.5417853301914849,13912.94979384058,14105.91992951783,15631.349793840578,14105.91992951783
7.854166666666667,0.3,0.0,0.7,0.3145443463336409,-0.001854345589813805,0.7055034203318161,-0.002345027494687442,-0.002483711914792819,-0.0036868843949349134,0.9999873693725495,-0.013722852757903246,0.0016185776555677895,0.0011245578305597672,0.6152795385549951,0.5441146449071624,0.20345439879635493,12723.626520190723,15301.226520190721,14442.02652019072,15301.226520190721
7.875,0.3,0.0,0.7,0.31424658940384864,-0.0018094674963128172,0.7055242496328161,8.752475701836723e-05,-0.000695621553758147,0.0014002554547569567,0.9999987738666144,-0.014469479228157356,0.00227032193629536,0.0009183489914790111,-0.019250206433517908,-0.07875766502263562,0.6783264832009758,14743.904386940801,14991.12902104262,13025.5043869408,14991.12902104262
7.895833333333333,0.3,0.0,0.7,0.31394080482724396,-0.0017611612286311037,0.7055450773631742,-0.004280915608027637,-0.003440144820595423,0.003701541715086657,0.9999780686365585,-0.014913856113979733,0.002474856714111071,0.0010535615236771454,-0.6844007962283458,-0.38978068118771225,-0.08464228428964479,15904.91776940312,13834.875486009765,14694.075486009762,13327.317769403118
7.916666666666667,0.3,0.0,0.7,0.31361272311056637,-0.0016868565200004982,0.7055691285183409,-0.007098885824427229,-0.0031334574067293807,-0.001972305282571544,0.9999679481246408,-0.01640485256990781,0.004566291748558002,0.0012183175296528262,0.010925787164862089,0.29958490622706135,-0.854101537734469,14436.609163161222,13577.409163161225,16155.009163161223,13577.409163161225
7.9375,0.3,0.0,0.7,0.3132573568246246,-0.0015568745154478012,0.7055944143930711,-0.003129134897673567,0.003157301585950785,-0.00618170724701462,0.9999710128083712,-0.017232580744765177,0.0072438158078303025,0.001213065006500105,0.6349521822860832,0.7978136966771052,-0.11042420606624534,12792.625224029445,15213.770274909413,14354.570274909413,15370.225224029444
7.958333333333333,0.3,0.0,0.7,0.3129162904502991,-0.0013910842308197048,0.7056208781843311,-0.0004279755119966253,0.007713104522191245,-0.0026051185537243377,0.9999667685542915,-0.015446960112539434,0.00817995170038632,0.0013067344672555259,0.018241033347690075,0.19389051572585275,0.6426806796765854,14433.900841562816,15293.100841562817,12715.500841562818,15293.100841562817
7.979166666666667,0.3,0.0,0.7,0.31263323569948,-0.0012172225639527725,0.7056485005327827,-0.004663520828913563,0.005409481070272811,-0.0006731610633049638,0.9999742676400286,-0.012354568175325407,0.008569132872136172,0.0013384767041049815,-0.6868253928233315,-0.49783765855030243,-0.11312511967527253,16150.524154539413,13572.924154539414,14432.124154539411,13572.924154539414
8.0,0.3,0.0,0.4,0.31238699384952057,-0.001027633224419297,0.7042109939467078,-0.011805445391388036,0.00023528543970443913,-0.0019132314941399933,0.9999284552632367,-0.011582660803375881,0.009619727361812437,-0.11587958437816293,-0.6864738791379634,-0.49608588885848276,-0.11296034989458972,9440.3,9440.3,9440.3,9440.3
8.020833333333334,0.3,0.0,0.4,0.31214564547908175,-0.0008006577990718484,0.7003326672517289,-0.018942779451035945,-0.004920718472497006,-0.0031513540581546077,0.9998034939946869,-0.01170482562183776,0.01191016630237769,-0.23300039619502672,-0.6861175456032467,-0.4943380278197536,-0.11281727081083595,9440.3,9440.3,9440.3,9440.3
8.041666666666666,0.3,0.0,0.4,0.31189065534461696,-0.0005104737134830094,0.6940154937142919,-0.026074926868016088,-0.010058170774650306,-0.004387546297221082,0.999599760317591,-0.012713714664458774,0.01543975978008978,-0.35002815196492243,-0.6857562073998318,-0.4925943899275197,-0.11269567378542303,9440.3,9440.3,9440.3,9440.3
8.0625,0.3,0.0,0.4,0.3116036469356087,-0.0001312819097705195,0.6852613609636219,-0.03320129595011606,-0.015176716928134189,-0.005621825600373056,0.9993176353329482,-0.014601507367438768,0.020207072132095157,-0.46696692025709535,-0.685389684243197,-0.49085528539276513,-0.11259534496888873,9440.3,9440.3,9440.3,9440.3
8.083333333333334,0.3,0.0,0.4,0.3112563672061954,0.0003853377265371223,0.674413816534849,-0.037928528164496225,-0.017803173186115087,-0.004338063966777196,0.9991124336013442,-0.018164095570204812,0.0280375394421098,-0.5564883688189071,-0.30635905190592533,-0.08113667416632792,0.28203373182234703,9440.3,11431.599541078702,10884.218698508954,11431.599541078702
8.104166666666666,0.3,0.0,0.4,0.3108097634060229,0.00111782298988506,0.6622330139939848,-0.03741275929737836,-0.01519673687829388,-0.0022083583641865972,0.999181899247251,-0.02358745621469631,0.03995750726367611,-0.6034636337889682,0.28181457125365406,0.48426554140641276,0.13744049471522152,11954.502459510482,12529.697491454484,13672.902459510482,12529.697491454484
8.125,0.3,0.0,0.4,0.3102510194184051,0.00212189380373518,0.6494439054338533,-0.03040172071954943,-0.006578746967314012,-0.003151283744125762,0.9995111429475885,-0.02863644915679758,0.0534368117715501,-0.6207881798412169,0.9391779751250627,1.0480487644338272,-0.2775401868957763,13436.59052824703,13327.628116025877,15089.45674203927,13393.161902233638
8.145833333333334,0.3,0.0,0.4,0.3096239620037646,0.0033867416289568983,0.6365358999616909,-0.01922439933998964,0.0003962813649907725,-0.002026272943140155,0.999813062351686,-0.030580286127751363,0.06498734024440683,-0.6187447009469957,1.1674464841885195,0.41460850740598854,0.33808233937795457,14143.396625073088,14582.888971345732,13561.279871484152,15719.172217756797
8.166666666666666,0.3,0.0,0.4,0.3089897534830049,0.004841115688856465,0.6238190775349808,-0.011344693798040418,0.00043238787615765343,0.0009761887658536276,0.9999350769019191,-0.030229084436966903,0.07244355451607133,-0.6048324433963072,0.48439823554680406,-0.2649301448125371,0.2515764664274417,15884.238009280645,14808.493370080923,14165.838009280644,14808.493370080923
8.1875,0.3,0.0,0.4,0.3083633104579074,0.006412579948825,0.6114887924725515,-0.010353729970988863,0.0016192589096641983,-0.0013688879930449517,0.999944150651392,-0.030011093709278937,0.0772398466734581,-0.5832023455164381,-0.16382239842456744,0.3637695338168362,-0.5442726783330023,16013.243072062894,15154.043072062894,16013.243072062894,13435.643072062892
8.208333333333334,0.3,0.0,0.4,0.3077500806450566,0.008078567809214112,0.5996495343804825,-0.007842595732106248,0.007359826207832232,-0.0020592050198825177,0.9999400413650107,-0.02875754523723696,0.08175955442094626,-0.5583460801664345,0.5137398171179548,0.6732180280812619,0.2404403282086118,13771.188074552985,15907.012257287697,15047.812257287696,16348.788074552987
8.229166666666666,0.3,0.0,0.4,0.307194746001016,0.0098217809689943,0.5883447931734161,0.001918871786126512,0.0099466217247848,0.0030282944256567294,0.9999441044779473,-0.024964230519218443,0.08449030092075079,-0.5321538118593674,1.228806127577707,-0.030605814986046642,0.634135553751181,14914.590428838135,14883.979685272287,14914.590428838135,16602.379685272288
8.25,0.3,0.0,0.4,0.30673069919951074,0.011566609033609438,0.5776043094410498,0.010021340772520964,0.0050225367957470795,0.004691887643141931,0.9999261637959077,-0.020640989378662128,0.08261945801630911,-0.5044775210417225,0.4846060620220762,-0.7619377554597293,-0.17589795261642016,17079.934452486734,14502.334452486735,15361.534452486732,14502.334452486735
8.270833333333334,0.3,0.0,0.4,0.30632874115507264,0.013228548112402408,0.5674349445862374,0.010859284306648145,0.0011870605732488976,-0.0015386238914870357,0.9999391478825416,-0.0187620903745409,0.07769421387956071,-0.4772375669052744,-0.18704794451031037,-0.09202090959980705,-0.8872892948384862,16145.17362362341,15418.785855316542,16145.17362362341,13700.385855316541
8.291666666666666,0.3,0.0,0.4,0.30594600354430374,0.01478269245708496,0.5578231861512003,0.01303347272510737,0.004150183721894012,-0.005779258522040904,0.9998897462894266,-0.01805725332240059,0.07252844723198472,-0.4507883837365319,0.47508211368842834,0.5396988577039356,-0.08272425705950412,13605.370317848618,16182.970317848616,15323.770317848615,16182.970317848616
8.3125,0.3,0.0,0.4,0.3055938267740011,0.01621495822151783,0.5487475646454559,0.02073364007645858,0.00525473309520173,-0.0017161850249546562,0.9997697528222377,-0.01593122956755489,0.06584456362739093,-0.4255424826635666,0.9214885556877899,-0.19945160482669738,0.6988396367008091,14607.079462601876,15466.279462601877,14255.429457020586,16833.029457020588
8.333333333333334,0.3,0.0,0.4,0.30529110793134895,0.0174656374198532,0.5401826114279358,0.02594451025800744,0.0031212218708476626,0.00066886233475497,0.9996582881088328,-0.013713904229717046,0.05571267270361167,-0.40152467311676654,0.2219372529817331,-0.21695309226826837,-0.09655972020823367,16555.994910100344,14817.084474175692,15676.284474175693,13978.394910100345
8.354166666666666,0.3,0.0,0.4,0.3050240550997727,0.01847917743080593,0.5321024309140332,0.02415622057156248,0.005035348367680989,-0.004492550604268112,0.9996854201515505,-0.012238074403847294,0.043927140024661804,-0.3787366382128087,-0.43480595590535787,0.4738407409267281,-0.7521198179174731,15979.485871125853,15316.524509152994,15979.485871125853,13598.124509152996
8.375,0.3,0.0,0.4,0.30479761212705886,0.019257361611482646,0.5244829429907187,0.024112840686305807,0.006580252388980141,-0.007542395219909973,0.9996591336385022,-0.009775682450555776,0.03310581801346827,-0.35706763579723894,0.2810558626127003,-0.058132299803644885,0.018785049027281953,14169.650430184283,15328.766174112701,14469.5661741127,16747.250430184286
8.395833333333334,0.3,0.0,0.4,0.3046287850875896,0.01980987967844354,0.5172973071069961,0.02766441379697292,0.003365989873155971,-0.002418885441980996,0.9996086730889554,-0.007100258358864356,0.021940732015860994,-0.336817893813116,0.382908546941186,-0.499954553903721,0.7899672727565861,14484.419787063143,15701.345842362953,14075.369186049218,16295.243130749408
8.416666666666666,0.3,0.0,0.4,0.3044991346340549,0.020112156109691907,0.5105225881230476,0.027603405112191476,0.0025724287214997496,0.0012101014061391521,0.9996149109988666,-0.005800521134434049,0.00944167367336615,-0.3174412500160998,-0.26455053970608666,0.18871517467689733,0.05013753938131216,15961.624749859639,15102.424749859638,15961.624749859639,13384.024749859636
8.4375,0.3,0.0,0.4,0.3043950887555778,0.020157671626418114,0.5041365745495058,0.02149693439229749,0.00875147916881585,-0.003078599041737136,0.9997258702524564,-0.004218197213477396,-0.0023891467437555333,-0.29924476406385103,-0.8033188666837103,0.8799063396511098,-0.6898184399999433,15856.216567148178,14997.016567148177,15989.961095607956,13412.361095607957
8.458333333333334,0.3,0.0,0.4,0.30435693023562016,0.01999021523983473,0.49811912228763605,0.017703655016574633,0.013120537793861084,-0.005671328248756489,0.999741100547011,0.0001482357568833208,-0.01144911045445154,-0.28189560771462996,-0.07283271205934813,0.12324887908113302,0.06508732345857057,14171.805891506323,15031.005891506324,14171.805891506323,16749.405891506325
8.479166666666666,0.3,0.0,0.4,0.30443053783109153,0.019652591710146494,0.4924503499391673,0.021458846253107438,0.009825756084442258,-0.0001864270615284042,0.9997214300392911,0.005732756898326416,-0.01946087628042372,-0.265575905793169,0.6595548483547807,-0.6262208592094696,0.8163983894242957,14136.917410727128,14996.117410727125,14136.917410727128,16714.517410727127
8.5,0.3,0.0,0.4,0.30460297055607116,0.019128753430508322,0.4871084616242342,0.024212495018425314,0.007593061084731887,0.0038131177596716515,0.9996707261100012,0.009730113923782825,-0.02920757903765391,-0.25031068672340456,0.006333720383017272,0.045591111551900126,0.08387462683492605,15821.234130168072,14962.034130168071,15821.234130168072,13243.634130168073
8.520833333333334,0.3,0.0,0.4,0.3048491364458743,0.018390064280782645,0.48207239811944236,0.02025376352746294,0.01217442202993692,-1.419797878078178e-05,0.999720745163182,0.013351421123597013,-0.03950863994975633,-0.23601075865869428,-0.6444112710925312,0.7152505232630709,-0.6452092434771057,15789.425015486355,14930.225015486354,15789.425015486355,13211.825015486356
8.541666666666666,0.3,0.0,0.4,0.3051943401867285,0.017458747317562955,0.4773233344154961,0.016365728166387376,0.015033898862414437,-0.0021619053184373364,0.9997507044218438,0.019004726519632795,-0.04786379841181697,-0.22258244960754014,-0.1967732530160586,-0.011768998980017042,0.10407395249564191,14226.517062312276,15085.717062312277,13862.476638242126,16440.076638242124
8.5625,0.3,0.0,0.4,0.30566967146274615,0.016373187618303267,0.4728441648222549,0.016957426104288,0.010511580910360339,0.003356820615427421,0.9997953211142961,0.025225053184830135,-0.054889073818071864,-0.209942012395716,0.23888739097684275,-0.7286711278625186,0.8007983829598632,14268.096125829143,15009.136566864778,13890.460891614894,16349.901332650526
8.583333333333334,0.3,0.0,0.4,0.30625080177617225,0.015139456377121873,0.4686233093032835,0.015319202750509327,0.007083930909615654,0.007159824427824568,0.9998319243073404,0.02936545551177068,-0.06212409812704277,-0.1977035574729956,-0.41360983837609067,-0.07594877420888774,0.06636020317380345,15716.24824590164,14857.048245901638,15716.24824590164,13138.64824590164
8.604166666666666,0.3,0.0,0.4,0.3069021128508198,0.013766689600570384,0.46464917873842554,0.006998331392148436,0.010349317378183105,0.003135872692079154,0.9999170372035824,0.03259609181893581,-0.06804127066798976,-0.18612092325604865,-1.0627827867368536,0.5725972150719719,-0.6722140367583285,15692.16699338875,14832.966993388749,15692.16699338875,13114.566993388748
8.625,0.3,0.0,0.4,0.30763707858645406,0.012314875345463282,0.46090933638957315,0.000528765622874697,0.011853168002406204,0.000827247613420924,0.9999292667367071,0.03727693311874202,-0.07028623643857726,-0.17510738314627314,-0.3318901628049883,-0.14069758321871498,0.09285887773801144,13953.075271341157,14812.275271341157,13953.075271341157,16530.67527134116
8.645833333333334,0.3,0.0,0.4,0.30847457699322856,0.010848343685582115,0.4573875782758828,0.0014999254383405872,0.006020802033124033,0.005591894077019094,0.9999651148351071,0.04193948629536808,-0.07039218311826287,-0.16499929958208032,0.38731676541285504,-0.837324596207276,0.6997482116318837,14111.866825792014,14609.328272839,14111.866825792014,16327.728272839002
8.666666666666666,0.3,0.0,0.4,0.30937833047773305,0.009374860802001408,0.45407400771220585,0.0014627546868455155,0.0012146124218509037,0.008174847089247813,0.9999647778499292,0.04395541946375538,-0.07106291450734696,-0.15508406054386664,-0.25680384889192487,-0.21259168393743155,-0.05581161948738672,15632.320890324041,14773.12089032404,15632.320890324041,13054.720890324039
8.6875,0.3,0.0,0.4,0.31030066509040466,0.007889877949614158,0.4509593159221726,-0.005189384313694177,0.002945472482484297,0.002845527556414039,0.9999781484888685,0.04446784626420888,-0.07115772074321702,-0.1457871624901656,-0.8943598934315266,0.4115474516656325,-0.8152614706669148,15610.819200849743,14751.619200849742,15610.819200849743,13033.21920084974
8.708333333333334,0.3,0.0,0.4,0.31124214273442913,0.006437631740824612,0.448031132659265,-0.010023072686095565,0.0029414274707111623,-0.0007405162079297912,0.9999451673237436,0.045797785451910454,-0.06834224455907778,-0.13707022614568504,-0.18064181087327863,-0.280126884803251,-0.02636004102356057,13873.375027734699,14732.5750277347,13873.375027734699,16450.9750277347
8.729166666666666,0.3,0.0,0.4,0.3122087627443318,0.005066914700320209,0.44527746438886756,-0.007467411535173676,-0.004324662395097508,0.0038683585842582756,0.9999552844312571,0.04650813915047646,-0.06411529098528178,-0.1289132132102558,0.5305915737645586,-0.966905916803712,0.7670177431521106,13854.86153533907,14714.061535339068,13854.86153533907,16432.46153533907
8.75,0.3,0.0,0.4,0.31315187331094874,0.0037707740396996274,0.44268786757004214,-0.005843467189116506,-0.010601013571911311,0.006963502827532015,0.9999024862609498,0.04397878904566395,-0.061153922166137166,-0.12122909756251904,-0.09136068671402761,-0.35584076648459717,-0.008814078879868875,15556.870712360876,14697.670712360876,15556.870712360876,12979.270712360878
8.770833333333334,0.3,0.0,0.4,0.31401144204362474,0.0025296608198051842,0.4402518611638792,-0.010706973876441596,-0.010431798743279187,0.0020603574124855245,0.9998861401243252,0.03934729211524349,-0.058354525814906515,-0.11406647643305029,-0.7067864147044045,0.25490843233495775,-0.7883225452247394,15540.027481100275,14680.827481100274,15540.027481100275,12962.427481100276
8.791666666666666,0.3,0.0,0.4,0.3147760642171232,0.0013720451372644586,0.43795746590550294,-0.013951412400992336,-0.009359853798260431,-0.001148670474962765,0.9998582058397243,0.03504978866954771,-0.05340342483349924,-0.10751291045711626,-0.04329939032826463,-0.005342428608040101,0.004807860064526215,13533.989813486714,14939.644681400645,14080.444681400644,16111.589813486713
8.8125,0.3,0.0,0.4,0.3154552804353858,0.0003321694017232797,0.43579642709901883,-0.010077808727832113,-0.013349676703425632,0.0038619589059666363,0.999852643731349,0.030855615387552583,-0.0476858521474804,-0.10120847180630504,0.64120163965001,-0.6228185420495397,0.8130898810177749,13755.616780439846,14693.519375050175,13834.319375050174,16333.216780439845
8.833333333333334,0.3,0.0,0.4,0.3160264917712199,-0.0006091442794275108,0.4337618451323559,-0.007157970146891386,-0.016100580087644277,0.007355247270047625,0.9998177009444342,0.02486372598873136,-0.04379232523692061,-0.09529726977333812,0.033474717815773894,-0.018149128707724352,0.02774271514823448,15498.861128526103,14639.661128526102,15498.861128526103,12921.261128526101
8.854166666666666,0.3,0.0,0.4,0.31646082402075587,-0.0014828361781078078,0.43184521575440693,-0.010641823474689716,-0.01245680734499074,0.0028296639710317798,0.9998617767200196,0.018268235553545082,-0.040610661591455974,-0.08979797920016998,-0.5711790381653978,0.5866804184338573,-0.7554430818488282,15484.82261573047,14625.62261573047,15484.82261573047,12907.222615730472
8.875,0.3,0.0,0.4,0.31677653564868413,-0.0022723243118335282,0.43003964957332,-0.012335457052524045,-0.01055784481533963,6.291662770457424e-05,0.9998681735377212,0.013307986848359665,-0.035866369029240674,-0.08458002128549955,0.11376586836595501,-0.09327587131246046,0.05411598167960849,13756.246359454195,14615.446359454196,13756.246359454195,16333.846359454197
8.895833333333334,0.3,0.0,0.4,0.3169970140169043,-0.0029563891796958877,0.4283371816838866,-0.007592208542912016,-0.014740137240244448,0.005503526993235067,0.9998473873117909,0.008621116822965798,-0.03098212707404948,-0.07981086857631715,0.6743766059937447,-0.5952487146214627,0.8503764701406762,13710.847328170566,14788.602875335957,13779.903720650876,16138.948173485485
8.916666666666666,0.3,0.0,0.4,0.31709853915811004,-0.003563485773345913,0.42673204203689424,-0.004305928602939661,-0.017204109932831207,0.009407937476953737,0.9997984638379452,0.0021309149153205123,-0.02821009549069038,-0.07520802627540266,0.06844353037396078,0.009469643722931992,0.06895938669535143,15453.675940853758,14594.475940853757,15453.675940853758,12876.07594085376
8.9375,0.3,0.0,0.4,0.31705441994250144,-0.004128172783700562,0.4252185092937317,-0.0074069072343999655,-0.013286360901614926,0.005327561048178176,0.9998701052799263,-0.004838227240341747,-0.02629976215532033,-0.07094145482738554,-0.5355498425933002,0.6139020329264955,-0.7096196103760318,15442.183748931831,14582.98374893183,15442.183748931831,12864.583748931833
8.958333333333334,0.3,0.0,0.4,0.3168850698727008,-0.004637139003927482,0.42379199649736543,-0.008717562960245034,-0.01111541815628206,0.0029964681571015605,0.999895730940896,-0.010080509419986197,-0.022986976372583148,-0.06682410416813213,0.15004832071064447,-0.06618620437889308,0.09425710051962843,13717.55156782379,14576.75156782379,13717.55156782379,16295.151567823792
8.979166666666666,0.3,0.0,0.4,0.31661699683380984,-0.005072097912155999,0.4224392191369977,-0.00494878100336544,-0.012373763382512273,0.006966890341017166,0.9998869245996321,-0.014779788865302847,-0.019621850462476467,-0.06367205318942093,0.49638510900701405,-0.1495508781254296,0.5807875631401052,13855.735209510523,14821.123434877089,14208.496037801251,15389.355749997252
9.0,0.3,0.0,0.4,0.31624548820018694,-0.005455859786580043,0.42116172371231975,-0.0035653375822908575,-0.010169283416565221,0.008173850676689265,0.9999085269202543,-0.01985029308443654,-0.017805830467222263,-0.05975000722103472,-0.11536065024411186,0.4548375340855444,-0.1918140898833874,15428.515224036379,14569.315224036378,15428.515224036379,12850.91522403638
9.020833333333334,0.3,0.0,0.4,0.31578096378333015,-0.005806716742346497,0.41996029375209193,-0.008764268533394648,-0.005172851808853699,0.0014077357268781209,0.9999472223479404,-0.02365843496239418,-0.016017371787914344,-0.05627813345094979,-0.7515075718461515,0.4870423090345349,-0.9642042484592226,15793.504284969193,14183.493335469699,15042.6933354697,13215.90428496919
9.041666666666666,0.3,0.0,0.4,0.315261763340521,-0.00609356715281263,0.4188317385921484,-0.01228562890898228,-0.004300960656287603,-0.0036454941124959466,0.999908633542295,-0.025592124812820194,-0.011952921484080815,-0.05277046992552839,-0.06063995480852799,-0.19411153405527898,-0.169069737053692,13695.051851558328,14554.251851558329,13695.051851558328,16272.65185155833
9.0625,0.3,0.0,0.4,0.314707019106878,-0.006279873988093519,0.4177711207612054,-0.008981746528156656,-0.003693547447636805,-0.0007288594418089926,0.9999525762257279,-0.02735717997556902,-0.007010460476070193,-0.049668090502307125,0.5666013712439824,0.23077341679363567,0.5808297252975811,12962.342418646665,15266.558246228811,14407.358246228814,15539.942418646668
9.083333333333334,0.3,0.0,0.4,0.3141201829083533,-0.0063800366700565775,0.4167732924527902,-0.006962686510519767,0.0017728597991828654,0.0006457374111229097,0.9999739801554262,-0.028494447286186404,-0.003559692745990334,-0.04670968505498594,-0.05667651919155545,0.7225420982415566,-0.17144556786182058,15458.469202764492,14475.321722122699,15308.084332860224,12907.306592026966
9.104166666666666,0.3,0.0,0.4,0.3135371302688893,-0.006416565807302662,0.41582989533103076,-0.011771023308117556,0.005059863482462463,-0.003624599546133932,0.9999113476053508,-0.02734879459941391,-0.0004017207200498628,-0.044336095032864425,-0.735557998778574,0.040425348405887074,-0.5682366344923276,15843.648560700749,14079.850502559399,14125.248560700747,14079.850502559399
9.125,0.3,0.0,0.4,0.3129927539746352,-0.00636299126748668,0.41494155525271337,-0.015040981520643695,0.0012152562214396985,-0.004715475480260891,0.9998750203491469,-0.025407537783087554,0.00485351598625068,-0.04151686767109297,-0.0376521085159891,-0.6414070393859383,0.21663616767352545,13672.097658181367,14531.297658181367,13672.097658181367,16249.697658181369
9.145833333333334,0.3,0.0,0.4,0.31246936268408454,-0.006185620413539298,0.4141036348062921,-0.011443874830783178,-0.0015271915702200587,0.0008273999479946831,0.9999330081680928,-0.025196793781894638,0.010865215785796252,-0.03935310673048098,0.5965546475046646,0.0011163935890786403,0.7502769867525709,13023.971108843321,15157.058557434812,14742.37110884332,15157.058557434812
9.166666666666666,0.3,0.0,0.4,0.3119380515206558,-0.005901092220362201,0.4133146230446761,-0.009088076659758953,0.002200286370626232,0.003893992651767054,0.9999486998960204,-0.025609337367952217,0.015281671353482261,-0.036880500108849745,-0.0241305308384146,0.6009732739651961,-0.013632088740548554,15377.424402243872,14518.224402243872,15377.424402243872,12799.82440224387
9.1875,0.3,0.0,0.4,0.31141666665416023,-0.005535185018035093,0.41257345899109094,-0.011410439701088898,0.004198332984688942,-0.0009313121416958382,0.9999256514979862,-0.024409819139722087,0.019154637373024672,-0.034708930981663756,-0.36132260308715225,-0.0888194239474461,-0.7636566264389578,15996.814189623874,13419.214189623872,14746.430199484268,13887.230199484271
9.208333333333334,0.3,0.0,0.4,0.3109289907298991,-0.005077734006320556,0.4118754427429809,-0.01089317672752718,0.0009590465795395954,-0.004108245439262109,0.9999317682971433,-0.022849408928440812,0.02391306227700265,-0.032703450221031834,0.31917226149186506,-0.4663377654330353,0.007322506727151817,13449.473164726242,14704.97252249347,13845.77252249347,16027.07316472624
9.229166666666666,0.3,0.0,0.4,0.3104580373981379,-0.00452617662311415,0.4112191331804225,-0.003669144796344179,2.9632812573319768e-05,0.000549251258425154,0.9999931173870223,-0.022604414891528615,0.027891989927163848,-0.030696936298166146,0.9406920912419718,0.16548080289704534,0.7433792215044748,12783.25825901848,15360.858259018478,14501.658259018477,15360.858259018478
9.25,0.3,0.0,0.4,0.30998941874403063,-0.0039285251598750025,0.41060400626399357,0.002251559531331404,0.005567447303714777,0.0036021125286859034,0.9999754790971267,-0.02222133529966755,0.028785853589024822,-0.02874410019787535,0.3171237723303538,0.7784737497953016,-0.00643051939404532,15357.772654658369,14498.572654658368,15357.772654658369,12780.17265465837
9.270833333333334,0.3,0.0,0.4,0.3095567018471279,-0.0033402887160745008,0.4100283285127013,0.0012439283158134325,0.009311955737464262,-0.0012657008117506197,0.9999550680526319,-0.019478519066939436,0.02780446876933762,-0.02689614648533924,-0.3825235770870637,0.08358410320152904,-0.7703517534531243,16213.91168407414,13636.311684074142,14495.51168407414,13636.311684074142
9.291666666666666,0.3,0.0,0.4,0.30919781587774886,-0.0027679596623250767,0.40948886131175544,0.0017080651921894312,0.005815723635577443,-0.004553343874744014,0.99997126305282,-0.0157982206000662,0.027341973838849867,-0.025225317981645356,0.3210811246778372,-0.6159929141485071,-0.01283318062848915,13630.520902223943,14489.720902223944,13630.520902223943,16208.120902223945
9.3125,0.3,0.0,0.4,0.3088978747871726,-0.0022091068890975354,0.40898063927964595,0.006297580427183711,0.0034306988151868445,6.12099339307416e-05,0.9999742831891961,-0.013704716219256825,0.026263472357207444,-0.023839654642253596,0.5199306369882535,0.0236391948375958,0.7436344409395689,13048.368404818459,15625.968404818457,14202.493018169636,15061.693018169637
9.333333333333334,0.3,0.0,0.4,0.30863159281340297,-0.0016951153934513833,0.4085025949168995,0.007806050174973065,0.00760975185023943,0.0031844779490032954,0.9999355060990863,-0.012041340192777325,0.023422823459488644,-0.02235418170713159,-0.10580386155122704,0.6488731754262502,0.00938869992887753,15342.218300501878,14483.018300501877,15342.218300501878,12764.61830050188
9.354166666666666,0.3,0.0,0.4,0.30842090749118395,-0.0012456674847220143,0.4080533137094088,0.002815924341153681,0.010095042688983164,-0.0015849715145985102,0.9999438226963104,-0.00857572973967614,0.02050671081097605,-0.021041728184181874,-0.7378664407650921,-0.030786533823331796,-0.7573062478032617,16151.403428134548,13573.80342813455,14525.159191793176,13665.959191793176
9.375,0.3,0.0,0.4,0.30829255231633823,-0.000832105093889321,0.40763060810894414,-0.0004153509882010357,0.005392510419971514,-0.0047893016685835975,0.9999739051117555,-0.004690100190984765,0.019708156202260834,-0.019784983172575262,-0.03436346166952606,-0.7299368010917325,-0.0018973185171358153,13616.259264103734,14475.459264103734,13616.259264103734,16193.859264103732
9.395833333333334,0.3,0.0,0.4,0.308221283646057,-0.0004209485190397901,0.40723314928180865,0.0031689775135745053,0.001634043758525738,-0.00016921204841673256,0.9999936294046059,-0.0028865575622349783,0.019666053334194026,-0.018604054027735885,0.5942534996282717,-0.11623922014541649,0.7399340512652097,12753.34071619402,15330.940716194018,14471.740716194017,15330.940716194018
9.416666666666666,0.3,0.0,0.4,0.30817049123794304,-2.8499898174133944e-05,0.4068594829884007,0.005481571311572447,0.004318510263444043,0.0028979416471828856,0.9999714519821404,-0.002096736970060896,0.018053571283232654,-0.017492628204952326,-0.027064243637275012,0.5047688235427275,3.0051337771230813e-05,15328.488772392826,14469.288772392825,15328.488772392826,12750.888772392827
9.4375,0.3,0.0,0.4,0.3081493716524708,0.0003209367478066472,0.4065079949402649,0.0008794852800479418,0.005265725540638142,-0.0019427452329144489,0.99998386206035,-0.00012326246894268716,0.016052249156817525,-0.01645773458252827,-0.7246063564641236,-0.1817043189852401,-0.7682879506903741,16185.410709801556,13607.810709801553,14467.010709801554,13607.810709801553
9.458333333333334,0.3,0.0,0.4,0.30817216294779776,0.0006517383628312269,0.40617577202926897,-0.0023617955846972085,0.0004941081203581044,-0.005220984025863223,0.9999834594154962,0.0017233383493666877,0.01605535980179321,-0.015604425618389074,-0.042276251017384525,-0.6412000129505357,-0.00791513693922219,13449.605912423736,14619.250461973017,13760.050461973016,16027.205912423738
9.479166666666666,0.3,0.0,0.4,0.30820966453936516,0.000996960066220827,0.40586224365185014,0.0011119233097648471,-0.0023369262859495635,-0.0006659426849984343,0.9999964294548394,0.0015904101741673117,0.016831126434408004,-0.01467920978900379,0.5790170176998677,-0.02573720051001567,0.736812135511851,12744.169617470005,15321.769617470007,14462.569617470006,15321.769617470007
9.5,0.3,0.0,0.4,0.3082320439317622,0.0013409831280295353,0.40556737627342837,0.003317534212625575,0.0012661364827557672,0.0023205688255867173,0.9999910028722663,0.0008222866129098823,0.016074943621131318,-0.013803777403475265,-0.035884731454947846,0.592272695788805,-0.00982843666532357,15320.069516055552,14460.86951605555,15320.069516055552,12742.46951605555
9.520833333333334,0.3,0.0,0.4,0.30825631990905855,0.0016602421943688486,0.40529003891399185,-0.0011400584132829125,0.0031314475260816117,-0.0026115545799003403,0.9999910370027733,0.001612679323149341,0.014955806884529684,-0.012984662222067338,-0.6938394477563175,-0.09431970313168397,-0.7782387401977324,16154.929890518397,13577.329890518395,14482.731941187514,13623.531941187513
9.541666666666666,0.3,0.0,0.4,0.3083041544986885,0.0019784450710811285,0.40502906841396547,-0.004010219296378715,-0.002188238554683075,-0.005939723729743606,0.9999719243234967,0.0025806493541096027,0.015760516711890483,-0.01222153198690941,-0.00374397866338097,-0.7881024145412685,-0.00843294358839533,13597.796928631458,14456.996928631459,13597.796928631458,16175.396928631457
9.5625,0.3,0.0,0.4,0.30834530809651073,0.0023258936055754373,0.40478286007516656,-0.00012972989212073536,-0.006541823510026602,-0.00140575239452409,0.999977605537006,0.0012278024607780499,0.01718367093550337,-0.011550503316275128,0.6142403669761449,-0.1711298686894041,0.737746492010848,12735.55918995252,15313.159189952523,14453.959189952522,15313.159189952523
9.583333333333334,0.3,0.0,0.4,0.30833810723398997,0.002683506351096161,0.4045502328883073,0.0025048100240636015,-0.004460798162297428,0.0015436919655474957,0.9999857220088766,-0.001385860171646036,0.016903289911175096,-0.010910042557237567,0.007817348949441916,0.44606370675422213,-0.015503675359990587,15312.32941782186,14453.12941782186,15312.32941782186,12734.729417821862
9.604166666666666,0.3,0.0,0.4,0.30828733896105165,0.0030240237207439145,0.4043292499701241,-0.0015658457155112182,-0.0018338113698845937,-0.0034153937981970684,0.9999912601359365,-0.002939410747144995,0.016081939405150156,-0.010403399505283972,-0.6554201679829458,0.12513494112116438,-0.783182890154922,15930.064498144595,13835.587293308006,14694.787293308007,13352.464498144596
9.625,0.3,0.0,0.4,0.30821583816626896,0.0033678165098103893,0.40412047538704476,-0.0041202049138531005,-0.0046232293514220845,-0.006739670538036499,0.9999581123741488,-0.0037993788506574533,0.017039494184532347,-0.0097677361460203,0.02533501262406984,-0.5297014805303715,-0.008106992273821723,13567.979028314749,14479.416491475291,13620.21649147529,16145.579028314747
9.645833333333334,0.3,0.0,0.4,0.30811262590817495,0.00374244106481641,0.403923864631143,3.401635203167798e-05,-0.006288754443983162,-0.0021858673505460806,0.999977835951556,-0.00592111282275376,0.01848890260833147,-0.00921825249166661,0.63998169917981,0.08593713581014752,0.7399266477212826,12731.530914629486,15309.130914629484,14449.930914629484,15309.130914629484
9.666666666666666,0.3,0.0,0.4,0.3079587904847095,0.004126332064891588,0.403738625579782,0.002927396059546753,-0.0015222442717533389,0.0007890667773045948,0.9999942452325956,-0.008204289003877523,0.018121304105618703,-0.008672367202936846,0.032571030375399365,0.7039340509257239,-0.011692885231191136,15308.922531366294,14449.722531366293,15308.922531366294,12731.322531366295
9.6875,0.3,0.0,0.4,0.3077811997076052,0.00449002826034283,0.40356522011660056,-0.0010332663843829353,0.0014960551618852362,-0.004174378660584712,0.9999896343174411,-0.008455651368632853,0.017113592524488477,-0.008090017075315795,-0.6578116652663659,0.01687094769021094,-0.7831838071209348,16169.05822843887,13591.45822843887,14450.658228438868,13591.45822843887
9.708333333333334,0.3,0.0,0.4,0.30761139733731485,0.004852500564439528,0.4034030701987821,-0.00355966911767647,-0.002682522796599208,-0.007536830251757586,0.9999616637736541,-0.008055062166454487,0.01784443939447288,-0.007579372388080984,0.027852826017764398,-0.6792280292642507,-0.012298601226958833,13588.89672396177,14448.096723961771,13588.89672396177,16166.496723961773
9.729166666666666,0.3,0.0,0.4,0.30742897293178206,0.005240936606502958,0.4032502202905907,0.0006518675655982118,-0.0059107000990629285,-0.003035674586040512,0.9999777114380218,-0.009506025690618331,0.019055528954529926,-0.007176342094030407,0.646385659591629,-0.0654757607694202,0.73431026702238,12726.151677425376,15303.751677425378,14444.551677425377,15303.751677425378
9.75,0.3,0.0,0.4,0.30720190306607825,0.00563346187183031,0.4031056601510688,0.0036189365489293687,-0.0027046654282423532,-0.00011097500374339179,0.9999897878317181,-0.011758570726570374,0.018430766336811205,-0.006780585900377172,0.040684758495243126,0.5545237771114638,-0.016266303679464578,15303.658950779482,14444.45895077948,15303.658950779482,12726.058950779483
9.770833333333334,0.3,0.0,0.4,0.3069439204669323,0.006000049994682313,0.40296931466291525,-0.00022964308382953408,-0.000650921355793877,-0.00511647504540205,0.9999866725354656,-0.012586443195269694,0.017133435383983726,-0.006385798358645631,-0.6433067231041049,-0.036704062080808175,-0.7883858572839941,16103.037298521482,13647.855485508204,14507.055485508205,13525.43729852148
9.791666666666666,0.3,0.0,0.4,0.3066778925767859,0.00635888093880134,0.40283936167237483,-0.002786792963344739,-0.002535572520537012,-0.008564518259137016,0.9999562258838941,-0.01295203426003083,0.017537184895058282,-0.006139608651893296,0.017316379221493983,-0.27574475195508263,-0.025512192622951707,13283.466620730527,14746.422259809751,13887.22225980975,15861.06662073053
9.8125,0.3,0.0,0.4,0.30639566660596995,0.0067370153164104446,0.4027162982840003,0.0012785038216841195,-0.0015734948212142738,-0.0041813098199567945,0.9999892030368204,-0.01399657793237254,0.01844269788800464,-0.005751816292951502,0.6366472483219099,0.33484905925259084,0.7204225162212282,12725.478544294889,15303.07854429489,14443.87854429489,15303.07854429489
9.833333333333334,0.3,0.0,0.4,0.3060979846372379,0.007113632196754234,0.4025998930520213,0.00394418319641911,0.0037765203582857776,-0.001395678827559034,0.9999841165706117,-0.014241798499301963,0.01757994023312971,-0.005478602810985625,0.0030555878421616722,0.6300723796721016,-0.03042279790541033,15518.464414517628,14229.838082532959,15089.03808253296,12940.86441451763
9.854166666666666,0.3,0.0,0.4,0.30582148771750706,0.00746071937631603,0.4024890688167902,0.0003668267225857712,0.006100341591585744,-0.006019430065710338,0.999963208189334,-0.012383617516850338,0.01614278435735709,-0.005215023324049353,-0.579410548237722,-0.043423442347893554,-0.713728591414609,15998.002107358603,13605.370372065769,14429.529773122089,13755.298037829252
9.875,0.3,0.0,0.4,0.3055931971384994,0.007795365853433521,0.4023859656501864,-0.0012966182454499588,0.0013226307792471251,-0.008713299601910864,0.9999603231323705,-0.010150051888384165,0.01621798542275654,-0.004770140594441571,0.11021985339007656,-0.7341988897915037,0.04836782564772263,13580.432884448495,14453.190668441424,13593.990668441424,16158.032884448497
9.895833333333334,0.3,0.0,0.4,0.3053873493267381,0.008137902007058951,0.40229085123689223,0.003810986341259235,-0.002482008825133009,-0.0035706925263956544,0.9999832829453603,-0.010014726518192811,0.016420806070697125,-0.004428674422941432,0.736012272105766,-0.12458754661051408,0.7930647598608312,12723.754008940094,15301.354008940092,14442.154008940091,15301.354008940092
9.916666666666666,0.3,0.0,0.4,0.30516697731336057,0.00845907169896719,0.4022024189682617,0.007675544152300396,0.0001617687199584355,1.689768565432771e-05,0.9999705293493981,-0.010914092593374388,0.014430678984463204,-0.004124948613016037,0.12574693657784192,0.5012662550521028,0.05076010110520729,15300.419400766234,14441.219400766233,15300.419400766234,12722.819400766235
9.9375,0.3,0.0,0.4,0.3049413166588255,0.008721341726058174,0.4021190235746832,0.004747326306117727,0.002470361189300472,-0.0042906829546074466,0.9999764748474439,-0.01057239985508406,0.011405295551100035,-0.003921337393284282,-0.5544784154148826,0.041785004683772775,-0.7184022668512273,16015.80234527895,13726.614747662748,14585.81474766275,13438.20234527895
9.958333333333334,0.3,0.0,0.4,0.3047327812509188,0.008935042582815455,0.4020400439614264,0.003235069477287816,-0.00020567390034119021,-0.007033178401033451,0.9999700127630343,-0.009697544311371901,0.009690565110084853,-0.003702192092494407,0.12303162614045174,-0.45349861380403267,0.03989839418236102,13444.249726567428,14579.678000609103,13720.478000609102,16021.84972656743
9.979166666666666,0.3,0.0,0.4,0.3045293716572673,0.009118533736801906,0.4019663932794714,0.008419582625683158,-0.0011034187841560744,-0.001932625018836094,0.999962078308939,-0.009961285823065874,0.00804258887594489,-0.003425588246015129,0.7436734015181846,0.1508827654640313,0.7910053384392014,12721.689708965656,15299.289708965658,14440.089708965657,15299.289708965658
10.0,0.3,0.0,0.4,0.30431814326867185,0.009241666071653973,0.4018978458803156,0.012325279553352117,0.004446816294788524,0.0016493862301728542,0.9999127926143538,-0.01005821532521481,0.004171247603958029,-0.003205962176650977,0.127450032035239,0.7809709691665369,0.05721330480762582,15298.367019189864,14439.167019189863,15298.367019189864,12720.767019189865
10.020833333333334,0.3,0.0,0.4,0.3041328218575001,0.009266597280735447,0.4018335124619256,0.00933641772141086,0.008312517531272835,-0.00268012015957957,0.9999182718164289,-0.007794739651468494,-0.0007411756111442484,-0.00301179768822614,-0.5704232914144584,0.10694590989587166,-0.7183459463064694,16157.894404596023,13580.294404596025,14439.494404596022,13580.294404596025
10.041666666666666,0.3,0.0,0.4,0.3040117129389294,0.009203867951642892,0.40177312855371067,0.00780639615474182,0.004962074450861752,-0.005494945146058267,0.9999421201119898,-0.0045576485964992875,-0.0043239114756204,-0.0028182803066315173,0.1279657271330701,-0.6031295461953445,0.027255020436236427,13579.739298924957,14438.939298924957,13579.739298924957,16157.339298924959
10.0625,0.3,0.0,0.4,0.303941111072276,0.009072360708979033,0.40171569427401393,0.012147540834931832,0.0025472907910016494,-0.0004679429428153167,0.9999228618201966,-0.0028461290719493143,-0.007791516232600554,-0.0027164980983433334,0.6080942262445306,0.005993916846737696,0.7815462350864372,12815.640783665101,15393.2407836651,14341.013839580643,15200.213839580643
10.083333333333334,0.3,0.0,0.4,0.3038962388189591,0.008847243176334755,0.401660616573326,0.014597468944111175,0.006614680998068417,0.003082025294248218,0.9998668216396648,-0.001572942261837659,-0.01305216304542821,-0.002602061135367228,-0.01394955063087873,0.6388604836012595,0.056148454062798586,15295.878551761882,14436.678551761881,15295.878551761882,12718.278551761883
10.104166666666666,0.3,0.0,0.4,0.303898282757986,0.00850253282781919,0.4016071513133628,0.010135759966413027,0.009015311408880669,-0.00126130513611396,0.9999071955133925,0.0014567797038418072,-0.018750003523202267,-0.0025426148660597473,-0.7130816674270557,-0.03302384938307959,-0.7192574088023712,16154.20969412828,13576.609694128278,14435.809694128278,13576.609694128278
10.125,0.3,0.0,0.4,0.30397296495375487,0.008061298847948739,0.40155573791373167,0.007136233088936914,0.004214533733859708,-0.004095907427438174,0.999957266799463,0.004858461452385778,-0.022518207375685568,-0.0024103568928100032,-0.01238279382332283,-0.7411370617576807,0.0252998054558633,13577.82660156444,14437.026601564441,13577.82660156444,16155.426601564443
10.145833333333334,0.3,0.0,0.4,0.3040941814052983,0.0075545862572046945,0.4015076366037423,0.010926469730083287,0.0003019186500355117,0.0008890209447659529,0.9999398635648676,0.0061419124393059295,-0.02562380354149011,-0.0022406669290689495,0.6120446424202557,-0.13907161087368797,0.7760633109399064,12718.704848092199,15296.304848092197,14437.104848092196,15296.304848092197
10.166666666666666,0.3,0.0,0.4,0.30422454954527567,0.00696438824289688,0.4014618452534774,0.013444327498904288,0.002829162786501843,0.004371768818686174,0.9998960613650929,0.006370618428983942,-0.03037462428641897,-0.0021751574696216814,-0.007225209020975454,0.49055857365083216,0.04596804921106126,15293.582299054855,14434.382299054854,15293.582299054855,12715.982299054856
10.1875,0.3,0.0,0.4,0.30437220423521283,0.006264823947267176,0.40141673207329004,0.009076876050018985,0.0036740497079673336,-5.9098575919211066e-05,0.9999520529441771,0.007725468478919445,-0.03559426993332491,-0.0021569045899013507,-0.6989393630338431,-0.18443356535841862,-0.7336737976113124,16151.666653786393,13574.066653786394,14433.266653786392,13574.066653786394
10.208333333333334,0.3,0.0,0.4,0.30455033662716574,0.005478369133097424,0.40137172663006526,0.006045629343894169,-0.0006818680701586185,-0.002978347159125339,0.9999770571717987,0.008925220697533544,-0.03890728271881893,-0.0021568182665971437,-0.02292076962072037,-0.5699907667411477,0.01951083050577765,13366.81323760526,14645.812140345839,13786.612140345842,15944.413237605262
10.229166666666666,0.3,0.0,0.4,0.30473194072761095,0.004636900647057071,0.40132762954196705,0.007412065012985414,-0.002669666933821025,0.001981235621296854,0.9999670038936878,0.008363199436543728,-0.041410080608443096,-0.0020907902081956594,0.22953976337479257,0.05689652399824713,0.7793234406982272,12958.541100800161,15536.14110080016,14199.316086597235,15058.516086597236
10.25,0.3,0.0,0.4,0.30489406977809097,0.0037372435157064557,0.4012863596184654,0.005980120527122361,0.0018410359119633362,0.0054437356850883896,0.9999656066520702,0.007538008067084998,-0.04439250572594529,-0.0019076219088859838,-0.3875393769540506,0.6773293514172043,0.040321851730282465,15296.614649142088,14437.414649142087,15296.614649142088,12719.01464914209
10.270833333333334,0.3,0.0,0.4,0.3050615367592391,0.002784957722993513,0.40124818277913715,-0.0015432826154544166,0.004664907316498763,0.0010121622829855515,0.9999874161438285,0.008639550522341123,-0.04627288918801593,-0.001780902839863343,-0.952017088693543,-0.0023757089349877025,-0.7272571908495628,16074.439208245676,13496.839208245678,14518.43704770095,13659.23704770095
10.291666666666666,0.3,0.0,0.4,0.3052638122509805,0.001831232961448512,0.4012144780326399,-0.007070641511899615,0.000359918525921232,-0.0018180647909064149,0.9999732852070004,0.010305412471308471,-0.04503075269010578,-0.0015105266962492521,-0.2537796446535228,-0.6882188762687956,0.04063575405337938,13580.90603428469,14440.10603428469,13580.90603428469,16158.506034284692
10.3125,0.3,0.0,0.4,0.3054791592172224,0.0009292804798029385,0.40118593077581516,-0.005837941237094186,-0.0029440072958909595,0.003181273656742504,0.9999735650311337,0.010070722417854597,-0.042097928908669355,-0.0012775304089734062,0.36246446859777587,-0.06275813209573394,0.7777898904266469,12720.708723522028,15298.308723522026,14439.108723522026,15298.308723522026
10.333333333333334,0.3,0.0,0.4,0.3056747777577339,8.248100115710073e-05,0.4011612395969437,-0.005886901765078187,0.00014338549248153634,0.006572212427485941,0.9999610641680089,0.008999218187705134,-0.039781651333726326,-0.0011221348246721768,-0.25472294449267674,0.5375186117880894,0.022278276468027602,15295.35049181851,14436.15049181851,15295.35049181851,12717.750491818511
10.354166666666666,0.3,0.0,0.4,0.30586314770484646,-0.0007139030692893798,0.401138252426605,-0.011526135819213348,0.0014717355349431016,0.002088291337437073,0.9999303081849665,0.009258502654743287,-0.036964271184756176,-0.0010941983832361661,-0.736450995326829,-0.15592042678314377,-0.7307954652175861,16020.355583197925,13442.755583197923,14568.312915408394,13709.112915408394
10.375,0.3,0.0,0.4,0.306061770998621,-0.0014235840559869814,0.40111582472442087,-0.014921087954765596,-0.0031516812751208505,-0.000740092529810806,0.9998834333573257,0.00955334138087432,-0.031831642220935666,-0.001071950157388626,-0.05382122326426628,-0.6421575327212071,0.046433566328391435,13456.222628641925,14557.134488990723,13697.934488990722,16033.822628641927
10.395833333333334,0.3,0.0,0.4,0.3062436855267836,-0.002011325811295207,0.4010943201819105,-0.011636880218808486,-0.005929493805031856,0.004254970015691249,0.9999056552256091,0.007924131530466238,-0.02587410253686759,-0.001005555706602052,0.5553554887343214,-0.003575121582943319,0.77827645001107,12717.355749018741,15294.95574901874,14435.75574901874,15294.95574901874
10.416666666666666,0.3,0.0,0.4,0.30637939258815133,-0.0024914885229974427,0.4010740545631933,-0.009643234022210742,-0.00231291234985746,0.007597509334403057,0.9999219651182628,0.0056660516538001105,-0.0213785253585503,-0.0009451293593768179,-0.05908063780548996,0.5877851351478334,0.01305844081214852,15293.632727851204,14434.432727851203,15293.632727851204,12716.032727851205
10.4375,0.3,0.0,0.4,0.306485782807282,-0.0028858498620782276,0.40105539468609797,-0.014482854242572623,-0.0005829123754175494,0.003030271125046488,0.9998903562906584,0.004947963939215923,-0.01714819799060785,-0.0008650077848872902,-0.7380348592368912,-0.127046294406864,-0.7412656537381694,16152.94577732866,13575.345777328661,14434.545777328658,13575.345777328661
10.458333333333334,0.3,0.0,0.4,0.3065842474677922,-0.0031678647969382327,0.4010361638250232,-0.017928666992194215,-0.004672823743300359,0.00011962933655032776,0.9998283419202363,0.004438726376859352,-0.010826630433579086,-0.0009714227752412746,-0.05938322957202746,-0.5781275503131605,0.03986726118193887,13434.048763159233,14573.4003539964,13714.200353996403,16011.648763159235
10.479166666666666,0.3,0.0,0.4,0.306652068903801,-0.0033029058463477077,0.40101512804965067,-0.014721250927582148,-0.006767940681928191,0.005032356380901131,0.9998560672113305,0.002243065471449721,-0.003658009035769764,-0.0010350745744511683,0.5462170549674296,0.06558959603956419,0.76930073867642,12714.32362768507,15291.923627685068,14432.723627685067,15291.923627685068
10.5,0.3,0.0,0.4,0.3066653278887418,-0.0033049439097670354,0.40099290843336066,-0.012290560961862325,-0.002442736625899565,0.008266860742417293,0.9998873107318068,-0.00030493994438333906,0.0020512476455381056,-0.0010796190243770804,0.015406544288739527,0.6573726581391007,-0.0008158325981495185,15237.621540421798,14378.421540421798,15347.692476911358,12770.092476911359
10.520833333333334,0.3,0.0,0.4,0.3066468851446231,-0.0031989868154090255,0.4009698306136602,-0.014124124456920061,0.00013405684750762427,0.00363103338416253,0.9998936477114204,-0.001014406540015753,0.007154503000131736,-0.0011266354264794609,-0.30814984182200705,-0.036855951186439556,-0.7456633704171958,15920.87028183123,13343.270281831232,14669.145453028934,13809.945453028933
10.541666666666666,0.3,0.0,0.4,0.3066246709994118,-0.0029782655230624847,0.40094750799207657,-0.012999249511824964,-0.004370199328050619,0.0007214466946775727,0.9999056957456685,-0.0012267282383349354,0.012943878142565228,-0.001036491419516642,0.38525616320911793,-0.703414148138787,0.042886715078061716,13577.015129604755,14436.215129604756,13577.015129604755,16154.615129604757
10.5625,0.3,0.0,0.4,0.3065756200364407,-0.0026447947054246933,0.40092521306959616,-0.006062487682571076,-0.007722109181672995,0.005585917014378767,0.9999362043670553,-0.0033982575039684625,0.017748512605032272,-0.0010886147119367102,0.8467270965626592,-0.056789891994878494,0.7644866963073271,12829.317034566397,15370.102148208185,14357.75009460602,15180.135208247808
10.583333333333334,0.3,0.0,0.4,0.3064663262544952,-0.002246198349012454,0.40090440248506254,-0.0010228478052745924,-0.004610150892462256,0.008761387328356473,0.999950467964888,-0.006410612406725827,0.019674132192692192,-0.0009343957046297163,0.23316805453031353,0.5434906569407415,0.004417810713521292,15295.935952046133,14436.735952046132,15295.935952046133,12718.33595204613
10.604166666666666,0.3,0.0,0.4,0.3063099709563357,-0.0018309126783486568,0.4008866193125601,-0.0027588101278246233,-0.0024844969251435886,0.004004088033266775,0.9999850916492352,-0.00802283202645304,0.02008857631688419,-0.0007979465621513008,-0.4351000691152077,-0.02354137826317318,-0.764343130336419,16066.083165360309,13668.296003885767,14527.496003885768,13488.483165360307
10.625,0.3,0.0,0.4,0.30612958067431195,-0.0013984503149354576,0.40087016479512955,-0.0031538868232680443,-0.00427008758335228,0.000823868488775755,0.9999855701912151,-0.009136198068212004,0.021339786021173028,-0.0007854888263676151,0.2281040304568778,-0.2728173600092872,0.0018804259452995242,13291.7767912374,14721.947093989416,13862.747093989416,15869.376791237399
10.645833333333334,0.3,0.0,0.4,0.3059178683111605,-0.000940126357973808,0.40085573684312764,0.0030326264519002105,-0.003239147034236868,0.005484054554078256,0.9999751178149093,-0.010895391173722279,0.022205258112897582,-0.0006300751061011725,0.832502783657988,0.35013210059326594,0.7496227755451625,12717.572632088413,15295.172632088415,14435.972632088415,15295.172632088415
10.666666666666666,0.3,0.0,0.4,0.30567644770016594,-0.0004949229948156086,0.4008429605221684,0.007779448799418645,0.0022540305479216262,0.00854945468875761,0.9999306507689376,-0.011798139296233115,0.02044727697745966,-0.0006039551827126412,0.19610611648091877,0.6482429764017438,-0.001323680327350113,15502.451436442283,14228.974111619576,15088.174111619577,12924.851436442284
10.6875,0.3,0.0,0.4,0.3054434318457756,-0.00010805416234502172,0.4008328903956688,0.00558983837653221,0.004663113317824286,0.0036673986588516166,0.9999667790822785,-0.010528031140333925,0.017322154745392747,-0.0004043672077788576,-0.4891885386840661,-0.04181292356122843,-0.7745913793519095,16156.587518600925,13578.987518600927,14438.187518600924,13578.987518600927
10.708333333333334,0.3,0.0,0.4,0.30524649730653153,0.00022441113327947694,0.4008262626335128,0.004886981930141219,-0.0001310790158150679,0.00033652434086436857,0.9999879934165581,-0.008881498640399816,0.015204618812602908,-0.0002578917213388391,0.21100183697740071,-0.7377498689155131,-0.018433642967831815,13576.740665216726,14435.940665216727,13576.740665216726,16154.340665216729
10.729166666666666,0.3,0.0,0.4,0.3050596304048932,0.0005145645509404102,0.4008203177622823,0.009318702463479532,-0.0038879699384610205,0.004883767736789535,0.9999370951649148,-0.009338960876324603,0.012895109034538985,-0.0003063246786368965,0.5653079393896747,-0.11284718641504873,0.7390531070113002,12884.105073325398,15461.705073325396,14263.420810997406,15122.620810997407
10.75,0.3,0.0,0.4,0.3048465090796245,0.0007347116327328505,0.4008141921552247,0.01138314424851162,-0.0011526181074103328,0.007930152248636649,0.9999030993970514,-0.010775709496916572,0.008797500512150901,-0.00028979758720211403,-0.052365103673726404,0.5092078270626259,0.001812311008562023,15291.545361617838,14432.345361617838,15291.545361617838,12713.94536161784
10.770833333333334,0.3,0.0,0.4,0.3046175665663053,0.0008613846368671667,0.4008069623895711,0.006689184817690274,0.0014607924661772548,0.003086665226029095,0.9999717962970895,-0.010918581357671313,0.00441227200999343,-0.00038194680596462,-0.7207594666737044,0.08248963104946706,-0.7701001972149784,15982.573440285934,13741.7383116526,14600.9383116526,13404.973440285932
10.791666666666666,0.3,0.0,0.4,0.30439684587240456,0.0009202196447871007,0.4007997490057629,0.0034929326874094855,-0.0012728472491255341,-0.0001918654390414087,0.9999930712103834,-0.010432955383473226,0.0020561082471518303,-0.000318873035689972,-0.03245418151506671,-0.4908125950087096,-0.011558420491214805,13494.491503890811,14516.44975409178,13657.24975409178,16072.091503890813
10.8125,0.3,0.0,0.4,0.30417266867177434,0.0009440033758341485,0.4007942794976544,0.006994450167468505,-0.0025531593201185555,0.004379341642374104,0.9999626895095238,-0.011152511807847085,0.00044547455675000445,-0.0002262601978076788,0.5784046559285527,0.1205874316147628,0.740520093268961,12715.279987123577,15292.879987123575,14433.679987123574,15292.879987123575
10.833333333333334,0.3,0.0,0.4,0.3039293380709199,0.0009167860146698407,0.4007898274997607,0.00918710965477283,0.002587290884217142,0.007425144257478729,0.9999268824143229,-0.011852976467599072,-0.0026980681186277687,-0.00020813330640905502,-0.04207971525757358,0.7394930672748703,0.002877055873532569,15290.885772707814,14431.685772707813,15290.885772707814,12713.285772707812
10.854166666666666,0.3,0.0,0.4,0.30369721055694066,0.0008153963595560376,0.4007858872856259,0.0045162508895156455,0.005987893256610659,0.0025603711192182022,0.9999685960628875,-0.01036815950043108,-0.006173120937549111,-0.00017619930577056014,-0.7286376670682836,0.05374962552842802,-0.7701989414892223,16150.925875880483,13573.32587588048,14432.525875880481,13573.32587588048
10.875,0.3,0.0,0.4,0.3035106629312655,0.0006649488486336084,0.40078312923730436,0.0013382843588341377,0.0022044639452199607,-0.0007528952327513575,0.9999963912347173,-0.008101812955054164,-0.007630259382660094,-0.00010003423655105342,-0.02704594792128434,-0.6404889992505642,-0.01393897793666482,13574.279639559456,14433.479639559453,13574.279639559456,16151.879639559455
10.895833333333334,0.3,0.0,0.4,0.3033522441894714,0.0004980046617707833,0.4007816721867713,0.004922969068428088,-0.0006259663088470963,0.0037613660802511247,0.9999806121455265,-0.007531015695418382,-0.008358704480555139,-4.942941452754202e-05,0.5898953588475992,-0.026411239570193215,0.7316756991309838,12713.611809420876,15291.211809420874,14432.011809420874,15291.211809420874
10.916666666666666,0.3,0.0,0.4,0.3031935677860165,0.00029804621922049473,0.4007804782606202,0.007211117681380723,0.002963990875546197,0.006736924388735212,0.9999469127857015,-0.007580079191840836,-0.010653246519251947,-6.507004477363021e-05,-0.031607424719020935,0.5904171010608221,-0.006527375849326611,15289.240590077501,14430.0405900775,15289.240590077501,12711.640590077503
10.9375,0.3,0.0,0.4,0.30305170613291715,4.10740572139657e-05,0.4007789598501472,0.0026245994072824834,0.004805595108318889,0.001811460646193693,0.9999833680336556,-0.006079966384568862,-0.013321967410215725,-7.78856589653128e-05,-0.7199513101099296,-0.09708245283404077,-0.7768835766368829,16148.899049569107,13571.299049569105,14430.499049569105,13571.299049569105
10.958333333333334,0.3,0.0,0.4,0.3029482764688117,-0.0002485916447124195,0.40077662955958715,-0.0005647476033608885,0.0007545869835417364,-0.0015624894194715471,0.9999983351413355,-0.004360037597944275,-0.014003477495378152,-0.00013227220177695393,-0.034122767176642865,-0.583377355178089,-0.019035521591665466,13437.2395994588,14567.38485650569,13708.18485650569,16014.839599458799
10.979166666666666,0.3,0.0,0.4,0.30286058155939205,-0.0005385031702550539,0.4007746520221716,0.002945230467845286,-0.0014760425615824597,0.002885133853271018,0.9999904114132777,-0.004335342427776563,-0.013943416427579104,-6.993471065812063e-05,0.5815867126033282,0.03240244255574044,0.7258337828303139,12713.946909552727,15291.54690955273,14432.346909552729,15291.54690955273
11.0,0.0,0.0,0.4,0.3027614674961216,-0.0008445230602549122,0.4007766014799592,0.004711223118060634,-0.005453752327853793,0.005612623969399521,0.9999582788369005,-0.0051361352175982025,-0.01540027316616053,0.00020067154422140885,-0.10145962398215691,-0.6589912693652286,-0.05087335426030418,16158.389851935997,13580.789851935999,14439.989851935996,13580.789851935999
11.020833333333334,0.0,0.0,0.4,0.3026228727839408,-0.0011876530105403515,0.400791089040198,-0.0007013498147299015,-0.016623331885753486,0.0002731915072234857,0.9998615395702816,-0.008157705590558777,-0.017006625473211055,0.001018952953419873,-0.7826354793074897,-1.3474068960971637,-0.8353553750970164,16178.69708021565,13601.097080215648,14460.297080215649,13601.097080215648
11.041666666666666,0.0,0.0,0.4,0.3023608840552397,-0.0015367278707769166,0.4008410616480855,-0.004766991344374526,-0.03495428888773726,-0.0033935876221528353,0.9993717811930283,-0.016409739061012774,-0.016240576170169014,0.003281143860592686,-0.1258133856967371,-2.036374886176548,-0.030736243123175022,13657.35434799486,14516.554347994857,13657.35434799486,16234.954347994859
11.0625,0.0,0.0,0.4,0.30182838805573364,-0.0018505386521944303,0.40095613953790316,-0.0017654961009291403,-0.060453236018079025,0.0012488438453543338,0.9981686879819012,-0.03295415852592278,-0.014328146706998975,0.0069149689423645,0.5167114259746781,-2.7230988008956585,0.8061852908849649,13723.719906271766,14582.919906271767,13723.719906271766,16301.319906271769
11.083333333333334,0.0,0.0,0.4,0.3008167644958605,-0.0021409518924970666,0.4011545317212249,0.0005102272850089509,-0.08483590401784061,0.004288396878834752,0.9963855773292801,-0.06042471055939149,-0.013931378505136528,0.011068206259888563,0.0012101330985024722,-2.095850689429497,-0.028741136677269186,15500.697874281424,14641.497874281424,15500.697874281424,12923.097874281422
11.104166666666666,0.0,0.0,0.4,0.2991080059685934,-0.002434187941511184,0.4014233083181755,-0.0031549761317311254,-0.10266062442169815,-0.0010413463540329395,0.9947108916246601,-0.09751042234067248,-0.014055429915848495,0.013926409727519889,-0.4915741786294838,-1.4685896867927897,-0.8863591482304412,15507.570113961625,14648.370113961624,15507.570113961625,12929.970113961626
11.125,0.0,0.0,0.4,0.29653956035863255,-0.002708782882708459,0.40172176341027765,-0.0058118078995388935,-0.1139410877786927,-0.004665046898893933,0.9934595556650397,-0.1411873284397758,-0.012319151232961328,0.014435048056313269,-0.04081883644668524,-0.8389503812833996,-0.022001461291899838,12894.094561301477,15471.69456130148,14612.494561301479,15471.69456130148
11.145833333333334,0.0,0.0,0.4,0.29301014749345566,-0.00293372305004169,0.4020010334789347,-0.0028713729513345867,-0.11874713307973753,0.0001922301172948614,0.9929203576572995,-0.1885888848330013,-0.009866176286881521,0.01263311546992564,0.3979270583454727,-0.211241877955717,0.8461603126082394,12843.972239341016,15421.572239341014,14562.372239341013,15421.572239341014
11.166666666666666,0.0,0.0,0.4,0.28847503565875854,-0.0031252827392585208,0.4022197160186336,-0.0011121402670537122,-0.1192577128959959,0.003275124008842675,0.9928573082883407,-0.23714920239042714,-0.0089737701412481,0.009056096902655625,-0.044635048322071075,0.05942648903607984,-0.04041308590550438,15599.17212792455,14291.61942776358,15150.819427763581,13021.572127924548
11.1875,0.0,0.0,0.4,0.28292918064942935,-0.003306848069673098,0.4023518591050414,-0.005168376426682493,-0.11974974479989743,-0.0023022435006055286,0.9927879865209568,-0.28555769437875644,-0.00839910421509537,0.004534934549949208,-0.508385038832878,-0.12116501884039554,-0.9360169665871305,15863.636142948544,13962.712696418384,14821.912696418385,13286.036142948546
11.208333333333334,0.0,0.0,0.4,0.2763754132213585,-0.0034527689709758103,0.40238476657257244,-0.008310184919239289,-0.11711821095896746,-0.00627403148462031,0.9930633927485741,-0.33387964183701313,-0.005772431602994465,-0.00038377887391617086,-0.08039550755936722,0.5014498687053335,-0.07087411504056529,12745.636482248687,15323.236482248685,14464.036482248684,15323.236482248685
11.229166666666666,0.0,0.0,0.4,0.2688322194580792,-0.003527924877997957,0.4023148853222517,-0.005987815162830337,-0.10809199590606128,-0.0018213087407545148,0.9941211944854061,-0.3804811729587306,-0.0022160151327412156,-0.005243763152310054,0.3507129670295571,1.1241390399942695,0.7853067628586365,12734.306497448637,15311.906497448635,14452.706497448635,15311.906497448635
11.25,0.0,0.0,0.4,0.26036337323451647,-0.003543166325102471,0.4021550537094571,-0.004483516362325255,-0.10073552072393598,0.000863331316198631,0.9949027628891904,-0.4233379421269065,6.403181920544907e-05,-0.009177853889212998,-0.039406365721786685,0.4362812112515086,-0.07578226467252189,16084.971319840974,13516.129598476364,14548.717217202444,13680.758938567054
11.270833333333334,0.0,0.0,0.4,0.2510398089907491,-0.0035186145899135626,0.4019214383252054,-0.006352829261115586,-0.092277374407343,-0.004589959495060428,0.9957024957308783,-0.4633012655291834,0.00200217865467077,-0.012500405472265089,-0.18409202246933232,1.0645203068029339,-0.8531855537967132,15086.373998784435,14281.029660217155,15501.772754556085,12978.028415988807
11.291666666666666,0.0,0.0,0.4,0.2409285142522999,-0.0034424619159636374,0.4016328159594173,-0.00567567038111755,-0.07734836472048795,-0.008201094406241154,0.9969542413227055,-0.4993217053950769,0.00484077381179301,-0.014629159473194746,0.30247638033102037,1.6813062590803525,-0.01478308675064563,12753.234371590286,15330.834371590288,14471.634371590288,15330.834371590288
11.3125,0.0,0.0,0.4,0.23014197464674713,-0.003310339432783962,0.4013186093762333,-0.003117861527479108,-0.06391259779447708,-0.0037505936742402456,0.9979435814863221,-0.5291956355843178,0.0071761758189837176,-0.015255449410227223,0.17591972914019344,1.0346359122975952,0.7403080328493805,14089.280520729899,14948.4805207299,13182.373515687952,15759.973515687954
11.333333333333334,0.0,0.0,0.4,0.21880003821100324,-0.0031432320784561965,0.4010062773662108,-0.004558328366484615,-0.05457116628721032,-0.0011579403041560746,0.9984988075239795,-0.5540040348907076,0.008542205228772281,-0.014747649414161047,-0.37057618845326745,0.8083508169007568,-0.09534934673320788,15903.179220524595,13942.618653136873,14835.476530197244,13359.237097584966
11.354166666666666,0.0,0.0,0.4,0.2069908568477919,-0.00294177384592896,0.40070983477946115,-0.0039019804802059733,-0.041886734742284125,-0.005821028481084526,0.9990977888216869,-0.5748148382241863,0.010517943321030622,-0.013824101936582704,0.39470868399150505,1.4868217415240987,-0.6893245831098187,14387.25092134644,13772.272068339258,16105.650921346438,13772.272068339258
11.375,0.0,0.0,0.4,0.19481582453939947,-0.00270264693144371,0.40044327267802804,-0.0004876614433583599,-0.022266610427617593,-0.008369705981166901,0.9997169140652619,-0.5898234474999493,0.011925896447564218,-0.012034269526010563,0.3251381407080538,2.1434787594526554,0.0649401232295026,13223.44237664678,15801.042376646783,14100.502875586291,14959.702875586292
11.395833333333334,0.0,0.0,0.4,0.18242857954196112,-0.0024506686079997834,0.40023251937390236,-0.0013487059537872592,-0.0037812915089676692,-0.003152312368210058,0.9999869727918997,-0.596633236091068,0.012131348652260409,-0.008796107513846897,-0.34061825173659677,1.5286223086100879,0.793715853999759,14549.592624958303,15408.792624958303,12831.192624958301,15408.792624958303
11.416666666666666,0.0,0.0,0.4,0.16999317426091484,-0.0021911516727399763,0.4000945514064425,-0.0010637635704857922,0.008208368506302396,0.00046484121698037206,0.9999656369176763,-0.5963046047878716,0.012762482118639463,-0.0051722400544431816,0.27428700348791685,0.9016873022984766,0.04338921157431966,15417.428228694327,12839.828228694329,15417.428228694327,14558.228228694326
11.4375,0.0,0.0,0.4,0.15762612822846023,-0.0019213576370033607,0.4000227339127858,0.002957976513228221,0.01859609353378211,-0.0038265525104604703,0.9998153795457013,-0.5912823740987639,0.012884034208652952,-0.0023088570927735307,0.4515355376765295,1.0611828721299126,-0.7230663317652786,15186.852198413482,13668.304239114594,15621.202822616597,13702.950781915482
11.458333333333334,0.0,0.0,0.4,0.14541892210692575,-0.0016690953389757064,0.4000099918015771,0.0035504607731590364,0.033676302540790286,-0.006377969871996533,0.9994061348499875,-0.5816708573332499,0.011433937344985169,0.00048735212411196325,-0.19843624037128912,1.7076899008989759,0.08430575081051217,13709.496406536935,16223.687859461857,13646.087859461859,14568.696406536932
11.479166666666666,0.0,0.0,0.4,0.1334890884595138,-0.0014494170753363497,0.40004972883863765,0.00042310297611358966,0.04736251634014481,-0.0008778731212030422,0.9988772909464827,-0.5657418664657355,0.010101000257102461,0.002791140052045947,-0.3172098376883828,1.05355022036711,0.8491281572552382,14238.55594430345,15097.755944303452,13118.362811696781,15695.96281169678
11.5,0.0,0.0,0.4,0.12195931939982137,-0.0012414262721177959,0.4001330434022387,0.0003151942232270595,0.05444732763577651,0.002920558229816691,0.9985123231615873,-0.5447285416296902,0.01002808254312954,0.004755450238132285,0.22309919740239753,0.4340813911812718,0.04029778684462762,15394.373275326165,12816.773275326163,15394.373275326165,14535.173275326164
11.520833333333334,0.0,0.0,0.4,0.11090242590205449,-0.0010346770858334186,0.40024430075387724,0.0036070409420709795,0.06161847277543708,-0.0013604559932270184,0.9980923315144523,-0.5210842534240984,0.009695734674859999,0.005693942755792138,0.33567917205601255,0.8620286748852148,-0.7386382788655498,14991.478040647788,13819.939235062568,15764.399801589021,13499.138607174238
11.541666666666666,0.0,0.0,0.4,0.10037477340027141,-0.000851964357479407,0.40036945427179016,0.003789271737275125,0.07040645057876915,-0.0038638373668272424,0.997503706207352,-0.49434534456341456,0.008021746884495886,0.006153607440240496,-0.2140538023423888,0.836846209943027,0.09829662190941663,14121.176162654097,15762.08448834467,13184.484488344668,14980.376162654095
11.5625,0.0,0.0,0.4,0.09044695841533466,-0.0007049757597967864,0.4004969587613764,0.0016468748568546963,0.07499083013724733,0.0016921041323736535,0.997181427816492,-0.46430499184234153,0.006545943905895367,0.006046694191216985,-0.12965882885640553,0.17614749859849632,0.8481565202393947,14115.84234104144,14975.04234104144,13181.839270805827,15759.43927080583
11.583333333333334,0.0,0.0,0.4,0.08116639470686311,-0.0005769765414939416,0.400616709256351,0.0033211196576409833,0.07621041713205531,0.005367529753165772,0.9970717788149089,-0.432831152146801,0.005911004386784144,0.005536392258543071,0.3970748308015276,0.07993697986946349,0.0009571078871603855,15023.648969131995,13119.43412512423,15697.034125124232,14164.448969131994
11.604166666666666,0.0,0.0,0.4,0.07254831220946889,-0.00046892506282849596,0.40072426591657223,0.0032354070442606247,0.08085221089543376,0.001334733470065135,0.996719955966139,-0.40075061429015074,0.004586039813660295,0.004889917778996046,-0.330548416942892,0.6953282054739408,-0.6385364267445685,15353.133566626926,14493.933566626925,15353.133566626926,12775.533566626927
11.625,0.0,0.0,0.4,0.06462036624412597,-0.000388984548194833,0.4008105578572026,0.0016099798192819369,0.08391632651310545,-0.0009362490158616208,0.9964710640792875,-0.3667974055501755,0.0034409401925077593,0.0035984303351127974,-0.06883292599990555,0.029533104947253253,0.08630897560379286,13993.579606323448,14852.77960632345,13264.65652014751,15842.256520147512
11.645833333333334,0.0,0.0,0.4,0.05741247014950974,-0.00032718912261161056,0.40086871009354547,0.00552584019287081,0.0799063421439847,0.0041119069915305385,0.9967785781186433,-0.3322069966058539,0.0025779605184659484,0.002269977100568721,0.7386688340517659,-0.6632193793331136,0.6935833210789034,13666.107676639302,14448.492365976243,13666.107676639302,16166.89236597624
11.666666666666666,0.0,0.0,0.4,0.05090464637439577,-0.0003010353473821674,0.40090221789782965,0.00836281505102459,0.0768907552803184,0.00763116695260271,0.9969752456143463,-0.29942619431356304,0.00012650949948418428,0.0012070884288033802,0.006414813670494679,-0.04345802812022115,0.059920342864610954,15343.494219415574,14484.294219415573,15343.494219415574,12765.894219415575
11.6875,0.0,0.0,0.4,0.04506595686826343,-0.0003368742617033041,0.4009140752780442,0.004156808889759414,0.08029983950250377,0.003933748328655036,0.9967543239634393,-0.26740423353261755,-0.0028422438416781425,0.00013319752971726565,-0.7236283418106377,0.5758785950527877,-0.5733276021453294,15339.315884218526,14480.115884218525,15339.315884218526,12761.715884218527
11.708333333333334,0.0,0.0,0.4,0.039910188841678594,-0.00041499289754658755,0.40089967014741446,0.0018806942542075591,0.0819574726942275,0.0017837972984661862,0.9966324566889717,-0.2339918041790013,-0.004119578498063127,-0.0012729829541823921,0.09019948137701364,-0.1181813141480498,0.06983831433318657,13616.66915170892,14475.869151708917,13616.66915170892,16194.269151708919
11.729166666666666,0.0,0.0,0.4,0.03545507516667503,-0.0005113629696907026,0.40084975191729477,0.007296899895143916,0.07649488309928654,0.005580584401058253,0.9970276551777736,-0.2006004297740988,-0.00512470866716376,-0.0031159127180190142,0.855512176440237,-0.795889547429109,0.4860314551953308,13876.749317870526,14211.614516695652,13876.749317870526,15930.014516695654
11.75,0.0,0.0,0.4,0.03166824190142247,-0.0006546397715093779,0.40077179120075,0.011424347696314466,0.07018407586120905,0.006992036498642082,0.9974441293630554,-0.1696107491642752,-0.00837675716625365,-0.004105005309440479,0.11201336559538916,-0.47877680249200594,-0.15864093680552363,15541.516602660686,14283.324362393345,15142.524362393346,12963.916602660687
11.770833333333334,0.0,0.0,0.4,0.02849627883720185,-0.0008842118561200459,0.40067880757726704,0.008421675457872164,0.06832183211893543,0.0011212393804284446,0.9976271575396521,-0.14087677222149214,-0.012747862063812482,-0.004674626432047339,-0.615436711283007,0.029214162284870282,-0.8025790954630816,15421.224166541258,14406.630864981398,15265.830864981399,12843.62416654126
11.791666666666666,0.0,0.0,0.4,0.02591186226849094,-0.0011920160248392198,0.40057485058386716,0.006955514990313212,0.06422047378898696,-0.0031689595744164873,0.9979064631781644,-0.11294717444429633,-0.015950510247719547,-0.005182590637890217,0.12668615857449675,-0.6730146074545946,-0.13722431794956563,13652.702576190262,14511.902576190263,13590.402193915997,16168.002193915996
11.8125,0.0,0.0,0.4,0.023885204930130306,-0.0015612846795331383,0.40046129071977654,0.00858947334735787,0.053128105628533324,0.00024051060058894355,0.9985507335606887,-0.08733039838197384,-0.01898647175070458,-0.005569383123518703,0.20350027785783772,-1.3338827864571121,0.606501233228401,14087.350887005963,14946.550887005964,13154.09430193319,15731.694301933188
11.833333333333334,0.0,0.0,0.4,0.022336327296655533,-0.0019998707919862495,0.4003512896614651,0.006282861327830548,0.04320358664993274,0.0023448602244776602,0.9990437815154272,-0.0663396782826309,-0.022403076873543502,-0.0050204591772699415,-0.48473661888137354,-0.7051875238441292,-0.06625372634740884,15347.584028799949,14488.384028799948,15347.584028799949,12769.98402879995
11.854166666666666,0.0,0.0,0.4,0.021175632578341395,-0.002496416190521837,0.40025345131984263,0.0012469215710680047,0.040012615759638624,-0.002771971977335899,0.9991945515954458,-0.048919943765284454,-0.024519693978977204,-0.004452765655876746,-0.5129558410250405,-0.039239858529960675,-0.7439970610550496,14835.212669805682,14144.30753764481,15690.397102344126,13281.091970183254
11.875,0.0,0.0,0.4,0.020360837318528183,-0.0030138090740262176,0.40017090776867803,0.0007277877199035007,0.0352294354760035,-0.00609310509816304,0.9993604110986885,-0.03271470677579739,-0.024904730950630533,-0.0036235668382380683,0.23268302398065868,-0.7398912225241412,-0.030547896451041057,13622.797281721025,14481.997281721022,13622.797281721025,16200.397281721023
11.895833333333334,0.0,0.0,0.4,0.019856445480132125,-0.0035372378641978035,0.40010267552243045,0.0009945153501495602,0.024192803993105305,-0.001542938862176821,0.9997056259288717,-0.01905492779108816,-0.025339490593130027,-0.003009159734755956,-0.09914274711278424,-1.2753230708010685,0.7431343208268855,14256.954151254547,15235.473823122295,12971.596960955085,15429.87728908734
11.916666666666666,0.0,0.0,0.4,0.019580641744213634,-0.004068405471963161,0.4000532455204304,-0.0041382123761539566,0.014780678819459998,0.0016045891964180854,0.9998809089213958,-0.009982837186730724,-0.025419939010909352,-0.0019207708403017128,-0.7435847596285344,-0.6581080041752321,0.02181172462034292,15335.090868940704,14475.890868940704,15335.090868940704,12757.490868940706
11.9375,0.0,0.0,0.4,0.019447741367795222,-0.00457517841668481,0.4000266249555049,-0.0076450014075458116,0.012277822526772451,-0.0032002195699787524,0.9998902777916103,-0.004232673202084091,-0.02328890519844427,-0.0008450362187921593,-0.07300326641572161,0.03061658079415569,-0.7735420242449599,14471.527407842903,13612.327407842902,16189.927407842904,13612.327407842902
11.958333333333334,0.0,0.0,0.4,0.019421291766016202,-0.0050224252170607666,0.4000183819775598,-0.003939039797683129,0.008340343963476453,-0.006473742909339059,0.9999365046245621,0.0006098965087579942,-0.020340671628591663,-9.275038862698018e-05,0.6304524934795023,-0.6586980468790581,-0.010465380452708922,13600.373683281887,14459.573683281887,13600.373683281887,16177.973683281889
11.979166666666666,0.0,0.0,0.4,0.019474432015029408,-0.00542697010485775,0.40002136494583457,-0.0013396645012826239,0.0015075454201823487,-0.001796048707292077,0.9999963534007867,0.0034702588494647116,-0.01905155123909243,0.0003072966239163926,-0.0071096504236718705,-0.6568179124534889,0.753779408129428,14055.525070899937,15706.868218882391,13129.26821888239,14914.725070899938
12.0,0.0,0.0,0.4,0.01955339083406465,-0.005815508702924697,0.4000348067135028,-0.005248436599015749,-0.0015034288853731784,0.0013798337921828827,0.9999841447110842,0.0037335241808441723,-0.0182729667859265,0.0008704154547325061,-0.6210047189047823,-0.044565390187253306,0.005122341859323087,15309.410049153183,14450.210049153182,15309.410049153183,12731.81004915318
12.020833333333334,0.0,0.0,0.4,0.0196234984838112,-0.006168396483927493,0.40005566726286934,-0.007596783399284438,-0.0012961600485097535,-0.003293050980780483,0.9999648817165285,0.0031136670310966128,-0.015808827980940045,0.0010857352888630773,0.039516147923936984,0.05550103856818395,-0.7518514617796551,14829.135061475808,13201.03365538975,15778.633655389749,13969.935061475808
12.041666666666666,0.0,0.0,0.4,0.019680585366745308,-0.0064603300388133,0.40008182931947844,-0.0028991673017868683,-0.004969851099312124,-0.006278010409098907,0.9999637403397736,0.0024100111281612985,-0.012953989887270144,0.0013706635598587024,0.7214103919492716,-0.6334118849637314,0.028566797238427116,13581.822047747519,14441.02204774752,13581.822047747519,16159.422047747521
12.0625,0.0,0.0,0.4,0.019704500211343238,-0.006716228795635439,0.40011202253856476,0.0003793723058478817,-0.007840128282963555,-0.0012845921210144586,0.9999683686438501,4.841161574090384e-05,-0.01213074533971834,0.0015000605800357246,0.03395360302334863,-0.04146002053968363,0.7836458314503778,13652.186997210072,16081.74532531053,13504.145325310528,14511.386997210073
12.083333333333334,0.0,0.0,0.4,0.019666191055466416,-0.006969540019768819,0.4001433550285639,-0.0030862080411014144,-0.005792034590985686,0.002160511448612317,0.9999761296378551,-0.003052473000185846,-0.01209719034291942,0.0015071803508224244,-0.5823589723928578,0.3534087108202546,0.024645354499287203,15437.34635122362,14291.463996983231,15150.663996983232,12859.74635122362
12.104166666666666,0.0,0.0,0.4,0.019572984163814918,-0.00720499861008305,0.40017568037603446,-0.00526338567683614,-0.005936796015844068,-0.002157044885129339,0.9999661986195566,-0.005324460647150931,-0.010547216188880318,0.0015807316498058998,0.04195220787322,-0.26409525559181274,-0.7082803544619211,15292.65117904326,12715.051179043261,15292.65117904326,14433.451179043259
12.125,0.0,0.0,0.4,0.019429576861007228,-0.007399240391211373,0.4002083753918198,-0.0006784178211474404,-0.012689282817548476,-0.004710096963463017,0.9999081642018086,-0.008179383648106518,-0.008641215667977764,0.0015592728500912784,0.7024566221723407,-0.9103573747772494,0.07439396069830068,13551.877496623514,14467.06528864184,13592.6932442793,16114.305452260975
12.145833333333334,0.0,0.0,0.4,0.019192792939325628,-0.007576460266919268,0.40024029435844644,0.0023432798357889296,-0.017768145278890427,0.0007011953629623526,0.9998391422514036,-0.013885397051115087,-0.00870068448093702,0.0015030963046652561,-0.0036939679336346343,-0.21120379679199203,0.8217986285585362,13571.898252862171,16149.498252862173,13571.898252862171,14431.098252862172
12.166666666666666,0.0,0.0,0.4,0.018813592733346297,-0.007768435211052363,0.40026957305947314,-0.001303973477802513,-0.016110009758341193,0.004547015103496394,0.9998590360107789,-0.02109187815016925,-0.009467263267774,0.0013400818523731646,-0.5939928661444848,0.4015980185863424,0.05708608051955291,15288.158267882816,14428.958267882816,15288.158267882816,12710.558267882818
12.1875,0.0,0.0,0.4,0.018292954585797983,-0.007958549290667973,0.4002945576872097,-0.0034255680003033927,-0.013976234884259057,0.0006294058348960791,0.9998962617144993,-0.02741712415245182,-0.008670520280251526,0.001109996109581288,0.0634758268381437,0.06899666441527849,-0.6709792485528255,15105.416276877066,12895.117200707115,15472.717200707117,14246.216276877065
12.208333333333334,0.0,0.0,0.4,0.017649853639144755,-0.008122957333303517,0.400315410173982,0.00039836195913131437,-0.01666726583917832,-0.0015351041376476186,0.999859833682943,-0.033221613066085336,-0.007488296415948759,0.0009273417515970683,0.5729400083883474,-0.4791300392010207,0.11052832541930838,13585.579435805499,14617.608904308923,13559.368365446451,15964.138896943026
12.229166666666666,0.0,0.0,0.4,0.0168728663824512,-0.008281371750526683,0.400332317564131,0.0020200012054539546,-0.017324830027464926,0.003907051272457697,0.9998402396433161,-0.04016352640125965,-0.007891202377542718,0.0007288753303851601,-0.13992731462749805,0.21016179884663136,0.8013814627027296,13632.512729196485,16088.402074625905,13632.512729196485,14370.002074625907
12.25,0.0,0.0,0.4,0.015950244497679032,-0.008454614573300335,0.40034621366061485,-0.0030677492042621417,-0.011296040334836418,0.0075547403410332736,0.9999029524338614,-0.04680931968481565,-0.008428862453962405,0.0006334274535952069,-0.7375647918810005,0.8171185272354012,0.03750144620224971,15289.8861825393,14430.686182539299,15289.8861825393,12712.286182539301
12.270833333333334,0.0,0.0,0.4,0.01491939292049848,-0.008613625152562487,0.40035997633812986,-0.006740625166243459,-0.006547113901566167,0.003458649680163537,0.9999498672505127,-0.05090038383057072,-0.006791064376738831,0.0006837901756961119,-0.09750595255556974,0.20589393039713033,-0.6896150691739603,15292.927610763916,12715.327610763918,15292.927610763916,14433.727610763915
12.291666666666666,0.0,0.0,0.4,0.01382528105718417,-0.00872184016362002,0.40037505945294555,-0.003490775414294169,-0.008633195549605108,0.001154923448389155,0.9999559733175444,-0.05359021973063692,-0.004188214365903719,0.0007515626200625384,0.5868400665969372,-0.473517381204642,0.09624185348292724,13574.581198858661,14433.781198858658,13574.581198858661,16152.18119885866
12.3125,0.0,0.0,0.4,0.012665173060132118,-0.008791947934869091,0.400386595010834,-0.0016742798611615883,-0.009294149913450704,0.005655735753790656,0.9999394122732718,-0.057233534081108976,-0.003033985459915882,0.0004204605753243429,-0.10889799857360566,0.2100239939096187,0.6591293925532744,13785.081014345596,15935.77947655246,13785.081014345596,14217.379476552458
12.333333333333334,0.0,0.0,0.4,0.011427964288727284,-0.008845171456950294,0.40039621753098203,-0.006556063408019032,-0.0033123802583118265,0.007832904238452853,0.9999423442283087,-0.06059977296863775,-0.0020742192486972897,0.0004922897166154527,-0.7194886409058372,0.8108149423209823,-0.09945008322539853,15293.002836380878,14433.802836380877,15293.002836380878,12715.40283638088
12.354166666666666,0.0,0.0,0.4,0.01015056797301536,-0.008853809623771981,0.4004078591254243,-0.010077447687678475,0.0013676046547942402,0.0022610550605121115,0.9999457296951788,-0.06143299440532566,0.0009924189038849496,0.0006003986893367699,-0.09053630522882795,0.19461485981521373,-0.8321700226382505,15294.140790988811,12716.540790988809,15294.140790988811,14434.94079098881
12.375,0.0,0.0,0.4,0.008877540021233704,-0.008782847313953467,0.4004212292196194,-0.006667697747635333,-0.0007906933632403708,-0.001547541877229935,0.9999762605806648,-0.06088469834738333,0.004946775549267185,0.000670621201175319,0.6034635555877076,-0.4825315980392507,-0.05243274965581346,13574.811308407112,14434.011308407109,13574.811308407112,16152.41130840711
12.395833333333334,0.0,0.0,0.4,0.007605574488543019,-0.008646480982969343,0.40043558732529,-0.004695426903522974,-0.0014301352468016983,0.002630814665101922,0.9999844931265521,-0.06132191001430257,0.007386000857375712,0.0007040408970757548,-0.0895953810031068,0.2205411515322752,0.7047937880327834,13572.691425784094,16150.291425784097,13572.691425784094,14431.891425784095
12.416666666666666,0.0,0.0,0.4,0.006323402543052984,-0.008467113225189267,0.40045027406586914,-0.009461899393253549,0.0046296359277956875,0.0053009953777382116,0.9999304667720917,-0.061467727237204124,0.00958049929478936,0.0007039879366243489,-0.7087120006568846,0.8199871372957381,-0.04764835038260823,15289.787154745041,14430.58715474504,15289.787154745041,12712.187154745043
12.4375,0.0,0.0,0.4,0.005068502032593868,-0.008218037654570068,0.4004647132115458,-0.012935373053566328,0.009359368330206957,0.00021647633572534594,0.9998725076160564,-0.059050980873600625,0.013833307486027381,0.0006756902545659197,-0.09484495296994512,0.19634859280552588,-0.7864526443153579,15290.481290890519,12712.881290890517,15290.481290890519,14431.281290890518
12.458333333333334,0.0,0.0,0.4,0.0038859627359287274,-0.007865171557240248,0.4004776571135857,-0.009481005048131864,0.007242410195158623,-0.0031414184406938763,0.9999238918677875,-0.055231434768976226,0.018934277387803383,0.0005867556880109904,0.6088100380602814,-0.47883800596019604,-0.014274797687415824,13571.288091731822,14430.488091731822,13571.288091731822,16148.888091731824
12.479166666666666,0.0,0.0,0.4,0.002772822680887494,-0.0074233478203713016,0.40048957186844525,-0.007397941962529524,0.006670559062283395,0.0014932384618702179,0.9999492708809841,-0.05238277933053575,0.022493901513958973,0.0005682625510016594,-0.06985950281425118,0.23064764671216967,0.7499588987242913,13572.09953356674,16149.699533566742,13572.09953356674,14431.29953356674
12.5,0.0,0.0,0.4,0.0017179316887812048,-0.00691651400794769,0.40049853532327506,-0.009389056178365484,0.012261216199020103,0.004590208490080796,0.9998702106710741,-0.049256395499995186,0.025628357502956264,0.0003337578049505653,-0.27271341378866815,0.7429213603798464,-0.008744735128673381,15079.777163397324,14070.940734633074,15501.058622897188,13073.095051661436
12.520833333333334,0.0,0.0,0.4,0.0007560065108731815,-0.006335020923374302,0.40050536588803226,-0.008378473888382568,0.016141906035549672,-0.00012842136707869379,0.9998345980975022,-0.04379918725615201,0.029481534984433705,0.00031472647777137583,0.327977005292547,0.11759147759124547,-0.7582305243926195,15292.54571802339,12714.945718023391,15292.54571802339,14433.345718023389
12.541666666666666,0.0,0.0,0.4,-7.464016927363976e-05,-0.005680779709615367,0.4005101340315594,-0.0014670769973811199,0.013196122350395948,-0.0031940721529649723,0.9999067496237231,-0.03729615017044682,0.03239534851198182,0.00017707929695516634,0.8768272819682176,-0.5569849100031358,-0.0006046304391791046,13680.942777128232,14540.142777128232,13465.577850642843,16043.177850642845
12.5625,0.0,0.0,0.4,-0.0007843018654846933,-0.005000605244637863,0.40051500991265865,0.0034364660868181525,0.011791961714594852,0.001757895437724823,0.9999230221088949,-0.032105655589793156,0.03243621712998443,0.0002773243926987396,0.20695405641679962,0.1412236950979083,0.7838391391428476,13576.86673458145,16154.466734581449,13576.86673458145,14436.066734581447
12.583333333333334,0.0,0.0,0.4,-0.001391542075958009,-0.004341941347143449,0.4005200319314835,0.0014630293823457512,0.01494073894571414,0.005295752198349259,0.9998732864085509,-0.027048535399366587,0.031071003946454137,0.000213735188607481,-0.44922575381728796,0.4051813608777347,0.04989877593385417,15524.807234664942,14204.879887423307,15064.079887423308,12947.207234664944
12.604166666666666,0.0,0.0,0.4,-0.0018782947943998252,-0.0037017588172092147,0.40052482557082913,0.0005939347522941767,0.015376954614324553,0.0010214804629166466,0.9998810694707461,-0.020781784329960442,0.03065021381463483,0.00023750755118326497,0.14774510109866207,-0.20213898329090296,-0.7145832065666005,15293.584298029265,12715.984298029267,15293.584298029265,14434.384298029265
12.625,0.0,0.0,0.4,-0.0022347297747687196,-0.0030685617195488376,0.40052952700727523,0.006633324501636887,0.00893571792381748,-0.00166430777695876,0.9999366890112921,-0.01489415806800406,0.030008845592253554,0.0002236618385206916,0.8589792221398919,-0.89734577410307,0.03128888508623931,13573.499066030108,14432.699066030105,13573.499066030108,16151.099066030107
12.645833333333334,0.0,0.0,0.4,-0.002500981203483257,-0.0024792345749229286,0.40053515077696045,0.011330655600655349,0.003933168192488784,0.0036654777127625346,0.9999213522596495,-0.011760265229898594,0.026769993930396224,0.0003012096941513442,0.1812050733356697,-0.21325567790418634,0.8195746275635761,13575.533950184836,16153.133950184834,13575.533950184836,14434.733950184833
12.666666666666666,0.0,0.0,0.4,-0.002724960606831543,-0.00197888897392057,0.4005419867144105,0.009301013700285129,0.005675307736701267,0.0076314875751916774,0.9999115172972209,-0.010085102628318581,0.022187843610279284,0.00034625974867405425,-0.44594302153884435,0.410265881110644,0.09262782138954556,15292.972615862538,14433.772615862537,15292.972615862538,12715.37261586254
12.6875,0.0,0.0,0.4,-0.002905452426357074,-0.0015638773888642138,0.40054938332016865,0.008529960151153457,0.006228882047473939,0.003817913547233805,0.9999369301833012,-0.007585215853185209,0.018556490598497188,0.00036199006234482,0.1678186171711593,-0.18208538514483674,-0.6701908191560071,15291.57315911034,12713.973159110341,15291.57315911034,14432.373159110339
12.708333333333334,0.0,0.0,0.4,-0.0030334565660575393,-0.0012219205919978466,0.4005543809880236,0.011651101112534262,0.0004096349675309906,0.0015703789768952306,0.9999308065820994,-0.0053973103529626415,0.014850490819612433,0.00015824985642010991,0.3862527261886561,-0.8057244013646024,0.07565317701545343,13853.83167122614,14781.7063650839,13290.642183635988,15799.567489778226
12.729166666666666,0.0,0.0,0.4,-0.0031450602214394855,-0.000971995283742891,0.400553824442728,0.011413209920659868,-0.0037648537071692523,0.005929046276827457,0.9999102014311674,-0.0056695521084162695,0.00999071201887489,-0.00015273626557424206,-0.2970452156238448,-0.14111317243446242,0.6374123147250293,13824.579616601433,15902.390054842243,13824.579616601433,14183.990054842241
12.75,0.0,0.0,0.4,-0.003281109374761305,-0.0008205994098438108,0.4005509950872512,0.006319982490511342,-0.001157242015822762,0.007941182149988225,0.999947826758125,-0.007069443669332682,0.005673579113245786,-0.00011966121818911131,-0.621995434247148,0.5008115420714685,-0.10252601441079737,15104.145550280176,14244.945550280176,15489.327937762078,12911.727937762076
12.770833333333334,0.0,0.0,0.4,-0.0034334742588471574,-0.000733921120036465,0.4005510009627134,0.0037694530721806003,0.0003330341090101835,0.0021730823503168786,0.9999904789671338,-0.007294807938630839,0.0033982883990208482,8.331642808491013e-05,0.002699594864338628,-0.096030348209423,-0.85307261020684,15297.009994997847,12719.409994997844,15297.009994997847,14437.809994997846
12.791666666666666,0.0,0.0,0.4,-0.003585380007175341,-0.0006838787963917278,0.40055416443296066,0.008104527204082999,-0.004793070229720099,-0.001926759485768647,0.9999538142906678,-0.007458391269149392,0.001619032829691959,0.00019623268611378543,0.6900450510747181,-0.7551070683145413,-0.09038099640409752,13549.656043445571,14461.505391587194,13602.305391587197,16127.256043445574
12.8125,0.0,0.0,0.4,-0.0037664255161941945,-0.0006924702884688889,0.4005585426844121,0.010969617331172863,-0.008343017652990963,0.001971048063343356,0.9999030835643931,-0.009821224333889577,-0.0020404420818795153,0.00021116006638155434,-0.008512560538480068,-0.07352204085817665,0.6810038471724987,13573.169451997674,16150.769451997676,13573.169451997674,14432.369451997674
12.833333333333334,0.0,0.0,0.4,-0.00401229992547024,-0.0007897103095453415,0.4005619209975775,0.007128471840490472,-0.0051562573410544234,0.004424471054078232,0.9999515098020222,-0.013051588561132818,-0.006314925882388011,0.00013272665007906532,-0.6149273452547848,0.5512678597922804,-0.06116280048363276,15289.04320158501,14429.843201585009,15289.04320158501,12711.443201585007
12.854166666666666,0.0,0.0,0.4,-0.004309561682834058,-0.0009568517027344087,0.40056499044418836,0.004638016100480519,-0.0031709485773427568,-0.0008814132625543015,0.9999838283704553,-0.01487036728628176,-0.008918163330749195,0.00016221077385758363,0.011429933992800054,-0.04851822003285135,-0.8076935901848464,15291.28813096826,12713.688130968258,15291.28813096826,14432.088130968259
12.875,0.0,0.0,0.4,-0.004636509911449011,-0.0011672778243135805,0.40056653742314374,0.00785725915964083,-0.006425869441361556,-0.004531893562179747,0.9999382149018817,-0.016347264586484878,-0.010977194091810702,1.3914545469796945e-05,0.5068369187199118,-0.488218818553814,-0.04645182889241728,13520.263356044416,14712.145242532599,13626.025179913333,15870.943293425149
12.895833333333334,0.0,0.0,0.4,-0.0050101262589219075,-0.0014361492449445283,0.400567021195781,0.008822408069436929,-0.0071769119599022595,-0.00020830863491598796,0.9999353047363059,-0.0191487730927294,-0.014361995124738965,2.453791714263595e-05,-0.19073267515833964,0.1966080531242246,0.7226459979520963,13573.004615103808,16150.60461510381,13573.004615103808,14432.204615103808
12.916666666666666,0.0,0.0,0.4,-0.00544344938187205,-0.0017782651971393873,0.4005671519849804,0.003077399689757992,-0.0011969098863678456,0.002661120335699329,0.9999910076877853,-0.0216771592202864,-0.017586881727234025,1.7899299482924578e-08,-0.7978366250662055,0.8190052691724825,-0.020663657465716162,15289.95415848416,14430.75415848416,15289.95415848416,12712.354158484159
12.9375,0.0,0.0,0.4,-0.005899279983431643,-0.002158699698792286,0.4005686781832413,-0.0013318138191533689,0.0035504627761303582,-0.0022322124180570863,0.9999903188100109,-0.021653487162050147,-0.018363708705395537,0.00012365852605413112,-0.17834203834888607,0.21081724529625662,-0.7676534062603095,15293.858427884123,12716.258427884124,15293.858427884123,14434.658427884122
12.958333333333334,0.0,0.0,0.4,-0.006332741730395219,-0.0025351750118399225,0.4005728616378248,0.0011630298226579575,0.0014192563870524917,-0.005439426638897366,0.9999835227196393,-0.020239203524796676,-0.01789472787790822,0.00025224304004397446,0.5133394239835354,-0.48508599059541313,-0.0026368313194193582,13575.673064456474,14434.873064456475,13575.673064456474,16153.273064456476
12.979166666666666,0.0,0.0,0.4,-0.0067471878070258975,-0.0029141356332616527,0.40057876417204774,0.0022453921145390546,0.0007463843791360424,-0.000647339033670993,0.9999969910338661,-0.01981846935517382,-0.01856207647887716,0.0003038901750082147,-0.17103394690995055,0.21107978754269696,0.7681379393202455,13572.832015762418,16150.43201576242,13572.832015762418,14432.03201576242
13.0,0.0,0.0,0.4,-0.007154006565230758,-0.003310183568785039,0.4005852247604813,-0.0033935906995257157,0.006779947107081191,0.002698197095640609,0.9999676172715907,-0.01910820904417441,-0.019106274946581847,0.00031389184316083906,-0.7900503530392587,0.8209982401363823,0.026339046358934748,15291.685824892014,14428.7883704333,15287.9883704333,12714.085824892012
13.020833333333334,0.0,0.0,0.4,-0.007515710433797631,-0.0036891361902822435,0.40059219207263913,-0.007761972698861431,0.0115164727681845,-0.0017216378026356505,0.9999020745043379,-0.015835527111701074,-0.0172368180873781,0.0003394880317363998,-0.18258422034927177,0.20320998115958006,-0.7224453137397199,15291.550604543409,12713.95060454341,15291.550604543409,14432.350604543408
13.041666666666666,0.0,0.0,0.4,-0.007787321919817163,-0.004009420587720642,0.400598832832289,-0.005211988237979112,0.009389218490501124,-0.00446766432184203,0.9999323565773097,-0.011169167205405537,-0.01415506132077542,0.00030520506481601347,0.5221579415549361,-0.48176117059720996,0.03999386034518007,13572.408640811736,14431.608640811737,13572.408640811736,16150.008640811739
13.0625,0.0,0.0,0.4,-0.007972223276135813,-0.004278190072635573,0.40060459036422713,-0.003988360940229541,0.008355442055196803,0.0007805793822389059,0.9999568341988072,-0.007511707255552592,-0.012245091520693368,0.00026189981441341226,-0.1477347647794263,0.15620572714078282,0.8119868319006518,13615.855392253427,16105.973542097145,13528.373542097146,14475.055392253427
13.083333333333334,0.0,0.0,0.4,-0.008085324724051936,-0.004510848545796108,0.40060784943882366,-0.009669702426492304,0.010512719287378878,0.004546545549559993,0.9998876479443747,-0.003940553999446733,-0.010248116868444485,8.235218469708052e-05,-0.8064722789810648,0.2396103744705652,0.06809330596546997,15631.403671563043,14090.45976348346,14949.659763483462,13053.803671563044
13.104166666666666,0.0,0.0,0.4,-0.008114382001935065,-0.0046730992496689765,0.4006094735051054,-0.014253946595537562,0.00918669245735543,0.0005338679738152385,0.9998560619774889,0.00033436448503421567,-0.005796036863714221,6.681336372121242e-05,-0.20309914909236093,-0.38434287703832803,-0.6754350864040175,15292.118529782878,12714.51852978288,15292.118529782878,14432.91852978288
13.125,0.0,0.0,0.4,-0.008061851138651936,-0.004721780565571142,0.4006077420813299,-0.01221212732419293,0.0055129544745076775,-0.0018939954604869477,0.999908437838373,0.0037768150636565863,-3.300116106159652e-05,-0.00017955573502852968,0.45778643349245784,-0.338481353360271,0.06845401017294009,13100.581636184561,14903.47713912265,14044.277139122649,15678.18163618456
13.145833333333334,0.0,0.0,0.4,-0.0079547287121694,-0.004661137516349036,0.40060293391402224,-0.009475971582464045,0.006251131119975691,0.0034762993596975226,0.9999295198487996,0.0059738347909834445,0.004669415292879687,-0.0002593409235840078,0.13522433200528702,0.3512341754803917,0.81070906430369,13346.19929228121,15908.448421061297,13821.16568639467,14665.014815174756
13.166666666666666,0.0,0.0,0.4,-0.007798873270186584,-0.004514419020281232,0.40059889220667133,-0.012332294691144469,0.005437971747893853,0.0072302565845568,0.999883026338902,0.008557365007670934,0.008667139501341913,-0.00015219571554450946,-0.5409719037785611,-0.3623659643087507,0.0651924512025489,16142.615882042854,13565.015882042851,14448.27124010701,13589.071240107012
13.1875,0.0,0.0,0.4,-0.007594898508594491,-0.004270292309354685,0.4005938653931817,-0.014000117613182868,0.0009925214955664255,0.00310966370838506,0.9998966654607458,0.010390129174100619,0.013949040685679353,-0.0003037174838572859,0.09628560962869653,-0.4820448262781305,-0.6906831030868564,14960.76798369778,13047.138550228196,15624.738550228194,14101.56798369778
13.208333333333334,0.0,0.0,0.4,-0.007374032371240509,-0.003909972671157936,0.40058827957048676,-0.009178273843172473,-1.9902715677121105e-05,0.000450039223674955,0.9999577772875407,0.010584864482465184,0.0193666570008162,-0.00024001050538954234,0.7080703310445177,0.15335513600767317,0.03823880730590776,12716.555046179143,15294.155046179145,14434.955046179144,15294.155046179145
13.229166666666666,0.0,0.0,0.4,-0.007152660794084964,-0.0034609889276653455,0.4005813415668377,-0.005972990841708572,0.0032045147231478436,0.005192452627133724,0.9999635457862996,0.01078349171514107,0.022719546803868573,-0.0003903035463233443,0.04066350260772336,0.4176779476526683,0.7300299067043889,13936.130672452487,15794.402695179357,13363.860042267072,14648.273325364771
13.25,0.0,0.0,0.4,-0.0069119407182939106,-0.002956151138007888,0.4005753211912548,-0.009363190170307591,0.0031548294433284122,0.00806764846779209,0.9999186420750531,0.012182028739310746,0.02532296266031952,-0.0002232730915407909,-0.5666926196694244,-0.28835843099262926,-0.023436267071628936,16103.371219175202,13525.771219175203,14491.633236247817,13632.433236247816
13.270833333333334,0.0,0.0,0.4,-0.006644385951054068,-0.0023802837671158612,0.4005704054229991,-0.011374285993795934,-0.002241242179159236,0.0031089480829176773,0.9999279658522625,0.013055609512389686,0.02940095057872861,-0.0002476956609458009,0.0605961567312506,-0.6837975364330683,-0.7662156188566793,15146.669292496703,12862.996886554338,15440.596886554336,14287.469292496702
13.291666666666666,0.0,0.0,0.4,-0.006385209148078855,-0.0017115308166639645,0.40056595265701134,-0.006976523795941774,-0.00537540188511871,-0.00032728463890292726,0.9999611622733471,0.01175736250298098,0.03376358549802051,-0.00018985680089164916,0.6663832153333867,-0.05232511737838774,-0.029355943461721573,12715.616052165326,15293.216052165324,14434.016052165323,15293.216052165324
13.3125,0.0,0.0,0.4,-0.006166530575409489,-0.000973740476715287,0.4005634571907341,-0.004398823028412837,-0.0015468874339001006,0.004068524135333534,0.9999808521199752,0.009745441312321189,0.03625398205321284,-6.893028255545503e-05,-0.03636829012834328,0.6491175244630962,0.723072821560542,13576.134190855537,16153.734190855539,13576.134190855537,14435.334190855538
13.333333333333334,0.0,0.0,0.4,-0.005970704099064437,-0.00019621440385044582,0.40056126939941156,-0.004999311053169396,0.0010710712137503996,0.006915744884785835,0.9999630154001383,0.00942218508243428,0.03805916769293323,-0.00012881591338900758,-0.07386380419341684,-0.012355500848902634,-0.02803372499715287,15727.335431970856,13149.735431970854,14860.470044495403,14001.270044495406
13.354166666666666,0.0,0.0,0.4,-0.00577055097867852,0.0006207769841592367,0.4005601162124526,-0.0019193929924698563,-0.0028929653834187004,0.001982506939060251,0.9999920081420988,0.00962061949979933,0.039922472973505416,-5.7497841347823965e-06,0.5444221838489152,-0.6277021106263373,-0.7675408607760354,15294.004308832973,12716.40430883297,15294.004308832973,14434.804308832972
13.375,0.0,0.0,0.4,-0.005585821222353948,0.001460426676861497,0.4005595958487648,0.0022337804700091634,-0.005271815878389473,-0.0013000077988760085,0.9999827639323985,0.00812282756998103,0.040291407034179015,-3.8902706199672445e-05,0.3045792761169864,0.03725441752668365,-0.009868698645189772,13273.122467235517,15850.722467235515,13878.532504495768,14737.732504495769
13.395833333333334,0.0,0.0,0.4,-0.005442015088220574,0.0022884120969403968,0.4005611765185815,0.001047194187914017,-0.0005614801471456776,0.0033631559553592297,0.9999936386329651,0.006228973594992872,0.039323147864976704,0.0001533698379043255,-0.3966733179476477,0.7252576752257531,0.754511610077095,13578.137227799732,16155.737227799735,13578.137227799732,14437.337227799733
13.416666666666666,0.0,0.0,0.4,-0.0053138908485320215,0.003101966132728213,0.4005657226247765,0.0007932600716575777,0.00318705271174288,0.006552985829721087,0.9999731355442439,0.00640541312679763,0.03898900332413546,0.0002614848394062948,0.22150901256018818,0.11690643645686537,0.007024061933906867,15293.212440846622,12715.612440846624,15293.212440846622,14434.012440846622
13.4375,0.0,0.0,0.4,-0.005165101598330177,0.0039077649136759224,0.40057168464689263,0.006948360731128469,0.000564580123797235,0.0019630021580110553,0.9999737737335722,0.007595289493294404,0.038239929154828524,0.00030194529922761434,0.8361057150485965,-0.4906179812987242,-0.7435306764949015,15290.948754282887,12713.348754282884,15290.948754282887,14431.748754282886
13.458333333333334,0.0,0.0,0.4,-0.005004323127406569,0.004667069871519637,0.4005789870407994,0.011311748033352796,-0.0003394237496384749,-0.0009064002549083864,0.9999355517164724,0.007631111641856016,0.034895465110197,0.0003773585669649252,0.14193412034664996,0.18674427266038082,0.03626335424511409,13574.616753063547,16152.216753063545,13574.616753063547,14433.816753063547
13.479166666666666,0.0,0.0,0.4,-0.004846162087413801,0.005336892868237389,0.40058524534993944,0.008645080326780371,0.002666994947416408,0.0041994965363151,0.999950255739222,0.007702179264559697,0.0303551185567186,0.0002497445389375247,-0.520750774984364,0.3459525314260343,0.7986623005199144,13912.259750690973,15813.884406069385,13236.284406069386,14771.459750690974
13.5,0.0,0.0,0.4,-0.004672014773447855,0.005925436870597708,0.4005912885549658,0.007059078100263447,0.0025758929889790638,0.007767668317603439,0.9999415970548438,0.008896669415611345,0.027039739919199786,0.0003195729095039852,0.09625741876852234,-0.2501667237059413,0.039733054942424545,15292.88682397427,12715.286823974267,15292.88682397427,14433.686823974269
13.520833333333334,0.0,0.0,0.4,-0.004474929640675804,0.0064508824837166395,0.4005967811617238,0.011971551103353618,-0.002095752192881781,0.00349340163021896,0.9999200397691687,0.009637863700454668,0.023847452457552386,0.0002244810580460245,0.7260438819110118,-0.5701258725652627,-0.7167671358449781,15109.863549669724,12894.835768724584,15472.435768724583,14250.663549669727
13.541666666666666,0.0,0.0,0.4,-0.0042853626292871485,0.006885223622083671,0.40060210853009276,0.015138094302492721,-0.0038994562136970205,0.000927558842063638,0.9998773784703406,0.008523567655586171,0.018558619216921996,0.0002680525872362704,0.02523681342754283,0.09814005565153355,0.0652621766118753,13575.041186862229,16152.64118686223,13575.041186862229,14434.24118686223
13.5625,0.0,0.0,0.4,-0.004125904632614817,0.007195822199773426,0.40060508541215906,0.011083724419000901,0.0012850232051769843,0.005780226682275881,0.9999210412566921,0.0072457340141274685,0.012578898742026263,6.343622553315971e-05,-0.6701551366457882,0.7501659238591785,0.7431401313262367,13698.2646641719,16026.636022561892,13685.694189416256,14320.806497317539
13.583333333333334,0.0,0.0,0.4,-0.003966730601837005,0.007402274795089239,0.4006072908213964,0.007990213982341973,0.005446444177653403,0.008715460618304003,0.9999152631461062,0.008234033227138612,0.008406999760365559,0.00013837117610937806,-0.05169246542998501,0.15799615937534184,-0.017963806898313533,15293.642386357395,12716.042386357396,15293.642386357395,14434.442386357394
13.604166666666666,0.0,0.0,0.4,-0.0037678478872698244,0.007535646650083047,0.400610309195773,0.011307941835303358,0.0033195335301507917,0.0038067622364101566,0.9999233069140188,0.010407554077723138,0.0049883624658972215,0.0001480436828535722,0.5623027280164694,-0.435811102770542,-0.779204358177561,15291.089639171227,12713.489639171228,15291.089639171227,14431.889639171226
13.625,0.0,0.0,0.4,-0.0035349012943245283,0.007581343545833665,0.40061142889180207,0.012981095629989163,0.0006828827023165138,0.000561839724639201,0.9999153509990651,0.011495812283048586,0.00012422907446914028,-1.281921343272405e-05,-0.10726130549713958,-0.12363078550752757,-0.0061677236419238335,13807.913989568035,15914.652229928954,13337.052229928955,14667.113989568035
13.645833333333334,0.0,0.0,0.4,-0.003291067224879567,0.00751951916291547,0.4006112660620544,0.007551389991655964,0.0033726511092800173,0.0053591505076773455,0.9999514394406985,0.011882495089089522,-0.0048498679939305645,-2.9945993415957337e-07,-0.79820325493801,0.5014264697730383,0.7767647956817294,13602.524144890765,16123.772699247835,13546.172699247836,14461.724144890766
13.666666666666666,0.0,0.0,0.4,-0.003025711949794667,0.007381612935015096,0.40061189281369397,0.0030836734368202235,0.0049036517558149455,0.008678715775807339,0.9999455610432377,0.013493140925619885,-0.007448513301239127,5.351424732014644e-05,-0.18155576857833258,-0.0970496435620419,0.018678288039955304,15292.104531348108,12714.50453134811,15292.104531348108,14432.904531348107
13.6875,0.0,0.0,0.4,-0.002721209913845905,0.007210312220798238,0.40061336371922146,0.005019849826356975,0.00011759190420583585,0.004182455222456386,0.999978646946112,0.015206901354009771,-0.008741092812969323,8.325049138423483e-05,0.43323076853302633,-0.6974539749943526,-0.7346589142989156,15290.786415433104,12713.186415433105,15290.786415433104,14431.586415433103
13.708333333333334,0.0,0.0,0.4,-0.0024048979482787164,0.007002640707868366,0.40061574887035156,0.005151875867991997,-0.0029179899762925327,0.001390688595473374,0.9999815045763444,0.014883922078072688,-0.010912460779383633,0.00013369243374626778,-0.26530819724694577,-0.01740960770241823,0.03939255454243773,13573.16695790756,16150.76695790756,13573.16695790756,14432.366957907558
13.729166666666666,0.0,0.0,0.4,-0.0021084626394006147,0.006750702974216473,0.40061555952220046,0.0005203395163629653,0.0010365992697008329,0.006136363914959074,0.9999804996831914,0.013895350299485553,-0.012679008221952087,-0.00010208148025334256,-0.5683609220173322,0.639473851952224,0.7329834183762489,13394.386563675267,15811.3916888042,13911.920063976602,14610.525189105534
13.75,0.0,0.0,0.4,-0.0018128482053798027,0.006484777345411838,0.40061498078017216,-0.0015113973603035485,0.003915059904176686,0.0090938886050478,0.9999498433291567,0.014644863673722879,-0.012603340204759438,2.0876187560000393e-05,0.051624462581690816,0.032699723169418146,-0.01494777358690022,15293.774164242885,12716.174164242886,15293.774164242885,14434.574164242884
13.770833333333334,0.0,0.0,0.4,-0.0014891597444274414,0.006228726020000839,0.40061595579497133,0.0028749070119090062,0.00043014153897999344,0.00427757430280723,0.9999866260335751,0.01604727710345894,-0.012217447015046764,6.483373105557826e-05,0.6681800097559601,-0.5749118743818838,-0.762696569975094,15291.071629820337,12713.471629820338,15291.071629820337,14431.871629820336
13.791666666666666,0.0,0.0,0.4,-0.0011533610870645993,0.005958787213826943,0.40061801029683736,0.005462287113288878,-0.001320868156930431,0.0011695453332683848,0.999983525309551,0.015953321637717312,-0.013709966838290984,0.00011932516822629443,-0.029510293370076796,0.10671342480695142,0.01030262124735179,13573.092417129752,16150.692417129754,13573.092417129752,14432.292417129753
13.8125,0.0,0.0,0.4,-0.000827012193651448,0.0056469645411792065,0.40061879592327754,0.0009901687059466337,0.0011879298432593399,0.0060183346989012175,0.9999806938316725,0.015571487582721498,-0.015675561499821335,-1.5308677087827266e-05,-0.697247998010381,0.3241177884071014,0.7703746653964588,13875.973154891515,15846.304151565197,13268.704151565198,14735.173154891516
13.833333333333334,0.0,0.0,0.4,-0.0004968307398719596,0.00531669915836842,0.4006194893608467,-0.0024001614071820373,0.0007942874908513794,0.009360942266172833,0.999952989441249,0.016114062441364593,-0.015680020561711007,6.561201349402153e-05,-0.0753729634882117,-0.28240240198246663,0.02325707904039792,15292.250073778643,12714.650073778645,15292.250073778643,14433.050073778642
13.854166666666666,0.0,0.0,0.4,-0.00015931383483368242,0.005001413312435212,0.40062059707933956,0.0006896195292229654,-0.005006528506523455,0.004928736175282148,0.9999750830180384,0.0160217376860502,-0.014833745056159437,4.496324252016308e-05,0.5528075333307207,-0.7378818082068883,-0.721497576201841,15191.240847174206,12813.752286816623,15391.352286816622,14332.040847174205
13.875,0.0,0.0,0.4,0.00014758844940707472,0.004688456975142706,0.40062263372417917,0.001991190311310913,-0.008423160476603311,0.0021731785931850497,0.9999601806189743,0.013568458902124108,-0.015337061218883547,0.00012904751292650848,-0.15506562517093736,-0.05280671413260482,0.03980716418660732,13574.49308904591,16152.093089045913,13574.49308904591,14433.693089045912
13.895833333333334,0.0,0.0,0.4,0.0003884506688109598,0.004360862373037011,0.4006231032212267,-0.003955139439965029,-0.004717193272577967,0.006591811063949206,0.9999593256660676,0.010309383643461767,-0.01577807640011792,-4.674796789823362e-05,-0.856309923021665,0.623780785016678,0.672648739021257,13714.71212658245,16009.58718000814,13714.71212658245,14291.187180008139
13.916666666666666,0.0,0.0,0.4,0.0005797859623611263,0.004054054692248356,0.4006234903538121,-0.008910010512328712,-0.0020347571864643955,0.009037662902967836,0.9999173926505702,0.008680884365171037,-0.013649513789625123,6.0405115616654205e-05,-0.22663491545887482,0.009294586883435346,-0.06157450091696137,15293.815352503872,12716.215352503874,15293.815352503872,14434.615352503872
13.9375,0.0,0.0,0.4,0.000748506067247028,0.0038146926647916776,0.40062496180092233,-0.007398164817060885,-0.005757326150398534,0.003790489346244068,0.9999488749648422,0.007613840806208875,-0.010027127725428424,7.651712858198277e-05,0.39875608267915386,-0.6088149451536295,-0.7917812574365803,15291.123298033366,12713.523298033368,15291.123298033366,14431.923298033365
13.958333333333334,0.0,0.0,0.4,0.000876827037517199,0.0036426669838578343,0.4006247539287591,-0.004843298869806782,-0.007871504104606183,0.00018620929589726012,0.999957272689832,0.004963993518443396,-0.00725670028907888,-6.801722403536884e-05,0.14850711059382415,0.06456229964387489,-0.04349993470051905,13272.952994995783,15850.552994995782,13872.838535496514,14732.038535496515
13.979166666666666,0.0,0.0,0.4,0.0009416995195408103,0.0035172350981388283,0.40062436331646084,-0.007674418465774856,-0.002856774986407881,0.00446488951188199,0.9999565025037519,0.002035369791833723,-0.005162625738822566,1.587276938266817e-05,-0.5580579065178548,0.7610201185149846,0.7067890595270205,13575.024962745523,16152.624962745525,13575.024962745523,14434.224962745524
